unit_id,treatment,exposed,exposure_count,converted,data_source,scenario
SYN-000001,control,1,1,0,synthetic,near_null_effect
SYN-000002,control,1,1,0,synthetic,near_null_effect
SYN-000003,control,1,1,0,synthetic,near_null_effect
SYN-000004,treatment,1,1,0,synthetic,near_null_effect
SYN-000005,treatment,1,1,0,synthetic,near_null_effect
SYN-000006,control,1,1,0,synthetic,near_null_effect
SYN-000007,treatment,1,1,0,synthetic,near_null_effect
SYN-000008,treatment,1,1,0,synthetic,near_null_effect
SYN-000009,control,1,1,1,synthetic,near_null_effect
SYN-000010,control,1,1,0,synthetic,near_null_effect
SYN-000011,treatment,1,1,0,synthetic,near_null_effect
SYN-000012,treatment,1,1,0,synthetic,near_null_effect
SYN-000013,treatment,1,1,0,synthetic,near_null_effect
SYN-000014,treatment,1,1,0,synthetic,near_null_effect
SYN-000015,treatment,1,1,0,synthetic,near_null_effect
SYN-000016,control,1,1,0,synthetic,near_null_effect
SYN-000017,treatment,1,1,0,synthetic,near_null_effect
SYN-000018,control,1,1,0,synthetic,near_null_effect
SYN-000019,treatment,1,1,0,synthetic,near_null_effect
SYN-000020,treatment,1,1,1,synthetic,near_null_effect
SYN-000021,treatment,1,1,0,synthetic,near_null_effect
SYN-000022,control,1,1,0,synthetic,near_null_effect
SYN-000023,control,1,1,0,synthetic,near_null_effect
SYN-000024,control,1,1,0,synthetic,near_null_effect
SYN-000025,treatment,1,1,0,synthetic,near_null_effect
SYN-000026,treatment,1,1,0,synthetic,near_null_effect
SYN-000027,treatment,1,1,0,synthetic,near_null_effect
SYN-000028,control,1,1,0,synthetic,near_null_effect
SYN-000029,treatment,1,1,0,synthetic,near_null_effect
SYN-000030,treatment,1,1,0,synthetic,near_null_effect
SYN-000031,control,1,1,0,synthetic,near_null_effect
SYN-000032,treatment,1,1,0,synthetic,near_null_effect
SYN-000033,control,1,1,1,synthetic,near_null_effect
SYN-000034,treatment,1,1,0,synthetic,near_null_effect
SYN-000035,treatment,1,1,0,synthetic,near_null_effect
SYN-000036,control,1,1,0,synthetic,near_null_effect
SYN-000037,treatment,1,1,0,synthetic,near_null_effect
SYN-000038,control,1,1,1,synthetic,near_null_effect
SYN-000039,treatment,1,1,0,synthetic,near_null_effect
SYN-000040,treatment,1,1,0,synthetic,near_null_effect
SYN-000041,treatment,1,1,0,synthetic,near_null_effect
SYN-000042,treatment,1,1,0,synthetic,near_null_effect
SYN-000043,treatment,1,1,0,synthetic,near_null_effect
SYN-000044,treatment,1,1,0,synthetic,near_null_effect
SYN-000045,treatment,1,1,0,synthetic,near_null_effect
SYN-000046,treatment,1,1,1,synthetic,near_null_effect
SYN-000047,control,1,1,0,synthetic,near_null_effect
SYN-000048,treatment,1,1,0,synthetic,near_null_effect
SYN-000049,control,1,1,0,synthetic,near_null_effect
SYN-000050,control,1,1,0,synthetic,near_null_effect
SYN-000051,control,1,1,0,synthetic,near_null_effect
SYN-000052,control,1,1,0,synthetic,near_null_effect
SYN-000053,treatment,1,1,0,synthetic,near_null_effect
SYN-000054,control,1,1,0,synthetic,near_null_effect
SYN-000055,control,1,1,0,synthetic,near_null_effect
SYN-000056,control,1,1,1,synthetic,near_null_effect
SYN-000057,control,1,1,0,synthetic,near_null_effect
SYN-000058,control,1,1,0,synthetic,near_null_effect
SYN-000059,treatment,1,1,0,synthetic,near_null_effect
SYN-000060,control,1,1,0,synthetic,near_null_effect
SYN-000061,treatment,1,1,0,synthetic,near_null_effect
SYN-000062,control,1,1,0,synthetic,near_null_effect
SYN-000063,treatment,1,1,0,synthetic,near_null_effect
SYN-000064,control,1,1,0,synthetic,near_null_effect
SYN-000065,treatment,1,1,0,synthetic,near_null_effect
SYN-000066,treatment,1,1,0,synthetic,near_null_effect
SYN-000067,treatment,1,1,0,synthetic,near_null_effect
SYN-000068,treatment,1,1,1,synthetic,near_null_effect
SYN-000069,control,1,1,0,synthetic,near_null_effect
SYN-000070,control,1,1,0,synthetic,near_null_effect
SYN-000071,control,1,1,0,synthetic,near_null_effect
SYN-000072,treatment,1,1,0,synthetic,near_null_effect
SYN-000073,treatment,1,1,0,synthetic,near_null_effect
SYN-000074,treatment,1,1,0,synthetic,near_null_effect
SYN-000075,treatment,1,1,1,synthetic,near_null_effect
SYN-000076,control,1,1,0,synthetic,near_null_effect
SYN-000077,treatment,1,1,0,synthetic,near_null_effect
SYN-000078,control,1,1,0,synthetic,near_null_effect
SYN-000079,treatment,1,1,0,synthetic,near_null_effect
SYN-000080,treatment,1,1,0,synthetic,near_null_effect
SYN-000081,control,1,1,0,synthetic,near_null_effect
SYN-000082,control,1,1,0,synthetic,near_null_effect
SYN-000083,treatment,1,1,0,synthetic,near_null_effect
SYN-000084,treatment,1,1,0,synthetic,near_null_effect
SYN-000085,treatment,1,1,1,synthetic,near_null_effect
SYN-000086,treatment,1,1,0,synthetic,near_null_effect
SYN-000087,control,1,1,0,synthetic,near_null_effect
SYN-000088,treatment,1,1,0,synthetic,near_null_effect
SYN-000089,treatment,1,1,0,synthetic,near_null_effect
SYN-000090,treatment,1,1,0,synthetic,near_null_effect
SYN-000091,treatment,1,1,0,synthetic,near_null_effect
SYN-000092,control,1,1,0,synthetic,near_null_effect
SYN-000093,treatment,1,1,1,synthetic,near_null_effect
SYN-000094,control,1,1,0,synthetic,near_null_effect
SYN-000095,treatment,1,1,0,synthetic,near_null_effect
SYN-000096,treatment,1,1,0,synthetic,near_null_effect
SYN-000097,control,1,1,0,synthetic,near_null_effect
SYN-000098,treatment,1,1,0,synthetic,near_null_effect
SYN-000099,treatment,1,1,0,synthetic,near_null_effect
SYN-000100,control,1,1,0,synthetic,near_null_effect
SYN-000101,treatment,1,1,0,synthetic,near_null_effect
SYN-000102,control,1,1,0,synthetic,near_null_effect
SYN-000103,treatment,1,1,0,synthetic,near_null_effect
SYN-000104,control,1,1,0,synthetic,near_null_effect
SYN-000105,treatment,1,1,1,synthetic,near_null_effect
SYN-000106,control,1,1,0,synthetic,near_null_effect
SYN-000107,control,1,1,0,synthetic,near_null_effect
SYN-000108,treatment,1,1,0,synthetic,near_null_effect
SYN-000109,treatment,1,1,1,synthetic,near_null_effect
SYN-000110,control,1,1,0,synthetic,near_null_effect
SYN-000111,control,1,1,0,synthetic,near_null_effect
SYN-000112,treatment,1,1,0,synthetic,near_null_effect
SYN-000113,treatment,1,1,0,synthetic,near_null_effect
SYN-000114,control,1,1,0,synthetic,near_null_effect
SYN-000115,treatment,1,1,0,synthetic,near_null_effect
SYN-000116,control,1,1,0,synthetic,near_null_effect
SYN-000117,control,1,1,0,synthetic,near_null_effect
SYN-000118,treatment,1,1,0,synthetic,near_null_effect
SYN-000119,control,1,1,0,synthetic,near_null_effect
SYN-000120,treatment,1,1,0,synthetic,near_null_effect
SYN-000121,control,1,1,0,synthetic,near_null_effect
SYN-000122,control,1,1,0,synthetic,near_null_effect
SYN-000123,control,1,1,0,synthetic,near_null_effect
SYN-000124,treatment,1,1,0,synthetic,near_null_effect
SYN-000125,treatment,1,1,0,synthetic,near_null_effect
SYN-000126,treatment,1,1,0,synthetic,near_null_effect
SYN-000127,control,1,1,0,synthetic,near_null_effect
SYN-000128,control,1,1,0,synthetic,near_null_effect
SYN-000129,control,1,1,0,synthetic,near_null_effect
SYN-000130,treatment,1,1,0,synthetic,near_null_effect
SYN-000131,control,1,1,0,synthetic,near_null_effect
SYN-000132,treatment,1,1,0,synthetic,near_null_effect
SYN-000133,treatment,1,1,0,synthetic,near_null_effect
SYN-000134,control,1,1,0,synthetic,near_null_effect
SYN-000135,treatment,1,1,0,synthetic,near_null_effect
SYN-000136,control,1,1,0,synthetic,near_null_effect
SYN-000137,treatment,1,1,0,synthetic,near_null_effect
SYN-000138,treatment,1,1,0,synthetic,near_null_effect
SYN-000139,control,1,1,0,synthetic,near_null_effect
SYN-000140,control,1,1,0,synthetic,near_null_effect
SYN-000141,control,1,1,0,synthetic,near_null_effect
SYN-000142,control,1,1,0,synthetic,near_null_effect
SYN-000143,control,1,1,0,synthetic,near_null_effect
SYN-000144,treatment,1,1,0,synthetic,near_null_effect
SYN-000145,treatment,1,1,0,synthetic,near_null_effect
SYN-000146,treatment,1,1,0,synthetic,near_null_effect
SYN-000147,control,1,1,0,synthetic,near_null_effect
SYN-000148,control,1,1,0,synthetic,near_null_effect
SYN-000149,control,1,1,0,synthetic,near_null_effect
SYN-000150,treatment,1,1,0,synthetic,near_null_effect
SYN-000151,control,1,1,0,synthetic,near_null_effect
SYN-000152,treatment,1,1,0,synthetic,near_null_effect
SYN-000153,treatment,1,1,0,synthetic,near_null_effect
SYN-000154,control,1,1,0,synthetic,near_null_effect
SYN-000155,treatment,1,1,0,synthetic,near_null_effect
SYN-000156,treatment,1,1,1,synthetic,near_null_effect
SYN-000157,treatment,1,1,0,synthetic,near_null_effect
SYN-000158,treatment,1,1,0,synthetic,near_null_effect
SYN-000159,treatment,1,1,0,synthetic,near_null_effect
SYN-000160,treatment,1,1,0,synthetic,near_null_effect
SYN-000161,control,1,1,0,synthetic,near_null_effect
SYN-000162,treatment,1,1,0,synthetic,near_null_effect
SYN-000163,control,1,1,0,synthetic,near_null_effect
SYN-000164,control,1,1,0,synthetic,near_null_effect
SYN-000165,treatment,1,1,0,synthetic,near_null_effect
SYN-000166,treatment,1,1,0,synthetic,near_null_effect
SYN-000167,control,1,1,1,synthetic,near_null_effect
SYN-000168,treatment,1,1,0,synthetic,near_null_effect
SYN-000169,treatment,1,1,0,synthetic,near_null_effect
SYN-000170,treatment,1,1,0,synthetic,near_null_effect
SYN-000171,control,1,1,0,synthetic,near_null_effect
SYN-000172,treatment,1,1,0,synthetic,near_null_effect
SYN-000173,control,1,1,0,synthetic,near_null_effect
SYN-000174,control,1,1,0,synthetic,near_null_effect
SYN-000175,treatment,1,1,0,synthetic,near_null_effect
SYN-000176,treatment,1,1,0,synthetic,near_null_effect
SYN-000177,control,1,1,0,synthetic,near_null_effect
SYN-000178,treatment,1,1,0,synthetic,near_null_effect
SYN-000179,treatment,1,1,0,synthetic,near_null_effect
SYN-000180,control,1,1,0,synthetic,near_null_effect
SYN-000181,control,1,1,1,synthetic,near_null_effect
SYN-000182,treatment,1,1,0,synthetic,near_null_effect
SYN-000183,treatment,1,1,0,synthetic,near_null_effect
SYN-000184,control,1,1,0,synthetic,near_null_effect
SYN-000185,control,1,1,0,synthetic,near_null_effect
SYN-000186,treatment,1,1,0,synthetic,near_null_effect
SYN-000187,treatment,1,1,0,synthetic,near_null_effect
SYN-000188,treatment,1,1,0,synthetic,near_null_effect
SYN-000189,control,1,1,0,synthetic,near_null_effect
SYN-000190,control,1,1,1,synthetic,near_null_effect
SYN-000191,control,1,1,0,synthetic,near_null_effect
SYN-000192,control,1,1,0,synthetic,near_null_effect
SYN-000193,treatment,1,1,0,synthetic,near_null_effect
SYN-000194,treatment,1,1,0,synthetic,near_null_effect
SYN-000195,treatment,1,1,1,synthetic,near_null_effect
SYN-000196,treatment,1,1,0,synthetic,near_null_effect
SYN-000197,treatment,1,1,0,synthetic,near_null_effect
SYN-000198,treatment,1,1,0,synthetic,near_null_effect
SYN-000199,control,1,1,0,synthetic,near_null_effect
SYN-000200,treatment,1,1,0,synthetic,near_null_effect
SYN-000201,treatment,1,1,0,synthetic,near_null_effect
SYN-000202,treatment,1,1,1,synthetic,near_null_effect
SYN-000203,control,1,1,0,synthetic,near_null_effect
SYN-000204,treatment,1,1,0,synthetic,near_null_effect
SYN-000205,treatment,1,1,0,synthetic,near_null_effect
SYN-000206,control,1,1,0,synthetic,near_null_effect
SYN-000207,treatment,1,1,0,synthetic,near_null_effect
SYN-000208,control,1,1,0,synthetic,near_null_effect
SYN-000209,treatment,1,1,0,synthetic,near_null_effect
SYN-000210,treatment,1,1,0,synthetic,near_null_effect
SYN-000211,treatment,1,1,1,synthetic,near_null_effect
SYN-000212,treatment,1,1,1,synthetic,near_null_effect
SYN-000213,treatment,1,1,0,synthetic,near_null_effect
SYN-000214,control,1,1,0,synthetic,near_null_effect
SYN-000215,treatment,1,1,0,synthetic,near_null_effect
SYN-000216,control,1,1,1,synthetic,near_null_effect
SYN-000217,treatment,1,1,1,synthetic,near_null_effect
SYN-000218,treatment,1,1,0,synthetic,near_null_effect
SYN-000219,treatment,1,1,0,synthetic,near_null_effect
SYN-000220,treatment,1,1,0,synthetic,near_null_effect
SYN-000221,control,1,1,0,synthetic,near_null_effect
SYN-000222,treatment,1,1,0,synthetic,near_null_effect
SYN-000223,treatment,1,1,0,synthetic,near_null_effect
SYN-000224,treatment,1,1,0,synthetic,near_null_effect
SYN-000225,treatment,1,1,0,synthetic,near_null_effect
SYN-000226,treatment,1,1,0,synthetic,near_null_effect
SYN-000227,treatment,1,1,1,synthetic,near_null_effect
SYN-000228,treatment,1,1,0,synthetic,near_null_effect
SYN-000229,treatment,1,1,0,synthetic,near_null_effect
SYN-000230,treatment,1,1,1,synthetic,near_null_effect
SYN-000231,control,1,1,1,synthetic,near_null_effect
SYN-000232,control,1,1,0,synthetic,near_null_effect
SYN-000233,treatment,1,1,0,synthetic,near_null_effect
SYN-000234,treatment,1,1,0,synthetic,near_null_effect
SYN-000235,treatment,1,1,0,synthetic,near_null_effect
SYN-000236,control,1,1,0,synthetic,near_null_effect
SYN-000237,treatment,1,1,0,synthetic,near_null_effect
SYN-000238,treatment,1,1,0,synthetic,near_null_effect
SYN-000239,control,1,1,0,synthetic,near_null_effect
SYN-000240,treatment,1,1,0,synthetic,near_null_effect
SYN-000241,treatment,1,1,0,synthetic,near_null_effect
SYN-000242,control,1,1,0,synthetic,near_null_effect
SYN-000243,treatment,1,1,0,synthetic,near_null_effect
SYN-000244,control,1,1,0,synthetic,near_null_effect
SYN-000245,treatment,1,1,0,synthetic,near_null_effect
SYN-000246,control,1,1,0,synthetic,near_null_effect
SYN-000247,treatment,1,1,0,synthetic,near_null_effect
SYN-000248,control,1,1,0,synthetic,near_null_effect
SYN-000249,treatment,1,1,1,synthetic,near_null_effect
SYN-000250,treatment,1,1,0,synthetic,near_null_effect
SYN-000251,control,1,1,0,synthetic,near_null_effect
SYN-000252,control,1,1,0,synthetic,near_null_effect
SYN-000253,control,1,1,0,synthetic,near_null_effect
SYN-000254,control,1,1,0,synthetic,near_null_effect
SYN-000255,control,1,1,0,synthetic,near_null_effect
SYN-000256,treatment,1,1,1,synthetic,near_null_effect
SYN-000257,control,1,1,0,synthetic,near_null_effect
SYN-000258,control,1,1,0,synthetic,near_null_effect
SYN-000259,control,1,1,0,synthetic,near_null_effect
SYN-000260,control,1,1,0,synthetic,near_null_effect
SYN-000261,control,1,1,0,synthetic,near_null_effect
SYN-000262,treatment,1,1,0,synthetic,near_null_effect
SYN-000263,control,1,1,0,synthetic,near_null_effect
SYN-000264,treatment,1,1,0,synthetic,near_null_effect
SYN-000265,treatment,1,1,0,synthetic,near_null_effect
SYN-000266,control,1,1,0,synthetic,near_null_effect
SYN-000267,treatment,1,1,0,synthetic,near_null_effect
SYN-000268,control,1,1,0,synthetic,near_null_effect
SYN-000269,treatment,1,1,0,synthetic,near_null_effect
SYN-000270,treatment,1,1,0,synthetic,near_null_effect
SYN-000271,control,1,1,0,synthetic,near_null_effect
SYN-000272,treatment,1,1,0,synthetic,near_null_effect
SYN-000273,treatment,1,1,0,synthetic,near_null_effect
SYN-000274,control,1,1,0,synthetic,near_null_effect
SYN-000275,treatment,1,1,0,synthetic,near_null_effect
SYN-000276,treatment,1,1,1,synthetic,near_null_effect
SYN-000277,treatment,1,1,0,synthetic,near_null_effect
SYN-000278,treatment,1,1,0,synthetic,near_null_effect
SYN-000279,control,1,1,0,synthetic,near_null_effect
SYN-000280,treatment,1,1,0,synthetic,near_null_effect
SYN-000281,control,1,1,0,synthetic,near_null_effect
SYN-000282,control,1,1,0,synthetic,near_null_effect
SYN-000283,treatment,1,1,0,synthetic,near_null_effect
SYN-000284,treatment,1,1,0,synthetic,near_null_effect
SYN-000285,treatment,1,1,0,synthetic,near_null_effect
SYN-000286,treatment,1,1,0,synthetic,near_null_effect
SYN-000287,treatment,1,1,0,synthetic,near_null_effect
SYN-000288,treatment,1,1,0,synthetic,near_null_effect
SYN-000289,treatment,1,1,0,synthetic,near_null_effect
SYN-000290,control,1,1,0,synthetic,near_null_effect
SYN-000291,treatment,1,1,0,synthetic,near_null_effect
SYN-000292,control,1,1,0,synthetic,near_null_effect
SYN-000293,control,1,1,0,synthetic,near_null_effect
SYN-000294,control,1,1,0,synthetic,near_null_effect
SYN-000295,control,1,1,1,synthetic,near_null_effect
SYN-000296,control,1,1,0,synthetic,near_null_effect
SYN-000297,treatment,1,1,1,synthetic,near_null_effect
SYN-000298,control,1,1,0,synthetic,near_null_effect
SYN-000299,control,1,1,1,synthetic,near_null_effect
SYN-000300,control,1,1,0,synthetic,near_null_effect
SYN-000301,treatment,1,1,0,synthetic,near_null_effect
SYN-000302,treatment,1,1,1,synthetic,near_null_effect
SYN-000303,treatment,1,1,0,synthetic,near_null_effect
SYN-000304,control,1,1,0,synthetic,near_null_effect
SYN-000305,control,1,1,0,synthetic,near_null_effect
SYN-000306,control,1,1,1,synthetic,near_null_effect
SYN-000307,control,1,1,0,synthetic,near_null_effect
SYN-000308,treatment,1,1,0,synthetic,near_null_effect
SYN-000309,treatment,1,1,0,synthetic,near_null_effect
SYN-000310,treatment,1,1,0,synthetic,near_null_effect
SYN-000311,control,1,1,0,synthetic,near_null_effect
SYN-000312,treatment,1,1,0,synthetic,near_null_effect
SYN-000313,control,1,1,0,synthetic,near_null_effect
SYN-000314,control,1,1,0,synthetic,near_null_effect
SYN-000315,treatment,1,1,0,synthetic,near_null_effect
SYN-000316,treatment,1,1,1,synthetic,near_null_effect
SYN-000317,control,1,1,0,synthetic,near_null_effect
SYN-000318,treatment,1,1,0,synthetic,near_null_effect
SYN-000319,treatment,1,1,0,synthetic,near_null_effect
SYN-000320,treatment,1,1,0,synthetic,near_null_effect
SYN-000321,treatment,1,1,0,synthetic,near_null_effect
SYN-000322,control,1,1,0,synthetic,near_null_effect
SYN-000323,control,1,1,0,synthetic,near_null_effect
SYN-000324,control,1,1,0,synthetic,near_null_effect
SYN-000325,treatment,1,1,1,synthetic,near_null_effect
SYN-000326,control,1,1,0,synthetic,near_null_effect
SYN-000327,control,1,1,1,synthetic,near_null_effect
SYN-000328,control,1,1,0,synthetic,near_null_effect
SYN-000329,control,1,1,0,synthetic,near_null_effect
SYN-000330,treatment,1,1,0,synthetic,near_null_effect
SYN-000331,treatment,1,1,0,synthetic,near_null_effect
SYN-000332,treatment,1,1,0,synthetic,near_null_effect
SYN-000333,control,1,1,0,synthetic,near_null_effect
SYN-000334,treatment,1,1,0,synthetic,near_null_effect
SYN-000335,control,1,1,0,synthetic,near_null_effect
SYN-000336,treatment,1,1,0,synthetic,near_null_effect
SYN-000337,control,1,1,0,synthetic,near_null_effect
SYN-000338,treatment,1,1,0,synthetic,near_null_effect
SYN-000339,treatment,1,1,0,synthetic,near_null_effect
SYN-000340,treatment,1,1,0,synthetic,near_null_effect
SYN-000341,control,1,1,0,synthetic,near_null_effect
SYN-000342,control,1,1,0,synthetic,near_null_effect
SYN-000343,treatment,1,1,0,synthetic,near_null_effect
SYN-000344,control,1,1,0,synthetic,near_null_effect
SYN-000345,treatment,1,1,0,synthetic,near_null_effect
SYN-000346,control,1,1,0,synthetic,near_null_effect
SYN-000347,control,1,1,0,synthetic,near_null_effect
SYN-000348,treatment,1,1,0,synthetic,near_null_effect
SYN-000349,treatment,1,1,0,synthetic,near_null_effect
SYN-000350,control,1,1,0,synthetic,near_null_effect
SYN-000351,control,1,1,0,synthetic,near_null_effect
SYN-000352,treatment,1,1,1,synthetic,near_null_effect
SYN-000353,control,1,1,1,synthetic,near_null_effect
SYN-000354,treatment,1,1,0,synthetic,near_null_effect
SYN-000355,control,1,1,0,synthetic,near_null_effect
SYN-000356,treatment,1,1,0,synthetic,near_null_effect
SYN-000357,treatment,1,1,0,synthetic,near_null_effect
SYN-000358,treatment,1,1,0,synthetic,near_null_effect
SYN-000359,control,1,1,0,synthetic,near_null_effect
SYN-000360,treatment,1,1,0,synthetic,near_null_effect
SYN-000361,control,1,1,1,synthetic,near_null_effect
SYN-000362,treatment,1,1,0,synthetic,near_null_effect
SYN-000363,treatment,1,1,0,synthetic,near_null_effect
SYN-000364,control,1,1,0,synthetic,near_null_effect
SYN-000365,treatment,1,1,0,synthetic,near_null_effect
SYN-000366,control,1,1,0,synthetic,near_null_effect
SYN-000367,control,1,1,0,synthetic,near_null_effect
SYN-000368,control,1,1,0,synthetic,near_null_effect
SYN-000369,control,1,1,0,synthetic,near_null_effect
SYN-000370,control,1,1,0,synthetic,near_null_effect
SYN-000371,control,1,1,0,synthetic,near_null_effect
SYN-000372,control,1,1,0,synthetic,near_null_effect
SYN-000373,control,1,1,0,synthetic,near_null_effect
SYN-000374,control,1,1,0,synthetic,near_null_effect
SYN-000375,control,1,1,1,synthetic,near_null_effect
SYN-000376,treatment,1,1,0,synthetic,near_null_effect
SYN-000377,treatment,1,1,0,synthetic,near_null_effect
SYN-000378,treatment,1,1,0,synthetic,near_null_effect
SYN-000379,control,1,1,0,synthetic,near_null_effect
SYN-000380,treatment,1,1,0,synthetic,near_null_effect
SYN-000381,control,1,1,0,synthetic,near_null_effect
SYN-000382,control,1,1,0,synthetic,near_null_effect
SYN-000383,treatment,1,1,0,synthetic,near_null_effect
SYN-000384,control,1,1,0,synthetic,near_null_effect
SYN-000385,control,1,1,1,synthetic,near_null_effect
SYN-000386,control,1,1,1,synthetic,near_null_effect
SYN-000387,treatment,1,1,0,synthetic,near_null_effect
SYN-000388,treatment,1,1,1,synthetic,near_null_effect
SYN-000389,control,1,1,0,synthetic,near_null_effect
SYN-000390,treatment,1,1,1,synthetic,near_null_effect
SYN-000391,treatment,1,1,0,synthetic,near_null_effect
SYN-000392,control,1,1,0,synthetic,near_null_effect
SYN-000393,treatment,1,1,0,synthetic,near_null_effect
SYN-000394,treatment,1,1,0,synthetic,near_null_effect
SYN-000395,treatment,1,1,0,synthetic,near_null_effect
SYN-000396,treatment,1,1,0,synthetic,near_null_effect
SYN-000397,control,1,1,1,synthetic,near_null_effect
SYN-000398,control,1,1,0,synthetic,near_null_effect
SYN-000399,control,1,1,0,synthetic,near_null_effect
SYN-000400,treatment,1,1,0,synthetic,near_null_effect
SYN-000401,treatment,1,1,0,synthetic,near_null_effect
SYN-000402,control,1,1,0,synthetic,near_null_effect
SYN-000403,control,1,1,0,synthetic,near_null_effect
SYN-000404,control,1,1,1,synthetic,near_null_effect
SYN-000405,control,1,1,0,synthetic,near_null_effect
SYN-000406,control,1,1,0,synthetic,near_null_effect
SYN-000407,control,1,1,0,synthetic,near_null_effect
SYN-000408,control,1,1,0,synthetic,near_null_effect
SYN-000409,control,1,1,0,synthetic,near_null_effect
SYN-000410,treatment,1,1,0,synthetic,near_null_effect
SYN-000411,control,1,1,0,synthetic,near_null_effect
SYN-000412,control,1,1,0,synthetic,near_null_effect
SYN-000413,control,1,1,0,synthetic,near_null_effect
SYN-000414,treatment,1,1,0,synthetic,near_null_effect
SYN-000415,treatment,1,1,0,synthetic,near_null_effect
SYN-000416,control,1,1,0,synthetic,near_null_effect
SYN-000417,control,1,1,0,synthetic,near_null_effect
SYN-000418,control,1,1,0,synthetic,near_null_effect
SYN-000419,control,1,1,0,synthetic,near_null_effect
SYN-000420,control,1,1,0,synthetic,near_null_effect
SYN-000421,treatment,1,1,0,synthetic,near_null_effect
SYN-000422,treatment,1,1,0,synthetic,near_null_effect
SYN-000423,control,1,1,0,synthetic,near_null_effect
SYN-000424,control,1,1,1,synthetic,near_null_effect
SYN-000425,control,1,1,0,synthetic,near_null_effect
SYN-000426,treatment,1,1,0,synthetic,near_null_effect
SYN-000427,treatment,1,1,0,synthetic,near_null_effect
SYN-000428,treatment,1,1,0,synthetic,near_null_effect
SYN-000429,control,1,1,0,synthetic,near_null_effect
SYN-000430,treatment,1,1,0,synthetic,near_null_effect
SYN-000431,treatment,1,1,1,synthetic,near_null_effect
SYN-000432,treatment,1,1,0,synthetic,near_null_effect
SYN-000433,control,1,1,0,synthetic,near_null_effect
SYN-000434,control,1,1,0,synthetic,near_null_effect
SYN-000435,control,1,1,0,synthetic,near_null_effect
SYN-000436,treatment,1,1,0,synthetic,near_null_effect
SYN-000437,treatment,1,1,0,synthetic,near_null_effect
SYN-000438,control,1,1,0,synthetic,near_null_effect
SYN-000439,control,1,1,0,synthetic,near_null_effect
SYN-000440,treatment,1,1,0,synthetic,near_null_effect
SYN-000441,control,1,1,0,synthetic,near_null_effect
SYN-000442,control,1,1,0,synthetic,near_null_effect
SYN-000443,treatment,1,1,0,synthetic,near_null_effect
SYN-000444,treatment,1,1,0,synthetic,near_null_effect
SYN-000445,treatment,1,1,0,synthetic,near_null_effect
SYN-000446,treatment,1,1,0,synthetic,near_null_effect
SYN-000447,control,1,1,0,synthetic,near_null_effect
SYN-000448,control,1,1,1,synthetic,near_null_effect
SYN-000449,treatment,1,1,0,synthetic,near_null_effect
SYN-000450,control,1,1,0,synthetic,near_null_effect
SYN-000451,control,1,1,0,synthetic,near_null_effect
SYN-000452,treatment,1,1,0,synthetic,near_null_effect
SYN-000453,control,1,1,0,synthetic,near_null_effect
SYN-000454,control,1,1,0,synthetic,near_null_effect
SYN-000455,treatment,1,1,0,synthetic,near_null_effect
SYN-000456,control,1,1,0,synthetic,near_null_effect
SYN-000457,treatment,1,1,0,synthetic,near_null_effect
SYN-000458,control,1,1,0,synthetic,near_null_effect
SYN-000459,control,1,1,1,synthetic,near_null_effect
SYN-000460,control,1,1,0,synthetic,near_null_effect
SYN-000461,treatment,1,1,0,synthetic,near_null_effect
SYN-000462,control,1,1,0,synthetic,near_null_effect
SYN-000463,control,1,1,0,synthetic,near_null_effect
SYN-000464,treatment,1,1,0,synthetic,near_null_effect
SYN-000465,control,1,1,0,synthetic,near_null_effect
SYN-000466,control,1,1,0,synthetic,near_null_effect
SYN-000467,control,1,1,0,synthetic,near_null_effect
SYN-000468,treatment,1,1,0,synthetic,near_null_effect
SYN-000469,control,1,1,0,synthetic,near_null_effect
SYN-000470,control,1,1,0,synthetic,near_null_effect
SYN-000471,treatment,1,1,0,synthetic,near_null_effect
SYN-000472,control,1,1,0,synthetic,near_null_effect
SYN-000473,treatment,1,1,0,synthetic,near_null_effect
SYN-000474,treatment,1,1,0,synthetic,near_null_effect
SYN-000475,control,1,1,0,synthetic,near_null_effect
SYN-000476,treatment,1,1,0,synthetic,near_null_effect
SYN-000477,treatment,1,1,0,synthetic,near_null_effect
SYN-000478,treatment,1,1,0,synthetic,near_null_effect
SYN-000479,treatment,1,1,0,synthetic,near_null_effect
SYN-000480,treatment,1,1,0,synthetic,near_null_effect
SYN-000481,control,1,1,0,synthetic,near_null_effect
SYN-000482,control,1,1,0,synthetic,near_null_effect
SYN-000483,control,1,1,0,synthetic,near_null_effect
SYN-000484,treatment,1,1,0,synthetic,near_null_effect
SYN-000485,control,1,1,0,synthetic,near_null_effect
SYN-000486,treatment,1,1,0,synthetic,near_null_effect
SYN-000487,control,1,1,0,synthetic,near_null_effect
SYN-000488,treatment,1,1,0,synthetic,near_null_effect
SYN-000489,control,1,1,0,synthetic,near_null_effect
SYN-000490,treatment,1,1,1,synthetic,near_null_effect
SYN-000491,control,1,1,1,synthetic,near_null_effect
SYN-000492,treatment,1,1,0,synthetic,near_null_effect
SYN-000493,control,1,1,0,synthetic,near_null_effect
SYN-000494,treatment,1,1,0,synthetic,near_null_effect
SYN-000495,control,1,1,0,synthetic,near_null_effect
SYN-000496,control,1,1,0,synthetic,near_null_effect
SYN-000497,control,1,1,0,synthetic,near_null_effect
SYN-000498,control,1,1,0,synthetic,near_null_effect
SYN-000499,treatment,1,1,0,synthetic,near_null_effect
SYN-000500,treatment,1,1,0,synthetic,near_null_effect
SYN-000501,control,1,1,1,synthetic,near_null_effect
SYN-000502,control,1,1,0,synthetic,near_null_effect
SYN-000503,control,1,1,0,synthetic,near_null_effect
SYN-000504,control,1,1,0,synthetic,near_null_effect
SYN-000505,control,1,1,0,synthetic,near_null_effect
SYN-000506,control,1,1,0,synthetic,near_null_effect
SYN-000507,control,1,1,0,synthetic,near_null_effect
SYN-000508,treatment,1,1,1,synthetic,near_null_effect
SYN-000509,treatment,1,1,1,synthetic,near_null_effect
SYN-000510,control,1,1,0,synthetic,near_null_effect
SYN-000511,treatment,1,1,0,synthetic,near_null_effect
SYN-000512,treatment,1,1,0,synthetic,near_null_effect
SYN-000513,control,1,1,0,synthetic,near_null_effect
SYN-000514,control,1,1,0,synthetic,near_null_effect
SYN-000515,control,1,1,0,synthetic,near_null_effect
SYN-000516,control,1,1,0,synthetic,near_null_effect
SYN-000517,treatment,1,1,0,synthetic,near_null_effect
SYN-000518,treatment,1,1,0,synthetic,near_null_effect
SYN-000519,control,1,1,0,synthetic,near_null_effect
SYN-000520,control,1,1,0,synthetic,near_null_effect
SYN-000521,control,1,1,0,synthetic,near_null_effect
SYN-000522,control,1,1,0,synthetic,near_null_effect
SYN-000523,control,1,1,0,synthetic,near_null_effect
SYN-000524,control,1,1,0,synthetic,near_null_effect
SYN-000525,control,1,1,0,synthetic,near_null_effect
SYN-000526,treatment,1,1,0,synthetic,near_null_effect
SYN-000527,control,1,1,0,synthetic,near_null_effect
SYN-000528,treatment,1,1,0,synthetic,near_null_effect
SYN-000529,treatment,1,1,0,synthetic,near_null_effect
SYN-000530,control,1,1,1,synthetic,near_null_effect
SYN-000531,control,1,1,0,synthetic,near_null_effect
SYN-000532,control,1,1,0,synthetic,near_null_effect
SYN-000533,treatment,1,1,0,synthetic,near_null_effect
SYN-000534,control,1,1,0,synthetic,near_null_effect
SYN-000535,control,1,1,0,synthetic,near_null_effect
SYN-000536,treatment,1,1,0,synthetic,near_null_effect
SYN-000537,treatment,1,1,1,synthetic,near_null_effect
SYN-000538,treatment,1,1,0,synthetic,near_null_effect
SYN-000539,treatment,1,1,0,synthetic,near_null_effect
SYN-000540,control,1,1,0,synthetic,near_null_effect
SYN-000541,treatment,1,1,0,synthetic,near_null_effect
SYN-000542,treatment,1,1,0,synthetic,near_null_effect
SYN-000543,treatment,1,1,0,synthetic,near_null_effect
SYN-000544,control,1,1,0,synthetic,near_null_effect
SYN-000545,control,1,1,0,synthetic,near_null_effect
SYN-000546,control,1,1,0,synthetic,near_null_effect
SYN-000547,control,1,1,0,synthetic,near_null_effect
SYN-000548,control,1,1,0,synthetic,near_null_effect
SYN-000549,treatment,1,1,0,synthetic,near_null_effect
SYN-000550,control,1,1,0,synthetic,near_null_effect
SYN-000551,control,1,1,0,synthetic,near_null_effect
SYN-000552,treatment,1,1,0,synthetic,near_null_effect
SYN-000553,treatment,1,1,0,synthetic,near_null_effect
SYN-000554,treatment,1,1,0,synthetic,near_null_effect
SYN-000555,control,1,1,0,synthetic,near_null_effect
SYN-000556,control,1,1,0,synthetic,near_null_effect
SYN-000557,control,1,1,0,synthetic,near_null_effect
SYN-000558,control,1,1,0,synthetic,near_null_effect
SYN-000559,treatment,1,1,0,synthetic,near_null_effect
SYN-000560,control,1,1,0,synthetic,near_null_effect
SYN-000561,treatment,1,1,0,synthetic,near_null_effect
SYN-000562,control,1,1,0,synthetic,near_null_effect
SYN-000563,control,1,1,0,synthetic,near_null_effect
SYN-000564,treatment,1,1,0,synthetic,near_null_effect
SYN-000565,control,1,1,0,synthetic,near_null_effect
SYN-000566,treatment,1,1,0,synthetic,near_null_effect
SYN-000567,control,1,1,0,synthetic,near_null_effect
SYN-000568,treatment,1,1,0,synthetic,near_null_effect
SYN-000569,treatment,1,1,0,synthetic,near_null_effect
SYN-000570,control,1,1,0,synthetic,near_null_effect
SYN-000571,control,1,1,0,synthetic,near_null_effect
SYN-000572,treatment,1,1,0,synthetic,near_null_effect
SYN-000573,treatment,1,1,0,synthetic,near_null_effect
SYN-000574,control,1,1,0,synthetic,near_null_effect
SYN-000575,control,1,1,0,synthetic,near_null_effect
SYN-000576,control,1,1,0,synthetic,near_null_effect
SYN-000577,control,1,1,0,synthetic,near_null_effect
SYN-000578,control,1,1,0,synthetic,near_null_effect
SYN-000579,control,1,1,0,synthetic,near_null_effect
SYN-000580,treatment,1,1,0,synthetic,near_null_effect
SYN-000581,treatment,1,1,0,synthetic,near_null_effect
SYN-000582,treatment,1,1,0,synthetic,near_null_effect
SYN-000583,control,1,1,0,synthetic,near_null_effect
SYN-000584,treatment,1,1,0,synthetic,near_null_effect
SYN-000585,control,1,1,0,synthetic,near_null_effect
SYN-000586,treatment,1,1,0,synthetic,near_null_effect
SYN-000587,control,1,1,0,synthetic,near_null_effect
SYN-000588,control,1,1,0,synthetic,near_null_effect
SYN-000589,treatment,1,1,0,synthetic,near_null_effect
SYN-000590,treatment,1,1,0,synthetic,near_null_effect
SYN-000591,treatment,1,1,0,synthetic,near_null_effect
SYN-000592,control,1,1,0,synthetic,near_null_effect
SYN-000593,control,1,1,1,synthetic,near_null_effect
SYN-000594,treatment,1,1,0,synthetic,near_null_effect
SYN-000595,treatment,1,1,0,synthetic,near_null_effect
SYN-000596,treatment,1,1,0,synthetic,near_null_effect
SYN-000597,treatment,1,1,0,synthetic,near_null_effect
SYN-000598,treatment,1,1,0,synthetic,near_null_effect
SYN-000599,control,1,1,0,synthetic,near_null_effect
SYN-000600,control,1,1,0,synthetic,near_null_effect
SYN-000601,treatment,1,1,0,synthetic,near_null_effect
SYN-000602,treatment,1,1,0,synthetic,near_null_effect
SYN-000603,treatment,1,1,0,synthetic,near_null_effect
SYN-000604,control,1,1,0,synthetic,near_null_effect
SYN-000605,treatment,1,1,0,synthetic,near_null_effect
SYN-000606,control,1,1,0,synthetic,near_null_effect
SYN-000607,treatment,1,1,0,synthetic,near_null_effect
SYN-000608,control,1,1,0,synthetic,near_null_effect
SYN-000609,treatment,1,1,0,synthetic,near_null_effect
SYN-000610,control,1,1,0,synthetic,near_null_effect
SYN-000611,treatment,1,1,0,synthetic,near_null_effect
SYN-000612,treatment,1,1,0,synthetic,near_null_effect
SYN-000613,control,1,1,0,synthetic,near_null_effect
SYN-000614,control,1,1,0,synthetic,near_null_effect
SYN-000615,treatment,1,1,0,synthetic,near_null_effect
SYN-000616,control,1,1,1,synthetic,near_null_effect
SYN-000617,treatment,1,1,0,synthetic,near_null_effect
SYN-000618,treatment,1,1,1,synthetic,near_null_effect
SYN-000619,control,1,1,0,synthetic,near_null_effect
SYN-000620,control,1,1,0,synthetic,near_null_effect
SYN-000621,treatment,1,1,0,synthetic,near_null_effect
SYN-000622,control,1,1,0,synthetic,near_null_effect
SYN-000623,control,1,1,0,synthetic,near_null_effect
SYN-000624,treatment,1,1,1,synthetic,near_null_effect
SYN-000625,control,1,1,1,synthetic,near_null_effect
SYN-000626,treatment,1,1,0,synthetic,near_null_effect
SYN-000627,control,1,1,0,synthetic,near_null_effect
SYN-000628,control,1,1,0,synthetic,near_null_effect
SYN-000629,control,1,1,1,synthetic,near_null_effect
SYN-000630,control,1,1,0,synthetic,near_null_effect
SYN-000631,treatment,1,1,1,synthetic,near_null_effect
SYN-000632,treatment,1,1,0,synthetic,near_null_effect
SYN-000633,control,1,1,0,synthetic,near_null_effect
SYN-000634,control,1,1,0,synthetic,near_null_effect
SYN-000635,control,1,1,0,synthetic,near_null_effect
SYN-000636,control,1,1,0,synthetic,near_null_effect
SYN-000637,treatment,1,1,0,synthetic,near_null_effect
SYN-000638,treatment,1,1,0,synthetic,near_null_effect
SYN-000639,control,1,1,0,synthetic,near_null_effect
SYN-000640,treatment,1,1,0,synthetic,near_null_effect
SYN-000641,treatment,1,1,0,synthetic,near_null_effect
SYN-000642,control,1,1,0,synthetic,near_null_effect
SYN-000643,control,1,1,0,synthetic,near_null_effect
SYN-000644,control,1,1,0,synthetic,near_null_effect
SYN-000645,treatment,1,1,0,synthetic,near_null_effect
SYN-000646,control,1,1,0,synthetic,near_null_effect
SYN-000647,control,1,1,0,synthetic,near_null_effect
SYN-000648,treatment,1,1,0,synthetic,near_null_effect
SYN-000649,control,1,1,0,synthetic,near_null_effect
SYN-000650,control,1,1,0,synthetic,near_null_effect
SYN-000651,control,1,1,0,synthetic,near_null_effect
SYN-000652,control,1,1,0,synthetic,near_null_effect
SYN-000653,treatment,1,1,0,synthetic,near_null_effect
SYN-000654,treatment,1,1,0,synthetic,near_null_effect
SYN-000655,treatment,1,1,0,synthetic,near_null_effect
SYN-000656,control,1,1,0,synthetic,near_null_effect
SYN-000657,control,1,1,0,synthetic,near_null_effect
SYN-000658,treatment,1,1,0,synthetic,near_null_effect
SYN-000659,treatment,1,1,1,synthetic,near_null_effect
SYN-000660,control,1,1,0,synthetic,near_null_effect
SYN-000661,control,1,1,0,synthetic,near_null_effect
SYN-000662,control,1,1,0,synthetic,near_null_effect
SYN-000663,control,1,1,1,synthetic,near_null_effect
SYN-000664,control,1,1,0,synthetic,near_null_effect
SYN-000665,control,1,1,0,synthetic,near_null_effect
SYN-000666,treatment,1,1,0,synthetic,near_null_effect
SYN-000667,control,1,1,0,synthetic,near_null_effect
SYN-000668,control,1,1,0,synthetic,near_null_effect
SYN-000669,control,1,1,0,synthetic,near_null_effect
SYN-000670,control,1,1,0,synthetic,near_null_effect
SYN-000671,treatment,1,1,0,synthetic,near_null_effect
SYN-000672,treatment,1,1,0,synthetic,near_null_effect
SYN-000673,control,1,1,0,synthetic,near_null_effect
SYN-000674,treatment,1,1,0,synthetic,near_null_effect
SYN-000675,control,1,1,0,synthetic,near_null_effect
SYN-000676,control,1,1,0,synthetic,near_null_effect
SYN-000677,control,1,1,0,synthetic,near_null_effect
SYN-000678,treatment,1,1,0,synthetic,near_null_effect
SYN-000679,treatment,1,1,1,synthetic,near_null_effect
SYN-000680,treatment,1,1,1,synthetic,near_null_effect
SYN-000681,control,1,1,0,synthetic,near_null_effect
SYN-000682,treatment,1,1,0,synthetic,near_null_effect
SYN-000683,treatment,1,1,0,synthetic,near_null_effect
SYN-000684,treatment,1,1,1,synthetic,near_null_effect
SYN-000685,treatment,1,1,0,synthetic,near_null_effect
SYN-000686,control,1,1,0,synthetic,near_null_effect
SYN-000687,control,1,1,0,synthetic,near_null_effect
SYN-000688,treatment,1,1,0,synthetic,near_null_effect
SYN-000689,treatment,1,1,0,synthetic,near_null_effect
SYN-000690,control,1,1,0,synthetic,near_null_effect
SYN-000691,treatment,1,1,0,synthetic,near_null_effect
SYN-000692,treatment,1,1,0,synthetic,near_null_effect
SYN-000693,treatment,1,1,0,synthetic,near_null_effect
SYN-000694,treatment,1,1,0,synthetic,near_null_effect
SYN-000695,treatment,1,1,0,synthetic,near_null_effect
SYN-000696,treatment,1,1,0,synthetic,near_null_effect
SYN-000697,treatment,1,1,0,synthetic,near_null_effect
SYN-000698,control,1,1,0,synthetic,near_null_effect
SYN-000699,control,1,1,0,synthetic,near_null_effect
SYN-000700,control,1,1,0,synthetic,near_null_effect
SYN-000701,control,1,1,0,synthetic,near_null_effect
SYN-000702,treatment,1,1,0,synthetic,near_null_effect
SYN-000703,control,1,1,0,synthetic,near_null_effect
SYN-000704,treatment,1,1,0,synthetic,near_null_effect
SYN-000705,treatment,1,1,0,synthetic,near_null_effect
SYN-000706,control,1,1,0,synthetic,near_null_effect
SYN-000707,control,1,1,0,synthetic,near_null_effect
SYN-000708,treatment,1,1,0,synthetic,near_null_effect
SYN-000709,treatment,1,1,0,synthetic,near_null_effect
SYN-000710,control,1,1,1,synthetic,near_null_effect
SYN-000711,treatment,1,1,0,synthetic,near_null_effect
SYN-000712,treatment,1,1,0,synthetic,near_null_effect
SYN-000713,control,1,1,0,synthetic,near_null_effect
SYN-000714,control,1,1,0,synthetic,near_null_effect
SYN-000715,treatment,1,1,0,synthetic,near_null_effect
SYN-000716,control,1,1,0,synthetic,near_null_effect
SYN-000717,control,1,1,0,synthetic,near_null_effect
SYN-000718,control,1,1,1,synthetic,near_null_effect
SYN-000719,control,1,1,0,synthetic,near_null_effect
SYN-000720,treatment,1,1,0,synthetic,near_null_effect
SYN-000721,treatment,1,1,0,synthetic,near_null_effect
SYN-000722,control,1,1,0,synthetic,near_null_effect
SYN-000723,control,1,1,0,synthetic,near_null_effect
SYN-000724,treatment,1,1,0,synthetic,near_null_effect
SYN-000725,treatment,1,1,0,synthetic,near_null_effect
SYN-000726,control,1,1,0,synthetic,near_null_effect
SYN-000727,treatment,1,1,0,synthetic,near_null_effect
SYN-000728,control,1,1,0,synthetic,near_null_effect
SYN-000729,control,1,1,0,synthetic,near_null_effect
SYN-000730,treatment,1,1,0,synthetic,near_null_effect
SYN-000731,control,1,1,0,synthetic,near_null_effect
SYN-000732,treatment,1,1,0,synthetic,near_null_effect
SYN-000733,control,1,1,0,synthetic,near_null_effect
SYN-000734,treatment,1,1,0,synthetic,near_null_effect
SYN-000735,control,1,1,0,synthetic,near_null_effect
SYN-000736,treatment,1,1,0,synthetic,near_null_effect
SYN-000737,control,1,1,0,synthetic,near_null_effect
SYN-000738,control,1,1,0,synthetic,near_null_effect
SYN-000739,control,1,1,0,synthetic,near_null_effect
SYN-000740,control,1,1,0,synthetic,near_null_effect
SYN-000741,control,1,1,0,synthetic,near_null_effect
SYN-000742,treatment,1,1,0,synthetic,near_null_effect
SYN-000743,treatment,1,1,0,synthetic,near_null_effect
SYN-000744,treatment,1,1,0,synthetic,near_null_effect
SYN-000745,control,1,1,0,synthetic,near_null_effect
SYN-000746,control,1,1,0,synthetic,near_null_effect
SYN-000747,control,1,1,0,synthetic,near_null_effect
SYN-000748,control,1,1,0,synthetic,near_null_effect
SYN-000749,treatment,1,1,0,synthetic,near_null_effect
SYN-000750,treatment,1,1,0,synthetic,near_null_effect
SYN-000751,treatment,1,1,0,synthetic,near_null_effect
SYN-000752,treatment,1,1,0,synthetic,near_null_effect
SYN-000753,treatment,1,1,0,synthetic,near_null_effect
SYN-000754,control,1,1,0,synthetic,near_null_effect
SYN-000755,control,1,1,0,synthetic,near_null_effect
SYN-000756,treatment,1,1,0,synthetic,near_null_effect
SYN-000757,treatment,1,1,1,synthetic,near_null_effect
SYN-000758,control,1,1,0,synthetic,near_null_effect
SYN-000759,treatment,1,1,0,synthetic,near_null_effect
SYN-000760,treatment,1,1,1,synthetic,near_null_effect
SYN-000761,control,1,1,0,synthetic,near_null_effect
SYN-000762,treatment,1,1,0,synthetic,near_null_effect
SYN-000763,treatment,1,1,0,synthetic,near_null_effect
SYN-000764,treatment,1,1,0,synthetic,near_null_effect
SYN-000765,control,1,1,0,synthetic,near_null_effect
SYN-000766,treatment,1,1,0,synthetic,near_null_effect
SYN-000767,treatment,1,1,0,synthetic,near_null_effect
SYN-000768,control,1,1,0,synthetic,near_null_effect
SYN-000769,control,1,1,0,synthetic,near_null_effect
SYN-000770,control,1,1,0,synthetic,near_null_effect
SYN-000771,control,1,1,0,synthetic,near_null_effect
SYN-000772,control,1,1,1,synthetic,near_null_effect
SYN-000773,treatment,1,1,0,synthetic,near_null_effect
SYN-000774,treatment,1,1,0,synthetic,near_null_effect
SYN-000775,control,1,1,0,synthetic,near_null_effect
SYN-000776,treatment,1,1,0,synthetic,near_null_effect
SYN-000777,control,1,1,0,synthetic,near_null_effect
SYN-000778,control,1,1,1,synthetic,near_null_effect
SYN-000779,treatment,1,1,0,synthetic,near_null_effect
SYN-000780,treatment,1,1,0,synthetic,near_null_effect
SYN-000781,control,1,1,0,synthetic,near_null_effect
SYN-000782,control,1,1,0,synthetic,near_null_effect
SYN-000783,control,1,1,1,synthetic,near_null_effect
SYN-000784,control,1,1,0,synthetic,near_null_effect
SYN-000785,control,1,1,0,synthetic,near_null_effect
SYN-000786,control,1,1,0,synthetic,near_null_effect
SYN-000787,control,1,1,0,synthetic,near_null_effect
SYN-000788,control,1,1,0,synthetic,near_null_effect
SYN-000789,control,1,1,0,synthetic,near_null_effect
SYN-000790,treatment,1,1,0,synthetic,near_null_effect
SYN-000791,treatment,1,1,0,synthetic,near_null_effect
SYN-000792,treatment,1,1,0,synthetic,near_null_effect
SYN-000793,treatment,1,1,0,synthetic,near_null_effect
SYN-000794,control,1,1,1,synthetic,near_null_effect
SYN-000795,control,1,1,0,synthetic,near_null_effect
SYN-000796,treatment,1,1,0,synthetic,near_null_effect
SYN-000797,treatment,1,1,0,synthetic,near_null_effect
SYN-000798,treatment,1,1,0,synthetic,near_null_effect
SYN-000799,control,1,1,0,synthetic,near_null_effect
SYN-000800,treatment,1,1,0,synthetic,near_null_effect
SYN-000801,control,1,1,0,synthetic,near_null_effect
SYN-000802,treatment,1,1,0,synthetic,near_null_effect
SYN-000803,control,1,1,0,synthetic,near_null_effect
SYN-000804,treatment,1,1,0,synthetic,near_null_effect
SYN-000805,control,1,1,0,synthetic,near_null_effect
SYN-000806,treatment,1,1,0,synthetic,near_null_effect
SYN-000807,control,1,1,0,synthetic,near_null_effect
SYN-000808,treatment,1,1,0,synthetic,near_null_effect
SYN-000809,treatment,1,1,0,synthetic,near_null_effect
SYN-000810,treatment,1,1,1,synthetic,near_null_effect
SYN-000811,treatment,1,1,0,synthetic,near_null_effect
SYN-000812,control,1,1,0,synthetic,near_null_effect
SYN-000813,control,1,1,1,synthetic,near_null_effect
SYN-000814,control,1,1,0,synthetic,near_null_effect
SYN-000815,treatment,1,1,0,synthetic,near_null_effect
SYN-000816,control,1,1,0,synthetic,near_null_effect
SYN-000817,treatment,1,1,0,synthetic,near_null_effect
SYN-000818,treatment,1,1,0,synthetic,near_null_effect
SYN-000819,treatment,1,1,0,synthetic,near_null_effect
SYN-000820,treatment,1,1,0,synthetic,near_null_effect
SYN-000821,control,1,1,0,synthetic,near_null_effect
SYN-000822,control,1,1,0,synthetic,near_null_effect
SYN-000823,control,1,1,0,synthetic,near_null_effect
SYN-000824,control,1,1,0,synthetic,near_null_effect
SYN-000825,treatment,1,1,1,synthetic,near_null_effect
SYN-000826,treatment,1,1,1,synthetic,near_null_effect
SYN-000827,control,1,1,0,synthetic,near_null_effect
SYN-000828,control,1,1,0,synthetic,near_null_effect
SYN-000829,treatment,1,1,0,synthetic,near_null_effect
SYN-000830,control,1,1,0,synthetic,near_null_effect
SYN-000831,control,1,1,0,synthetic,near_null_effect
SYN-000832,treatment,1,1,0,synthetic,near_null_effect
SYN-000833,treatment,1,1,0,synthetic,near_null_effect
SYN-000834,control,1,1,0,synthetic,near_null_effect
SYN-000835,control,1,1,0,synthetic,near_null_effect
SYN-000836,treatment,1,1,0,synthetic,near_null_effect
SYN-000837,treatment,1,1,0,synthetic,near_null_effect
SYN-000838,treatment,1,1,0,synthetic,near_null_effect
SYN-000839,treatment,1,1,0,synthetic,near_null_effect
SYN-000840,treatment,1,1,0,synthetic,near_null_effect
SYN-000841,control,1,1,0,synthetic,near_null_effect
SYN-000842,treatment,1,1,0,synthetic,near_null_effect
SYN-000843,control,1,1,0,synthetic,near_null_effect
SYN-000844,control,1,1,0,synthetic,near_null_effect
SYN-000845,treatment,1,1,0,synthetic,near_null_effect
SYN-000846,treatment,1,1,0,synthetic,near_null_effect
SYN-000847,treatment,1,1,0,synthetic,near_null_effect
SYN-000848,treatment,1,1,0,synthetic,near_null_effect
SYN-000849,control,1,1,0,synthetic,near_null_effect
SYN-000850,treatment,1,1,0,synthetic,near_null_effect
SYN-000851,control,1,1,0,synthetic,near_null_effect
SYN-000852,treatment,1,1,0,synthetic,near_null_effect
SYN-000853,control,1,1,0,synthetic,near_null_effect
SYN-000854,treatment,1,1,0,synthetic,near_null_effect
SYN-000855,control,1,1,1,synthetic,near_null_effect
SYN-000856,control,1,1,0,synthetic,near_null_effect
SYN-000857,control,1,1,0,synthetic,near_null_effect
SYN-000858,treatment,1,1,0,synthetic,near_null_effect
SYN-000859,treatment,1,1,0,synthetic,near_null_effect
SYN-000860,treatment,1,1,0,synthetic,near_null_effect
SYN-000861,treatment,1,1,0,synthetic,near_null_effect
SYN-000862,treatment,1,1,0,synthetic,near_null_effect
SYN-000863,control,1,1,1,synthetic,near_null_effect
SYN-000864,treatment,1,1,0,synthetic,near_null_effect
SYN-000865,treatment,1,1,0,synthetic,near_null_effect
SYN-000866,control,1,1,0,synthetic,near_null_effect
SYN-000867,control,1,1,0,synthetic,near_null_effect
SYN-000868,control,1,1,0,synthetic,near_null_effect
SYN-000869,treatment,1,1,0,synthetic,near_null_effect
SYN-000870,treatment,1,1,1,synthetic,near_null_effect
SYN-000871,treatment,1,1,0,synthetic,near_null_effect
SYN-000872,treatment,1,1,0,synthetic,near_null_effect
SYN-000873,treatment,1,1,0,synthetic,near_null_effect
SYN-000874,control,1,1,0,synthetic,near_null_effect
SYN-000875,control,1,1,0,synthetic,near_null_effect
SYN-000876,control,1,1,0,synthetic,near_null_effect
SYN-000877,treatment,1,1,0,synthetic,near_null_effect
SYN-000878,control,1,1,0,synthetic,near_null_effect
SYN-000879,treatment,1,1,0,synthetic,near_null_effect
SYN-000880,control,1,1,0,synthetic,near_null_effect
SYN-000881,control,1,1,0,synthetic,near_null_effect
SYN-000882,control,1,1,0,synthetic,near_null_effect
SYN-000883,treatment,1,1,0,synthetic,near_null_effect
SYN-000884,control,1,1,0,synthetic,near_null_effect
SYN-000885,treatment,1,1,0,synthetic,near_null_effect
SYN-000886,treatment,1,1,0,synthetic,near_null_effect
SYN-000887,control,1,1,0,synthetic,near_null_effect
SYN-000888,control,1,1,0,synthetic,near_null_effect
SYN-000889,treatment,1,1,0,synthetic,near_null_effect
SYN-000890,treatment,1,1,0,synthetic,near_null_effect
SYN-000891,control,1,1,0,synthetic,near_null_effect
SYN-000892,control,1,1,0,synthetic,near_null_effect
SYN-000893,control,1,1,0,synthetic,near_null_effect
SYN-000894,treatment,1,1,0,synthetic,near_null_effect
SYN-000895,treatment,1,1,1,synthetic,near_null_effect
SYN-000896,treatment,1,1,0,synthetic,near_null_effect
SYN-000897,control,1,1,1,synthetic,near_null_effect
SYN-000898,control,1,1,0,synthetic,near_null_effect
SYN-000899,treatment,1,1,0,synthetic,near_null_effect
SYN-000900,control,1,1,0,synthetic,near_null_effect
SYN-000901,control,1,1,0,synthetic,near_null_effect
SYN-000902,control,1,1,0,synthetic,near_null_effect
SYN-000903,control,1,1,0,synthetic,near_null_effect
SYN-000904,control,1,1,0,synthetic,near_null_effect
SYN-000905,control,1,1,0,synthetic,near_null_effect
SYN-000906,control,1,1,0,synthetic,near_null_effect
SYN-000907,treatment,1,1,1,synthetic,near_null_effect
SYN-000908,treatment,1,1,0,synthetic,near_null_effect
SYN-000909,treatment,1,1,0,synthetic,near_null_effect
SYN-000910,treatment,1,1,0,synthetic,near_null_effect
SYN-000911,treatment,1,1,0,synthetic,near_null_effect
SYN-000912,control,1,1,0,synthetic,near_null_effect
SYN-000913,control,1,1,0,synthetic,near_null_effect
SYN-000914,control,1,1,0,synthetic,near_null_effect
SYN-000915,treatment,1,1,0,synthetic,near_null_effect
SYN-000916,treatment,1,1,0,synthetic,near_null_effect
SYN-000917,control,1,1,0,synthetic,near_null_effect
SYN-000918,treatment,1,1,0,synthetic,near_null_effect
SYN-000919,control,1,1,0,synthetic,near_null_effect
SYN-000920,control,1,1,0,synthetic,near_null_effect
SYN-000921,treatment,1,1,0,synthetic,near_null_effect
SYN-000922,treatment,1,1,0,synthetic,near_null_effect
SYN-000923,control,1,1,0,synthetic,near_null_effect
SYN-000924,treatment,1,1,0,synthetic,near_null_effect
SYN-000925,control,1,1,0,synthetic,near_null_effect
SYN-000926,treatment,1,1,0,synthetic,near_null_effect
SYN-000927,treatment,1,1,0,synthetic,near_null_effect
SYN-000928,control,1,1,0,synthetic,near_null_effect
SYN-000929,treatment,1,1,0,synthetic,near_null_effect
SYN-000930,treatment,1,1,0,synthetic,near_null_effect
SYN-000931,treatment,1,1,0,synthetic,near_null_effect
SYN-000932,control,1,1,0,synthetic,near_null_effect
SYN-000933,control,1,1,0,synthetic,near_null_effect
SYN-000934,treatment,1,1,0,synthetic,near_null_effect
SYN-000935,control,1,1,0,synthetic,near_null_effect
SYN-000936,treatment,1,1,0,synthetic,near_null_effect
SYN-000937,control,1,1,0,synthetic,near_null_effect
SYN-000938,treatment,1,1,0,synthetic,near_null_effect
SYN-000939,treatment,1,1,0,synthetic,near_null_effect
SYN-000940,treatment,1,1,1,synthetic,near_null_effect
SYN-000941,control,1,1,0,synthetic,near_null_effect
SYN-000942,control,1,1,0,synthetic,near_null_effect
SYN-000943,treatment,1,1,0,synthetic,near_null_effect
SYN-000944,control,1,1,0,synthetic,near_null_effect
SYN-000945,treatment,1,1,1,synthetic,near_null_effect
SYN-000946,control,1,1,0,synthetic,near_null_effect
SYN-000947,treatment,1,1,0,synthetic,near_null_effect
SYN-000948,treatment,1,1,0,synthetic,near_null_effect
SYN-000949,control,1,1,0,synthetic,near_null_effect
SYN-000950,treatment,1,1,0,synthetic,near_null_effect
SYN-000951,control,1,1,0,synthetic,near_null_effect
SYN-000952,control,1,1,0,synthetic,near_null_effect
SYN-000953,treatment,1,1,0,synthetic,near_null_effect
SYN-000954,treatment,1,1,0,synthetic,near_null_effect
SYN-000955,control,1,1,0,synthetic,near_null_effect
SYN-000956,control,1,1,0,synthetic,near_null_effect
SYN-000957,control,1,1,0,synthetic,near_null_effect
SYN-000958,treatment,1,1,0,synthetic,near_null_effect
SYN-000959,control,1,1,0,synthetic,near_null_effect
SYN-000960,control,1,1,0,synthetic,near_null_effect
SYN-000961,treatment,1,1,0,synthetic,near_null_effect
SYN-000962,control,1,1,0,synthetic,near_null_effect
SYN-000963,treatment,1,1,0,synthetic,near_null_effect
SYN-000964,control,1,1,0,synthetic,near_null_effect
SYN-000965,treatment,1,1,0,synthetic,near_null_effect
SYN-000966,control,1,1,0,synthetic,near_null_effect
SYN-000967,control,1,1,0,synthetic,near_null_effect
SYN-000968,treatment,1,1,1,synthetic,near_null_effect
SYN-000969,control,1,1,0,synthetic,near_null_effect
SYN-000970,control,1,1,0,synthetic,near_null_effect
SYN-000971,treatment,1,1,0,synthetic,near_null_effect
SYN-000972,treatment,1,1,0,synthetic,near_null_effect
SYN-000973,control,1,1,0,synthetic,near_null_effect
SYN-000974,control,1,1,0,synthetic,near_null_effect
SYN-000975,treatment,1,1,0,synthetic,near_null_effect
SYN-000976,treatment,1,1,0,synthetic,near_null_effect
SYN-000977,treatment,1,1,0,synthetic,near_null_effect
SYN-000978,treatment,1,1,0,synthetic,near_null_effect
SYN-000979,control,1,1,0,synthetic,near_null_effect
SYN-000980,control,1,1,0,synthetic,near_null_effect
SYN-000981,treatment,1,1,0,synthetic,near_null_effect
SYN-000982,control,1,1,1,synthetic,near_null_effect
SYN-000983,control,1,1,0,synthetic,near_null_effect
SYN-000984,treatment,1,1,0,synthetic,near_null_effect
SYN-000985,treatment,1,1,0,synthetic,near_null_effect
SYN-000986,control,1,1,0,synthetic,near_null_effect
SYN-000987,control,1,1,0,synthetic,near_null_effect
SYN-000988,control,1,1,0,synthetic,near_null_effect
SYN-000989,treatment,1,1,0,synthetic,near_null_effect
SYN-000990,control,1,1,0,synthetic,near_null_effect
SYN-000991,control,1,1,0,synthetic,near_null_effect
SYN-000992,treatment,1,1,0,synthetic,near_null_effect
SYN-000993,control,1,1,0,synthetic,near_null_effect
SYN-000994,treatment,1,1,0,synthetic,near_null_effect
SYN-000995,control,1,1,1,synthetic,near_null_effect
SYN-000996,treatment,1,1,0,synthetic,near_null_effect
SYN-000997,treatment,1,1,0,synthetic,near_null_effect
SYN-000998,control,1,1,0,synthetic,near_null_effect
SYN-000999,control,1,1,0,synthetic,near_null_effect
SYN-001000,control,1,1,0,synthetic,near_null_effect
SYN-001001,treatment,1,1,0,synthetic,near_null_effect
SYN-001002,control,1,1,0,synthetic,near_null_effect
SYN-001003,control,1,1,0,synthetic,near_null_effect
SYN-001004,control,1,1,0,synthetic,near_null_effect
SYN-001005,treatment,1,1,0,synthetic,near_null_effect
SYN-001006,control,1,1,1,synthetic,near_null_effect
SYN-001007,treatment,1,1,0,synthetic,near_null_effect
SYN-001008,treatment,1,1,0,synthetic,near_null_effect
SYN-001009,control,1,1,0,synthetic,near_null_effect
SYN-001010,control,1,1,0,synthetic,near_null_effect
SYN-001011,treatment,1,1,0,synthetic,near_null_effect
SYN-001012,control,1,1,0,synthetic,near_null_effect
SYN-001013,treatment,1,1,0,synthetic,near_null_effect
SYN-001014,control,1,1,0,synthetic,near_null_effect
SYN-001015,treatment,1,1,0,synthetic,near_null_effect
SYN-001016,control,1,1,0,synthetic,near_null_effect
SYN-001017,treatment,1,1,0,synthetic,near_null_effect
SYN-001018,treatment,1,1,0,synthetic,near_null_effect
SYN-001019,treatment,1,1,0,synthetic,near_null_effect
SYN-001020,control,1,1,0,synthetic,near_null_effect
SYN-001021,control,1,1,0,synthetic,near_null_effect
SYN-001022,treatment,1,1,0,synthetic,near_null_effect
SYN-001023,treatment,1,1,0,synthetic,near_null_effect
SYN-001024,treatment,1,1,0,synthetic,near_null_effect
SYN-001025,control,1,1,0,synthetic,near_null_effect
SYN-001026,control,1,1,1,synthetic,near_null_effect
SYN-001027,control,1,1,0,synthetic,near_null_effect
SYN-001028,control,1,1,0,synthetic,near_null_effect
SYN-001029,treatment,1,1,0,synthetic,near_null_effect
SYN-001030,treatment,1,1,0,synthetic,near_null_effect
SYN-001031,control,1,1,0,synthetic,near_null_effect
SYN-001032,treatment,1,1,1,synthetic,near_null_effect
SYN-001033,control,1,1,0,synthetic,near_null_effect
SYN-001034,treatment,1,1,0,synthetic,near_null_effect
SYN-001035,treatment,1,1,0,synthetic,near_null_effect
SYN-001036,treatment,1,1,0,synthetic,near_null_effect
SYN-001037,treatment,1,1,0,synthetic,near_null_effect
SYN-001038,control,1,1,0,synthetic,near_null_effect
SYN-001039,treatment,1,1,0,synthetic,near_null_effect
SYN-001040,control,1,1,0,synthetic,near_null_effect
SYN-001041,control,1,1,0,synthetic,near_null_effect
SYN-001042,treatment,1,1,1,synthetic,near_null_effect
SYN-001043,treatment,1,1,0,synthetic,near_null_effect
SYN-001044,control,1,1,0,synthetic,near_null_effect
SYN-001045,control,1,1,0,synthetic,near_null_effect
SYN-001046,treatment,1,1,0,synthetic,near_null_effect
SYN-001047,treatment,1,1,0,synthetic,near_null_effect
SYN-001048,control,1,1,1,synthetic,near_null_effect
SYN-001049,control,1,1,0,synthetic,near_null_effect
SYN-001050,treatment,1,1,0,synthetic,near_null_effect
SYN-001051,treatment,1,1,0,synthetic,near_null_effect
SYN-001052,treatment,1,1,0,synthetic,near_null_effect
SYN-001053,control,1,1,0,synthetic,near_null_effect
SYN-001054,treatment,1,1,1,synthetic,near_null_effect
SYN-001055,treatment,1,1,0,synthetic,near_null_effect
SYN-001056,control,1,1,0,synthetic,near_null_effect
SYN-001057,treatment,1,1,0,synthetic,near_null_effect
SYN-001058,treatment,1,1,0,synthetic,near_null_effect
SYN-001059,control,1,1,0,synthetic,near_null_effect
SYN-001060,treatment,1,1,0,synthetic,near_null_effect
SYN-001061,treatment,1,1,0,synthetic,near_null_effect
SYN-001062,treatment,1,1,1,synthetic,near_null_effect
SYN-001063,control,1,1,1,synthetic,near_null_effect
SYN-001064,treatment,1,1,0,synthetic,near_null_effect
SYN-001065,treatment,1,1,0,synthetic,near_null_effect
SYN-001066,control,1,1,0,synthetic,near_null_effect
SYN-001067,treatment,1,1,0,synthetic,near_null_effect
SYN-001068,treatment,1,1,0,synthetic,near_null_effect
SYN-001069,control,1,1,0,synthetic,near_null_effect
SYN-001070,control,1,1,0,synthetic,near_null_effect
SYN-001071,treatment,1,1,0,synthetic,near_null_effect
SYN-001072,control,1,1,0,synthetic,near_null_effect
SYN-001073,treatment,1,1,0,synthetic,near_null_effect
SYN-001074,control,1,1,0,synthetic,near_null_effect
SYN-001075,control,1,1,0,synthetic,near_null_effect
SYN-001076,control,1,1,0,synthetic,near_null_effect
SYN-001077,control,1,1,0,synthetic,near_null_effect
SYN-001078,control,1,1,0,synthetic,near_null_effect
SYN-001079,treatment,1,1,0,synthetic,near_null_effect
SYN-001080,treatment,1,1,0,synthetic,near_null_effect
SYN-001081,treatment,1,1,0,synthetic,near_null_effect
SYN-001082,treatment,1,1,0,synthetic,near_null_effect
SYN-001083,control,1,1,0,synthetic,near_null_effect
SYN-001084,control,1,1,0,synthetic,near_null_effect
SYN-001085,control,1,1,0,synthetic,near_null_effect
SYN-001086,control,1,1,1,synthetic,near_null_effect
SYN-001087,treatment,1,1,0,synthetic,near_null_effect
SYN-001088,treatment,1,1,0,synthetic,near_null_effect
SYN-001089,treatment,1,1,1,synthetic,near_null_effect
SYN-001090,control,1,1,0,synthetic,near_null_effect
SYN-001091,treatment,1,1,1,synthetic,near_null_effect
SYN-001092,treatment,1,1,0,synthetic,near_null_effect
SYN-001093,control,1,1,0,synthetic,near_null_effect
SYN-001094,treatment,1,1,0,synthetic,near_null_effect
SYN-001095,control,1,1,0,synthetic,near_null_effect
SYN-001096,treatment,1,1,0,synthetic,near_null_effect
SYN-001097,treatment,1,1,0,synthetic,near_null_effect
SYN-001098,treatment,1,1,1,synthetic,near_null_effect
SYN-001099,treatment,1,1,0,synthetic,near_null_effect
SYN-001100,control,1,1,1,synthetic,near_null_effect
SYN-001101,control,1,1,0,synthetic,near_null_effect
SYN-001102,control,1,1,0,synthetic,near_null_effect
SYN-001103,control,1,1,0,synthetic,near_null_effect
SYN-001104,control,1,1,0,synthetic,near_null_effect
SYN-001105,treatment,1,1,0,synthetic,near_null_effect
SYN-001106,treatment,1,1,0,synthetic,near_null_effect
SYN-001107,control,1,1,0,synthetic,near_null_effect
SYN-001108,control,1,1,0,synthetic,near_null_effect
SYN-001109,control,1,1,1,synthetic,near_null_effect
SYN-001110,treatment,1,1,0,synthetic,near_null_effect
SYN-001111,control,1,1,0,synthetic,near_null_effect
SYN-001112,control,1,1,0,synthetic,near_null_effect
SYN-001113,control,1,1,0,synthetic,near_null_effect
SYN-001114,control,1,1,0,synthetic,near_null_effect
SYN-001115,treatment,1,1,0,synthetic,near_null_effect
SYN-001116,control,1,1,0,synthetic,near_null_effect
SYN-001117,treatment,1,1,0,synthetic,near_null_effect
SYN-001118,treatment,1,1,0,synthetic,near_null_effect
SYN-001119,control,1,1,0,synthetic,near_null_effect
SYN-001120,treatment,1,1,0,synthetic,near_null_effect
SYN-001121,treatment,1,1,1,synthetic,near_null_effect
SYN-001122,treatment,1,1,0,synthetic,near_null_effect
SYN-001123,treatment,1,1,0,synthetic,near_null_effect
SYN-001124,control,1,1,0,synthetic,near_null_effect
SYN-001125,treatment,1,1,0,synthetic,near_null_effect
SYN-001126,treatment,1,1,0,synthetic,near_null_effect
SYN-001127,control,1,1,0,synthetic,near_null_effect
SYN-001128,treatment,1,1,0,synthetic,near_null_effect
SYN-001129,control,1,1,0,synthetic,near_null_effect
SYN-001130,control,1,1,0,synthetic,near_null_effect
SYN-001131,treatment,1,1,0,synthetic,near_null_effect
SYN-001132,control,1,1,0,synthetic,near_null_effect
SYN-001133,control,1,1,0,synthetic,near_null_effect
SYN-001134,treatment,1,1,0,synthetic,near_null_effect
SYN-001135,treatment,1,1,0,synthetic,near_null_effect
SYN-001136,treatment,1,1,1,synthetic,near_null_effect
SYN-001137,control,1,1,0,synthetic,near_null_effect
SYN-001138,treatment,1,1,1,synthetic,near_null_effect
SYN-001139,control,1,1,0,synthetic,near_null_effect
SYN-001140,treatment,1,1,0,synthetic,near_null_effect
SYN-001141,treatment,1,1,1,synthetic,near_null_effect
SYN-001142,treatment,1,1,0,synthetic,near_null_effect
SYN-001143,treatment,1,1,0,synthetic,near_null_effect
SYN-001144,treatment,1,1,0,synthetic,near_null_effect
SYN-001145,control,1,1,0,synthetic,near_null_effect
SYN-001146,treatment,1,1,0,synthetic,near_null_effect
SYN-001147,control,1,1,1,synthetic,near_null_effect
SYN-001148,treatment,1,1,0,synthetic,near_null_effect
SYN-001149,control,1,1,0,synthetic,near_null_effect
SYN-001150,control,1,1,0,synthetic,near_null_effect
SYN-001151,control,1,1,0,synthetic,near_null_effect
SYN-001152,control,1,1,1,synthetic,near_null_effect
SYN-001153,treatment,1,1,0,synthetic,near_null_effect
SYN-001154,control,1,1,0,synthetic,near_null_effect
SYN-001155,treatment,1,1,0,synthetic,near_null_effect
SYN-001156,treatment,1,1,0,synthetic,near_null_effect
SYN-001157,control,1,1,0,synthetic,near_null_effect
SYN-001158,treatment,1,1,0,synthetic,near_null_effect
SYN-001159,control,1,1,0,synthetic,near_null_effect
SYN-001160,control,1,1,0,synthetic,near_null_effect
SYN-001161,treatment,1,1,0,synthetic,near_null_effect
SYN-001162,treatment,1,1,0,synthetic,near_null_effect
SYN-001163,control,1,1,0,synthetic,near_null_effect
SYN-001164,control,1,1,0,synthetic,near_null_effect
SYN-001165,control,1,1,1,synthetic,near_null_effect
SYN-001166,treatment,1,1,0,synthetic,near_null_effect
SYN-001167,control,1,1,0,synthetic,near_null_effect
SYN-001168,control,1,1,0,synthetic,near_null_effect
SYN-001169,treatment,1,1,0,synthetic,near_null_effect
SYN-001170,control,1,1,0,synthetic,near_null_effect
SYN-001171,control,1,1,0,synthetic,near_null_effect
SYN-001172,treatment,1,1,0,synthetic,near_null_effect
SYN-001173,treatment,1,1,0,synthetic,near_null_effect
SYN-001174,control,1,1,0,synthetic,near_null_effect
SYN-001175,control,1,1,1,synthetic,near_null_effect
SYN-001176,control,1,1,1,synthetic,near_null_effect
SYN-001177,control,1,1,1,synthetic,near_null_effect
SYN-001178,control,1,1,0,synthetic,near_null_effect
SYN-001179,control,1,1,1,synthetic,near_null_effect
SYN-001180,control,1,1,1,synthetic,near_null_effect
SYN-001181,treatment,1,1,1,synthetic,near_null_effect
SYN-001182,control,1,1,0,synthetic,near_null_effect
SYN-001183,control,1,1,0,synthetic,near_null_effect
SYN-001184,treatment,1,1,0,synthetic,near_null_effect
SYN-001185,treatment,1,1,0,synthetic,near_null_effect
SYN-001186,treatment,1,1,0,synthetic,near_null_effect
SYN-001187,treatment,1,1,0,synthetic,near_null_effect
SYN-001188,treatment,1,1,1,synthetic,near_null_effect
SYN-001189,treatment,1,1,0,synthetic,near_null_effect
SYN-001190,control,1,1,0,synthetic,near_null_effect
SYN-001191,control,1,1,0,synthetic,near_null_effect
SYN-001192,control,1,1,0,synthetic,near_null_effect
SYN-001193,control,1,1,0,synthetic,near_null_effect
SYN-001194,treatment,1,1,0,synthetic,near_null_effect
SYN-001195,treatment,1,1,0,synthetic,near_null_effect
SYN-001196,treatment,1,1,0,synthetic,near_null_effect
SYN-001197,control,1,1,0,synthetic,near_null_effect
SYN-001198,treatment,1,1,0,synthetic,near_null_effect
SYN-001199,treatment,1,1,0,synthetic,near_null_effect
SYN-001200,control,1,1,0,synthetic,near_null_effect
SYN-001201,treatment,1,1,0,synthetic,near_null_effect
SYN-001202,control,1,1,0,synthetic,near_null_effect
SYN-001203,control,1,1,0,synthetic,near_null_effect
SYN-001204,control,1,1,0,synthetic,near_null_effect
SYN-001205,control,1,1,0,synthetic,near_null_effect
SYN-001206,treatment,1,1,0,synthetic,near_null_effect
SYN-001207,treatment,1,1,0,synthetic,near_null_effect
SYN-001208,control,1,1,0,synthetic,near_null_effect
SYN-001209,treatment,1,1,0,synthetic,near_null_effect
SYN-001210,control,1,1,1,synthetic,near_null_effect
SYN-001211,treatment,1,1,0,synthetic,near_null_effect
SYN-001212,treatment,1,1,1,synthetic,near_null_effect
SYN-001213,control,1,1,0,synthetic,near_null_effect
SYN-001214,control,1,1,1,synthetic,near_null_effect
SYN-001215,control,1,1,0,synthetic,near_null_effect
SYN-001216,treatment,1,1,1,synthetic,near_null_effect
SYN-001217,control,1,1,0,synthetic,near_null_effect
SYN-001218,control,1,1,0,synthetic,near_null_effect
SYN-001219,treatment,1,1,0,synthetic,near_null_effect
SYN-001220,treatment,1,1,0,synthetic,near_null_effect
SYN-001221,treatment,1,1,0,synthetic,near_null_effect
SYN-001222,treatment,1,1,1,synthetic,near_null_effect
SYN-001223,treatment,1,1,0,synthetic,near_null_effect
SYN-001224,control,1,1,0,synthetic,near_null_effect
SYN-001225,control,1,1,1,synthetic,near_null_effect
SYN-001226,control,1,1,0,synthetic,near_null_effect
SYN-001227,treatment,1,1,0,synthetic,near_null_effect
SYN-001228,control,1,1,0,synthetic,near_null_effect
SYN-001229,treatment,1,1,0,synthetic,near_null_effect
SYN-001230,treatment,1,1,1,synthetic,near_null_effect
SYN-001231,treatment,1,1,0,synthetic,near_null_effect
SYN-001232,control,1,1,0,synthetic,near_null_effect
SYN-001233,control,1,1,0,synthetic,near_null_effect
SYN-001234,treatment,1,1,0,synthetic,near_null_effect
SYN-001235,control,1,1,0,synthetic,near_null_effect
SYN-001236,treatment,1,1,0,synthetic,near_null_effect
SYN-001237,control,1,1,0,synthetic,near_null_effect
SYN-001238,control,1,1,0,synthetic,near_null_effect
SYN-001239,treatment,1,1,0,synthetic,near_null_effect
SYN-001240,treatment,1,1,0,synthetic,near_null_effect
SYN-001241,control,1,1,0,synthetic,near_null_effect
SYN-001242,treatment,1,1,0,synthetic,near_null_effect
SYN-001243,control,1,1,0,synthetic,near_null_effect
SYN-001244,control,1,1,0,synthetic,near_null_effect
SYN-001245,treatment,1,1,0,synthetic,near_null_effect
SYN-001246,treatment,1,1,1,synthetic,near_null_effect
SYN-001247,control,1,1,0,synthetic,near_null_effect
SYN-001248,control,1,1,0,synthetic,near_null_effect
SYN-001249,treatment,1,1,0,synthetic,near_null_effect
SYN-001250,control,1,1,0,synthetic,near_null_effect
SYN-001251,treatment,1,1,1,synthetic,near_null_effect
SYN-001252,control,1,1,0,synthetic,near_null_effect
SYN-001253,control,1,1,0,synthetic,near_null_effect
SYN-001254,treatment,1,1,0,synthetic,near_null_effect
SYN-001255,control,1,1,0,synthetic,near_null_effect
SYN-001256,control,1,1,0,synthetic,near_null_effect
SYN-001257,control,1,1,0,synthetic,near_null_effect
SYN-001258,control,1,1,0,synthetic,near_null_effect
SYN-001259,treatment,1,1,0,synthetic,near_null_effect
SYN-001260,control,1,1,0,synthetic,near_null_effect
SYN-001261,treatment,1,1,0,synthetic,near_null_effect
SYN-001262,treatment,1,1,0,synthetic,near_null_effect
SYN-001263,treatment,1,1,0,synthetic,near_null_effect
SYN-001264,control,1,1,0,synthetic,near_null_effect
SYN-001265,control,1,1,0,synthetic,near_null_effect
SYN-001266,treatment,1,1,0,synthetic,near_null_effect
SYN-001267,control,1,1,0,synthetic,near_null_effect
SYN-001268,treatment,1,1,0,synthetic,near_null_effect
SYN-001269,treatment,1,1,0,synthetic,near_null_effect
SYN-001270,treatment,1,1,0,synthetic,near_null_effect
SYN-001271,control,1,1,1,synthetic,near_null_effect
SYN-001272,treatment,1,1,0,synthetic,near_null_effect
SYN-001273,control,1,1,0,synthetic,near_null_effect
SYN-001274,control,1,1,0,synthetic,near_null_effect
SYN-001275,control,1,1,0,synthetic,near_null_effect
SYN-001276,treatment,1,1,0,synthetic,near_null_effect
SYN-001277,control,1,1,0,synthetic,near_null_effect
SYN-001278,control,1,1,0,synthetic,near_null_effect
SYN-001279,control,1,1,0,synthetic,near_null_effect
SYN-001280,treatment,1,1,0,synthetic,near_null_effect
SYN-001281,treatment,1,1,0,synthetic,near_null_effect
SYN-001282,control,1,1,0,synthetic,near_null_effect
SYN-001283,treatment,1,1,0,synthetic,near_null_effect
SYN-001284,control,1,1,0,synthetic,near_null_effect
SYN-001285,control,1,1,0,synthetic,near_null_effect
SYN-001286,treatment,1,1,0,synthetic,near_null_effect
SYN-001287,treatment,1,1,0,synthetic,near_null_effect
SYN-001288,control,1,1,0,synthetic,near_null_effect
SYN-001289,control,1,1,0,synthetic,near_null_effect
SYN-001290,control,1,1,0,synthetic,near_null_effect
SYN-001291,treatment,1,1,0,synthetic,near_null_effect
SYN-001292,control,1,1,0,synthetic,near_null_effect
SYN-001293,treatment,1,1,0,synthetic,near_null_effect
SYN-001294,treatment,1,1,0,synthetic,near_null_effect
SYN-001295,treatment,1,1,0,synthetic,near_null_effect
SYN-001296,treatment,1,1,0,synthetic,near_null_effect
SYN-001297,control,1,1,0,synthetic,near_null_effect
SYN-001298,control,1,1,0,synthetic,near_null_effect
SYN-001299,treatment,1,1,0,synthetic,near_null_effect
SYN-001300,control,1,1,0,synthetic,near_null_effect
SYN-001301,treatment,1,1,0,synthetic,near_null_effect
SYN-001302,control,1,1,0,synthetic,near_null_effect
SYN-001303,control,1,1,0,synthetic,near_null_effect
SYN-001304,treatment,1,1,0,synthetic,near_null_effect
SYN-001305,treatment,1,1,0,synthetic,near_null_effect
SYN-001306,treatment,1,1,0,synthetic,near_null_effect
SYN-001307,treatment,1,1,0,synthetic,near_null_effect
SYN-001308,treatment,1,1,0,synthetic,near_null_effect
SYN-001309,control,1,1,0,synthetic,near_null_effect
SYN-001310,treatment,1,1,0,synthetic,near_null_effect
SYN-001311,treatment,1,1,0,synthetic,near_null_effect
SYN-001312,control,1,1,0,synthetic,near_null_effect
SYN-001313,treatment,1,1,0,synthetic,near_null_effect
SYN-001314,treatment,1,1,0,synthetic,near_null_effect
SYN-001315,treatment,1,1,0,synthetic,near_null_effect
SYN-001316,control,1,1,0,synthetic,near_null_effect
SYN-001317,control,1,1,0,synthetic,near_null_effect
SYN-001318,control,1,1,0,synthetic,near_null_effect
SYN-001319,control,1,1,0,synthetic,near_null_effect
SYN-001320,treatment,1,1,0,synthetic,near_null_effect
SYN-001321,treatment,1,1,0,synthetic,near_null_effect
SYN-001322,control,1,1,0,synthetic,near_null_effect
SYN-001323,control,1,1,0,synthetic,near_null_effect
SYN-001324,control,1,1,0,synthetic,near_null_effect
SYN-001325,control,1,1,0,synthetic,near_null_effect
SYN-001326,treatment,1,1,0,synthetic,near_null_effect
SYN-001327,control,1,1,0,synthetic,near_null_effect
SYN-001328,treatment,1,1,0,synthetic,near_null_effect
SYN-001329,treatment,1,1,0,synthetic,near_null_effect
SYN-001330,treatment,1,1,1,synthetic,near_null_effect
SYN-001331,treatment,1,1,0,synthetic,near_null_effect
SYN-001332,control,1,1,0,synthetic,near_null_effect
SYN-001333,control,1,1,0,synthetic,near_null_effect
SYN-001334,control,1,1,0,synthetic,near_null_effect
SYN-001335,treatment,1,1,0,synthetic,near_null_effect
SYN-001336,treatment,1,1,0,synthetic,near_null_effect
SYN-001337,treatment,1,1,0,synthetic,near_null_effect
SYN-001338,treatment,1,1,0,synthetic,near_null_effect
SYN-001339,treatment,1,1,0,synthetic,near_null_effect
SYN-001340,treatment,1,1,0,synthetic,near_null_effect
SYN-001341,control,1,1,0,synthetic,near_null_effect
SYN-001342,treatment,1,1,0,synthetic,near_null_effect
SYN-001343,control,1,1,0,synthetic,near_null_effect
SYN-001344,treatment,1,1,1,synthetic,near_null_effect
SYN-001345,treatment,1,1,0,synthetic,near_null_effect
SYN-001346,treatment,1,1,0,synthetic,near_null_effect
SYN-001347,control,1,1,0,synthetic,near_null_effect
SYN-001348,treatment,1,1,0,synthetic,near_null_effect
SYN-001349,treatment,1,1,0,synthetic,near_null_effect
SYN-001350,treatment,1,1,0,synthetic,near_null_effect
SYN-001351,treatment,1,1,0,synthetic,near_null_effect
SYN-001352,treatment,1,1,0,synthetic,near_null_effect
SYN-001353,control,1,1,0,synthetic,near_null_effect
SYN-001354,treatment,1,1,0,synthetic,near_null_effect
SYN-001355,control,1,1,0,synthetic,near_null_effect
SYN-001356,control,1,1,0,synthetic,near_null_effect
SYN-001357,treatment,1,1,0,synthetic,near_null_effect
SYN-001358,control,1,1,0,synthetic,near_null_effect
SYN-001359,control,1,1,0,synthetic,near_null_effect
SYN-001360,treatment,1,1,0,synthetic,near_null_effect
SYN-001361,control,1,1,0,synthetic,near_null_effect
SYN-001362,treatment,1,1,0,synthetic,near_null_effect
SYN-001363,treatment,1,1,0,synthetic,near_null_effect
SYN-001364,treatment,1,1,0,synthetic,near_null_effect
SYN-001365,control,1,1,0,synthetic,near_null_effect
SYN-001366,treatment,1,1,0,synthetic,near_null_effect
SYN-001367,control,1,1,0,synthetic,near_null_effect
SYN-001368,control,1,1,0,synthetic,near_null_effect
SYN-001369,control,1,1,0,synthetic,near_null_effect
SYN-001370,treatment,1,1,0,synthetic,near_null_effect
SYN-001371,control,1,1,0,synthetic,near_null_effect
SYN-001372,treatment,1,1,1,synthetic,near_null_effect
SYN-001373,treatment,1,1,0,synthetic,near_null_effect
SYN-001374,control,1,1,0,synthetic,near_null_effect
SYN-001375,control,1,1,0,synthetic,near_null_effect
SYN-001376,treatment,1,1,0,synthetic,near_null_effect
SYN-001377,treatment,1,1,0,synthetic,near_null_effect
SYN-001378,control,1,1,0,synthetic,near_null_effect
SYN-001379,control,1,1,0,synthetic,near_null_effect
SYN-001380,treatment,1,1,1,synthetic,near_null_effect
SYN-001381,treatment,1,1,0,synthetic,near_null_effect
SYN-001382,treatment,1,1,0,synthetic,near_null_effect
SYN-001383,treatment,1,1,0,synthetic,near_null_effect
SYN-001384,control,1,1,0,synthetic,near_null_effect
SYN-001385,control,1,1,0,synthetic,near_null_effect
SYN-001386,control,1,1,0,synthetic,near_null_effect
SYN-001387,control,1,1,0,synthetic,near_null_effect
SYN-001388,treatment,1,1,0,synthetic,near_null_effect
SYN-001389,treatment,1,1,0,synthetic,near_null_effect
SYN-001390,treatment,1,1,0,synthetic,near_null_effect
SYN-001391,treatment,1,1,1,synthetic,near_null_effect
SYN-001392,treatment,1,1,0,synthetic,near_null_effect
SYN-001393,control,1,1,0,synthetic,near_null_effect
SYN-001394,treatment,1,1,0,synthetic,near_null_effect
SYN-001395,control,1,1,0,synthetic,near_null_effect
SYN-001396,treatment,1,1,1,synthetic,near_null_effect
SYN-001397,control,1,1,0,synthetic,near_null_effect
SYN-001398,treatment,1,1,0,synthetic,near_null_effect
SYN-001399,treatment,1,1,0,synthetic,near_null_effect
SYN-001400,treatment,1,1,0,synthetic,near_null_effect
SYN-001401,treatment,1,1,0,synthetic,near_null_effect
SYN-001402,control,1,1,0,synthetic,near_null_effect
SYN-001403,treatment,1,1,0,synthetic,near_null_effect
SYN-001404,control,1,1,0,synthetic,near_null_effect
SYN-001405,control,1,1,0,synthetic,near_null_effect
SYN-001406,control,1,1,1,synthetic,near_null_effect
SYN-001407,control,1,1,0,synthetic,near_null_effect
SYN-001408,control,1,1,0,synthetic,near_null_effect
SYN-001409,control,1,1,0,synthetic,near_null_effect
SYN-001410,treatment,1,1,0,synthetic,near_null_effect
SYN-001411,treatment,1,1,1,synthetic,near_null_effect
SYN-001412,control,1,1,0,synthetic,near_null_effect
SYN-001413,control,1,1,0,synthetic,near_null_effect
SYN-001414,control,1,1,0,synthetic,near_null_effect
SYN-001415,control,1,1,0,synthetic,near_null_effect
SYN-001416,control,1,1,1,synthetic,near_null_effect
SYN-001417,control,1,1,0,synthetic,near_null_effect
SYN-001418,treatment,1,1,0,synthetic,near_null_effect
SYN-001419,control,1,1,0,synthetic,near_null_effect
SYN-001420,treatment,1,1,0,synthetic,near_null_effect
SYN-001421,treatment,1,1,0,synthetic,near_null_effect
SYN-001422,control,1,1,0,synthetic,near_null_effect
SYN-001423,treatment,1,1,0,synthetic,near_null_effect
SYN-001424,treatment,1,1,0,synthetic,near_null_effect
SYN-001425,control,1,1,0,synthetic,near_null_effect
SYN-001426,control,1,1,0,synthetic,near_null_effect
SYN-001427,treatment,1,1,0,synthetic,near_null_effect
SYN-001428,treatment,1,1,0,synthetic,near_null_effect
SYN-001429,treatment,1,1,0,synthetic,near_null_effect
SYN-001430,treatment,1,1,0,synthetic,near_null_effect
SYN-001431,control,1,1,0,synthetic,near_null_effect
SYN-001432,control,1,1,0,synthetic,near_null_effect
SYN-001433,control,1,1,0,synthetic,near_null_effect
SYN-001434,treatment,1,1,0,synthetic,near_null_effect
SYN-001435,control,1,1,0,synthetic,near_null_effect
SYN-001436,treatment,1,1,0,synthetic,near_null_effect
SYN-001437,treatment,1,1,0,synthetic,near_null_effect
SYN-001438,control,1,1,0,synthetic,near_null_effect
SYN-001439,treatment,1,1,0,synthetic,near_null_effect
SYN-001440,control,1,1,0,synthetic,near_null_effect
SYN-001441,control,1,1,0,synthetic,near_null_effect
SYN-001442,control,1,1,0,synthetic,near_null_effect
SYN-001443,control,1,1,0,synthetic,near_null_effect
SYN-001444,control,1,1,0,synthetic,near_null_effect
SYN-001445,treatment,1,1,0,synthetic,near_null_effect
SYN-001446,treatment,1,1,1,synthetic,near_null_effect
SYN-001447,control,1,1,0,synthetic,near_null_effect
SYN-001448,treatment,1,1,0,synthetic,near_null_effect
SYN-001449,treatment,1,1,0,synthetic,near_null_effect
SYN-001450,control,1,1,0,synthetic,near_null_effect
SYN-001451,control,1,1,0,synthetic,near_null_effect
SYN-001452,control,1,1,0,synthetic,near_null_effect
SYN-001453,treatment,1,1,0,synthetic,near_null_effect
SYN-001454,treatment,1,1,0,synthetic,near_null_effect
SYN-001455,treatment,1,1,0,synthetic,near_null_effect
SYN-001456,treatment,1,1,0,synthetic,near_null_effect
SYN-001457,treatment,1,1,0,synthetic,near_null_effect
SYN-001458,treatment,1,1,0,synthetic,near_null_effect
SYN-001459,control,1,1,0,synthetic,near_null_effect
SYN-001460,treatment,1,1,1,synthetic,near_null_effect
SYN-001461,treatment,1,1,1,synthetic,near_null_effect
SYN-001462,control,1,1,0,synthetic,near_null_effect
SYN-001463,control,1,1,0,synthetic,near_null_effect
SYN-001464,treatment,1,1,0,synthetic,near_null_effect
SYN-001465,control,1,1,0,synthetic,near_null_effect
SYN-001466,control,1,1,0,synthetic,near_null_effect
SYN-001467,treatment,1,1,0,synthetic,near_null_effect
SYN-001468,control,1,1,0,synthetic,near_null_effect
SYN-001469,treatment,1,1,1,synthetic,near_null_effect
SYN-001470,control,1,1,0,synthetic,near_null_effect
SYN-001471,treatment,1,1,0,synthetic,near_null_effect
SYN-001472,treatment,1,1,0,synthetic,near_null_effect
SYN-001473,control,1,1,0,synthetic,near_null_effect
SYN-001474,control,1,1,0,synthetic,near_null_effect
SYN-001475,control,1,1,0,synthetic,near_null_effect
SYN-001476,treatment,1,1,0,synthetic,near_null_effect
SYN-001477,treatment,1,1,1,synthetic,near_null_effect
SYN-001478,treatment,1,1,0,synthetic,near_null_effect
SYN-001479,treatment,1,1,0,synthetic,near_null_effect
SYN-001480,control,1,1,0,synthetic,near_null_effect
SYN-001481,control,1,1,0,synthetic,near_null_effect
SYN-001482,treatment,1,1,0,synthetic,near_null_effect
SYN-001483,control,1,1,0,synthetic,near_null_effect
SYN-001484,control,1,1,0,synthetic,near_null_effect
SYN-001485,treatment,1,1,0,synthetic,near_null_effect
SYN-001486,control,1,1,0,synthetic,near_null_effect
SYN-001487,control,1,1,0,synthetic,near_null_effect
SYN-001488,control,1,1,0,synthetic,near_null_effect
SYN-001489,treatment,1,1,0,synthetic,near_null_effect
SYN-001490,treatment,1,1,1,synthetic,near_null_effect
SYN-001491,treatment,1,1,0,synthetic,near_null_effect
SYN-001492,control,1,1,1,synthetic,near_null_effect
SYN-001493,treatment,1,1,0,synthetic,near_null_effect
SYN-001494,control,1,1,0,synthetic,near_null_effect
SYN-001495,control,1,1,0,synthetic,near_null_effect
SYN-001496,treatment,1,1,0,synthetic,near_null_effect
SYN-001497,treatment,1,1,1,synthetic,near_null_effect
SYN-001498,treatment,1,1,0,synthetic,near_null_effect
SYN-001499,control,1,1,0,synthetic,near_null_effect
SYN-001500,control,1,1,0,synthetic,near_null_effect
SYN-001501,control,1,1,0,synthetic,near_null_effect
SYN-001502,control,1,1,0,synthetic,near_null_effect
SYN-001503,control,1,1,0,synthetic,near_null_effect
SYN-001504,treatment,1,1,0,synthetic,near_null_effect
SYN-001505,control,1,1,0,synthetic,near_null_effect
SYN-001506,treatment,1,1,0,synthetic,near_null_effect
SYN-001507,control,1,1,0,synthetic,near_null_effect
SYN-001508,treatment,1,1,0,synthetic,near_null_effect
SYN-001509,control,1,1,0,synthetic,near_null_effect
SYN-001510,treatment,1,1,0,synthetic,near_null_effect
SYN-001511,treatment,1,1,0,synthetic,near_null_effect
SYN-001512,treatment,1,1,0,synthetic,near_null_effect
SYN-001513,control,1,1,0,synthetic,near_null_effect
SYN-001514,control,1,1,0,synthetic,near_null_effect
SYN-001515,control,1,1,0,synthetic,near_null_effect
SYN-001516,treatment,1,1,0,synthetic,near_null_effect
SYN-001517,treatment,1,1,0,synthetic,near_null_effect
SYN-001518,control,1,1,0,synthetic,near_null_effect
SYN-001519,treatment,1,1,0,synthetic,near_null_effect
SYN-001520,treatment,1,1,0,synthetic,near_null_effect
SYN-001521,control,1,1,0,synthetic,near_null_effect
SYN-001522,treatment,1,1,0,synthetic,near_null_effect
SYN-001523,control,1,1,0,synthetic,near_null_effect
SYN-001524,treatment,1,1,0,synthetic,near_null_effect
SYN-001525,treatment,1,1,1,synthetic,near_null_effect
SYN-001526,control,1,1,0,synthetic,near_null_effect
SYN-001527,treatment,1,1,0,synthetic,near_null_effect
SYN-001528,treatment,1,1,0,synthetic,near_null_effect
SYN-001529,control,1,1,0,synthetic,near_null_effect
SYN-001530,control,1,1,0,synthetic,near_null_effect
SYN-001531,treatment,1,1,0,synthetic,near_null_effect
SYN-001532,control,1,1,0,synthetic,near_null_effect
SYN-001533,control,1,1,0,synthetic,near_null_effect
SYN-001534,control,1,1,0,synthetic,near_null_effect
SYN-001535,treatment,1,1,0,synthetic,near_null_effect
SYN-001536,treatment,1,1,0,synthetic,near_null_effect
SYN-001537,control,1,1,0,synthetic,near_null_effect
SYN-001538,treatment,1,1,0,synthetic,near_null_effect
SYN-001539,treatment,1,1,0,synthetic,near_null_effect
SYN-001540,treatment,1,1,0,synthetic,near_null_effect
SYN-001541,control,1,1,0,synthetic,near_null_effect
SYN-001542,control,1,1,0,synthetic,near_null_effect
SYN-001543,treatment,1,1,0,synthetic,near_null_effect
SYN-001544,treatment,1,1,0,synthetic,near_null_effect
SYN-001545,treatment,1,1,0,synthetic,near_null_effect
SYN-001546,control,1,1,0,synthetic,near_null_effect
SYN-001547,control,1,1,0,synthetic,near_null_effect
SYN-001548,control,1,1,0,synthetic,near_null_effect
SYN-001549,control,1,1,0,synthetic,near_null_effect
SYN-001550,treatment,1,1,0,synthetic,near_null_effect
SYN-001551,treatment,1,1,0,synthetic,near_null_effect
SYN-001552,control,1,1,0,synthetic,near_null_effect
SYN-001553,treatment,1,1,0,synthetic,near_null_effect
SYN-001554,control,1,1,0,synthetic,near_null_effect
SYN-001555,treatment,1,1,1,synthetic,near_null_effect
SYN-001556,treatment,1,1,0,synthetic,near_null_effect
SYN-001557,treatment,1,1,0,synthetic,near_null_effect
SYN-001558,treatment,1,1,0,synthetic,near_null_effect
SYN-001559,treatment,1,1,0,synthetic,near_null_effect
SYN-001560,treatment,1,1,0,synthetic,near_null_effect
SYN-001561,treatment,1,1,0,synthetic,near_null_effect
SYN-001562,treatment,1,1,0,synthetic,near_null_effect
SYN-001563,control,1,1,0,synthetic,near_null_effect
SYN-001564,treatment,1,1,0,synthetic,near_null_effect
SYN-001565,treatment,1,1,1,synthetic,near_null_effect
SYN-001566,treatment,1,1,0,synthetic,near_null_effect
SYN-001567,treatment,1,1,0,synthetic,near_null_effect
SYN-001568,treatment,1,1,0,synthetic,near_null_effect
SYN-001569,control,1,1,0,synthetic,near_null_effect
SYN-001570,control,1,1,0,synthetic,near_null_effect
SYN-001571,control,1,1,0,synthetic,near_null_effect
SYN-001572,treatment,1,1,0,synthetic,near_null_effect
SYN-001573,control,1,1,0,synthetic,near_null_effect
SYN-001574,control,1,1,0,synthetic,near_null_effect
SYN-001575,treatment,1,1,0,synthetic,near_null_effect
SYN-001576,control,1,1,0,synthetic,near_null_effect
SYN-001577,treatment,1,1,0,synthetic,near_null_effect
SYN-001578,control,1,1,0,synthetic,near_null_effect
SYN-001579,control,1,1,0,synthetic,near_null_effect
SYN-001580,control,1,1,0,synthetic,near_null_effect
SYN-001581,control,1,1,0,synthetic,near_null_effect
SYN-001582,treatment,1,1,1,synthetic,near_null_effect
SYN-001583,control,1,1,0,synthetic,near_null_effect
SYN-001584,control,1,1,0,synthetic,near_null_effect
SYN-001585,control,1,1,0,synthetic,near_null_effect
SYN-001586,treatment,1,1,0,synthetic,near_null_effect
SYN-001587,treatment,1,1,0,synthetic,near_null_effect
SYN-001588,control,1,1,0,synthetic,near_null_effect
SYN-001589,treatment,1,1,1,synthetic,near_null_effect
SYN-001590,control,1,1,0,synthetic,near_null_effect
SYN-001591,control,1,1,0,synthetic,near_null_effect
SYN-001592,treatment,1,1,0,synthetic,near_null_effect
SYN-001593,treatment,1,1,0,synthetic,near_null_effect
SYN-001594,treatment,1,1,1,synthetic,near_null_effect
SYN-001595,control,1,1,0,synthetic,near_null_effect
SYN-001596,treatment,1,1,0,synthetic,near_null_effect
SYN-001597,treatment,1,1,0,synthetic,near_null_effect
SYN-001598,treatment,1,1,1,synthetic,near_null_effect
SYN-001599,control,1,1,0,synthetic,near_null_effect
SYN-001600,control,1,1,1,synthetic,near_null_effect
SYN-001601,control,1,1,0,synthetic,near_null_effect
SYN-001602,treatment,1,1,0,synthetic,near_null_effect
SYN-001603,control,1,1,0,synthetic,near_null_effect
SYN-001604,control,1,1,0,synthetic,near_null_effect
SYN-001605,treatment,1,1,0,synthetic,near_null_effect
SYN-001606,control,1,1,0,synthetic,near_null_effect
SYN-001607,control,1,1,1,synthetic,near_null_effect
SYN-001608,treatment,1,1,0,synthetic,near_null_effect
SYN-001609,treatment,1,1,0,synthetic,near_null_effect
SYN-001610,treatment,1,1,0,synthetic,near_null_effect
SYN-001611,control,1,1,0,synthetic,near_null_effect
SYN-001612,control,1,1,0,synthetic,near_null_effect
SYN-001613,control,1,1,0,synthetic,near_null_effect
SYN-001614,treatment,1,1,0,synthetic,near_null_effect
SYN-001615,treatment,1,1,0,synthetic,near_null_effect
SYN-001616,control,1,1,0,synthetic,near_null_effect
SYN-001617,treatment,1,1,0,synthetic,near_null_effect
SYN-001618,treatment,1,1,0,synthetic,near_null_effect
SYN-001619,treatment,1,1,0,synthetic,near_null_effect
SYN-001620,treatment,1,1,0,synthetic,near_null_effect
SYN-001621,treatment,1,1,0,synthetic,near_null_effect
SYN-001622,treatment,1,1,0,synthetic,near_null_effect
SYN-001623,control,1,1,0,synthetic,near_null_effect
SYN-001624,control,1,1,0,synthetic,near_null_effect
SYN-001625,treatment,1,1,0,synthetic,near_null_effect
SYN-001626,treatment,1,1,0,synthetic,near_null_effect
SYN-001627,treatment,1,1,0,synthetic,near_null_effect
SYN-001628,treatment,1,1,0,synthetic,near_null_effect
SYN-001629,control,1,1,0,synthetic,near_null_effect
SYN-001630,control,1,1,0,synthetic,near_null_effect
SYN-001631,treatment,1,1,0,synthetic,near_null_effect
SYN-001632,treatment,1,1,0,synthetic,near_null_effect
SYN-001633,control,1,1,0,synthetic,near_null_effect
SYN-001634,control,1,1,0,synthetic,near_null_effect
SYN-001635,control,1,1,0,synthetic,near_null_effect
SYN-001636,treatment,1,1,0,synthetic,near_null_effect
SYN-001637,treatment,1,1,0,synthetic,near_null_effect
SYN-001638,treatment,1,1,0,synthetic,near_null_effect
SYN-001639,control,1,1,0,synthetic,near_null_effect
SYN-001640,control,1,1,0,synthetic,near_null_effect
SYN-001641,control,1,1,0,synthetic,near_null_effect
SYN-001642,control,1,1,0,synthetic,near_null_effect
SYN-001643,treatment,1,1,0,synthetic,near_null_effect
SYN-001644,treatment,1,1,0,synthetic,near_null_effect
SYN-001645,treatment,1,1,0,synthetic,near_null_effect
SYN-001646,control,1,1,0,synthetic,near_null_effect
SYN-001647,treatment,1,1,0,synthetic,near_null_effect
SYN-001648,treatment,1,1,0,synthetic,near_null_effect
SYN-001649,treatment,1,1,0,synthetic,near_null_effect
SYN-001650,control,1,1,0,synthetic,near_null_effect
SYN-001651,control,1,1,0,synthetic,near_null_effect
SYN-001652,control,1,1,0,synthetic,near_null_effect
SYN-001653,treatment,1,1,0,synthetic,near_null_effect
SYN-001654,treatment,1,1,0,synthetic,near_null_effect
SYN-001655,control,1,1,0,synthetic,near_null_effect
SYN-001656,control,1,1,0,synthetic,near_null_effect
SYN-001657,treatment,1,1,0,synthetic,near_null_effect
SYN-001658,control,1,1,1,synthetic,near_null_effect
SYN-001659,control,1,1,0,synthetic,near_null_effect
SYN-001660,treatment,1,1,0,synthetic,near_null_effect
SYN-001661,control,1,1,0,synthetic,near_null_effect
SYN-001662,control,1,1,0,synthetic,near_null_effect
SYN-001663,treatment,1,1,0,synthetic,near_null_effect
SYN-001664,control,1,1,0,synthetic,near_null_effect
SYN-001665,treatment,1,1,0,synthetic,near_null_effect
SYN-001666,treatment,1,1,0,synthetic,near_null_effect
SYN-001667,control,1,1,0,synthetic,near_null_effect
SYN-001668,treatment,1,1,0,synthetic,near_null_effect
SYN-001669,control,1,1,0,synthetic,near_null_effect
SYN-001670,treatment,1,1,0,synthetic,near_null_effect
SYN-001671,control,1,1,0,synthetic,near_null_effect
SYN-001672,control,1,1,0,synthetic,near_null_effect
SYN-001673,treatment,1,1,0,synthetic,near_null_effect
SYN-001674,control,1,1,0,synthetic,near_null_effect
SYN-001675,treatment,1,1,0,synthetic,near_null_effect
SYN-001676,control,1,1,0,synthetic,near_null_effect
SYN-001677,treatment,1,1,0,synthetic,near_null_effect
SYN-001678,treatment,1,1,0,synthetic,near_null_effect
SYN-001679,treatment,1,1,0,synthetic,near_null_effect
SYN-001680,treatment,1,1,1,synthetic,near_null_effect
SYN-001681,treatment,1,1,0,synthetic,near_null_effect
SYN-001682,treatment,1,1,0,synthetic,near_null_effect
SYN-001683,treatment,1,1,0,synthetic,near_null_effect
SYN-001684,control,1,1,0,synthetic,near_null_effect
SYN-001685,treatment,1,1,1,synthetic,near_null_effect
SYN-001686,control,1,1,0,synthetic,near_null_effect
SYN-001687,control,1,1,0,synthetic,near_null_effect
SYN-001688,control,1,1,0,synthetic,near_null_effect
SYN-001689,control,1,1,1,synthetic,near_null_effect
SYN-001690,control,1,1,0,synthetic,near_null_effect
SYN-001691,treatment,1,1,0,synthetic,near_null_effect
SYN-001692,control,1,1,0,synthetic,near_null_effect
SYN-001693,control,1,1,0,synthetic,near_null_effect
SYN-001694,treatment,1,1,0,synthetic,near_null_effect
SYN-001695,control,1,1,1,synthetic,near_null_effect
SYN-001696,treatment,1,1,0,synthetic,near_null_effect
SYN-001697,control,1,1,0,synthetic,near_null_effect
SYN-001698,treatment,1,1,0,synthetic,near_null_effect
SYN-001699,treatment,1,1,0,synthetic,near_null_effect
SYN-001700,treatment,1,1,0,synthetic,near_null_effect
SYN-001701,treatment,1,1,0,synthetic,near_null_effect
SYN-001702,control,1,1,0,synthetic,near_null_effect
SYN-001703,control,1,1,0,synthetic,near_null_effect
SYN-001704,treatment,1,1,0,synthetic,near_null_effect
SYN-001705,treatment,1,1,0,synthetic,near_null_effect
SYN-001706,treatment,1,1,0,synthetic,near_null_effect
SYN-001707,control,1,1,1,synthetic,near_null_effect
SYN-001708,control,1,1,0,synthetic,near_null_effect
SYN-001709,control,1,1,0,synthetic,near_null_effect
SYN-001710,control,1,1,0,synthetic,near_null_effect
SYN-001711,control,1,1,0,synthetic,near_null_effect
SYN-001712,control,1,1,0,synthetic,near_null_effect
SYN-001713,treatment,1,1,0,synthetic,near_null_effect
SYN-001714,treatment,1,1,0,synthetic,near_null_effect
SYN-001715,treatment,1,1,0,synthetic,near_null_effect
SYN-001716,treatment,1,1,0,synthetic,near_null_effect
SYN-001717,treatment,1,1,0,synthetic,near_null_effect
SYN-001718,treatment,1,1,0,synthetic,near_null_effect
SYN-001719,treatment,1,1,0,synthetic,near_null_effect
SYN-001720,treatment,1,1,0,synthetic,near_null_effect
SYN-001721,treatment,1,1,0,synthetic,near_null_effect
SYN-001722,treatment,1,1,0,synthetic,near_null_effect
SYN-001723,treatment,1,1,0,synthetic,near_null_effect
SYN-001724,treatment,1,1,0,synthetic,near_null_effect
SYN-001725,treatment,1,1,0,synthetic,near_null_effect
SYN-001726,control,1,1,0,synthetic,near_null_effect
SYN-001727,control,1,1,0,synthetic,near_null_effect
SYN-001728,control,1,1,0,synthetic,near_null_effect
SYN-001729,control,1,1,0,synthetic,near_null_effect
SYN-001730,control,1,1,0,synthetic,near_null_effect
SYN-001731,control,1,1,0,synthetic,near_null_effect
SYN-001732,control,1,1,0,synthetic,near_null_effect
SYN-001733,treatment,1,1,0,synthetic,near_null_effect
SYN-001734,control,1,1,0,synthetic,near_null_effect
SYN-001735,control,1,1,0,synthetic,near_null_effect
SYN-001736,control,1,1,0,synthetic,near_null_effect
SYN-001737,control,1,1,0,synthetic,near_null_effect
SYN-001738,treatment,1,1,0,synthetic,near_null_effect
SYN-001739,control,1,1,0,synthetic,near_null_effect
SYN-001740,control,1,1,0,synthetic,near_null_effect
SYN-001741,treatment,1,1,0,synthetic,near_null_effect
SYN-001742,treatment,1,1,0,synthetic,near_null_effect
SYN-001743,treatment,1,1,0,synthetic,near_null_effect
SYN-001744,treatment,1,1,0,synthetic,near_null_effect
SYN-001745,treatment,1,1,0,synthetic,near_null_effect
SYN-001746,treatment,1,1,0,synthetic,near_null_effect
SYN-001747,treatment,1,1,0,synthetic,near_null_effect
SYN-001748,control,1,1,0,synthetic,near_null_effect
SYN-001749,control,1,1,0,synthetic,near_null_effect
SYN-001750,treatment,1,1,0,synthetic,near_null_effect
SYN-001751,treatment,1,1,0,synthetic,near_null_effect
SYN-001752,treatment,1,1,0,synthetic,near_null_effect
SYN-001753,control,1,1,0,synthetic,near_null_effect
SYN-001754,treatment,1,1,0,synthetic,near_null_effect
SYN-001755,treatment,1,1,0,synthetic,near_null_effect
SYN-001756,treatment,1,1,0,synthetic,near_null_effect
SYN-001757,treatment,1,1,0,synthetic,near_null_effect
SYN-001758,treatment,1,1,0,synthetic,near_null_effect
SYN-001759,treatment,1,1,0,synthetic,near_null_effect
SYN-001760,control,1,1,1,synthetic,near_null_effect
SYN-001761,control,1,1,0,synthetic,near_null_effect
SYN-001762,control,1,1,1,synthetic,near_null_effect
SYN-001763,treatment,1,1,0,synthetic,near_null_effect
SYN-001764,treatment,1,1,0,synthetic,near_null_effect
SYN-001765,control,1,1,0,synthetic,near_null_effect
SYN-001766,treatment,1,1,0,synthetic,near_null_effect
SYN-001767,control,1,1,1,synthetic,near_null_effect
SYN-001768,control,1,1,1,synthetic,near_null_effect
SYN-001769,control,1,1,0,synthetic,near_null_effect
SYN-001770,treatment,1,1,0,synthetic,near_null_effect
SYN-001771,control,1,1,0,synthetic,near_null_effect
SYN-001772,control,1,1,0,synthetic,near_null_effect
SYN-001773,treatment,1,1,0,synthetic,near_null_effect
SYN-001774,control,1,1,0,synthetic,near_null_effect
SYN-001775,treatment,1,1,0,synthetic,near_null_effect
SYN-001776,control,1,1,0,synthetic,near_null_effect
SYN-001777,treatment,1,1,1,synthetic,near_null_effect
SYN-001778,treatment,1,1,0,synthetic,near_null_effect
SYN-001779,control,1,1,0,synthetic,near_null_effect
SYN-001780,treatment,1,1,0,synthetic,near_null_effect
SYN-001781,control,1,1,0,synthetic,near_null_effect
SYN-001782,control,1,1,0,synthetic,near_null_effect
SYN-001783,treatment,1,1,0,synthetic,near_null_effect
SYN-001784,control,1,1,0,synthetic,near_null_effect
SYN-001785,treatment,1,1,0,synthetic,near_null_effect
SYN-001786,treatment,1,1,0,synthetic,near_null_effect
SYN-001787,control,1,1,0,synthetic,near_null_effect
SYN-001788,treatment,1,1,0,synthetic,near_null_effect
SYN-001789,control,1,1,0,synthetic,near_null_effect
SYN-001790,treatment,1,1,0,synthetic,near_null_effect
SYN-001791,treatment,1,1,0,synthetic,near_null_effect
SYN-001792,control,1,1,0,synthetic,near_null_effect
SYN-001793,control,1,1,0,synthetic,near_null_effect
SYN-001794,control,1,1,0,synthetic,near_null_effect
SYN-001795,treatment,1,1,0,synthetic,near_null_effect
SYN-001796,treatment,1,1,0,synthetic,near_null_effect
SYN-001797,treatment,1,1,0,synthetic,near_null_effect
SYN-001798,control,1,1,0,synthetic,near_null_effect
SYN-001799,control,1,1,0,synthetic,near_null_effect
SYN-001800,control,1,1,1,synthetic,near_null_effect
SYN-001801,control,1,1,1,synthetic,near_null_effect
SYN-001802,control,1,1,1,synthetic,near_null_effect
SYN-001803,treatment,1,1,0,synthetic,near_null_effect
SYN-001804,treatment,1,1,0,synthetic,near_null_effect
SYN-001805,control,1,1,0,synthetic,near_null_effect
SYN-001806,control,1,1,0,synthetic,near_null_effect
SYN-001807,treatment,1,1,0,synthetic,near_null_effect
SYN-001808,treatment,1,1,1,synthetic,near_null_effect
SYN-001809,control,1,1,0,synthetic,near_null_effect
SYN-001810,treatment,1,1,0,synthetic,near_null_effect
SYN-001811,treatment,1,1,0,synthetic,near_null_effect
SYN-001812,treatment,1,1,0,synthetic,near_null_effect
SYN-001813,control,1,1,0,synthetic,near_null_effect
SYN-001814,control,1,1,0,synthetic,near_null_effect
SYN-001815,control,1,1,0,synthetic,near_null_effect
SYN-001816,control,1,1,0,synthetic,near_null_effect
SYN-001817,treatment,1,1,0,synthetic,near_null_effect
SYN-001818,control,1,1,0,synthetic,near_null_effect
SYN-001819,control,1,1,0,synthetic,near_null_effect
SYN-001820,control,1,1,0,synthetic,near_null_effect
SYN-001821,treatment,1,1,0,synthetic,near_null_effect
SYN-001822,control,1,1,0,synthetic,near_null_effect
SYN-001823,control,1,1,0,synthetic,near_null_effect
SYN-001824,treatment,1,1,0,synthetic,near_null_effect
SYN-001825,treatment,1,1,0,synthetic,near_null_effect
SYN-001826,treatment,1,1,1,synthetic,near_null_effect
SYN-001827,control,1,1,0,synthetic,near_null_effect
SYN-001828,treatment,1,1,0,synthetic,near_null_effect
SYN-001829,control,1,1,0,synthetic,near_null_effect
SYN-001830,treatment,1,1,0,synthetic,near_null_effect
SYN-001831,control,1,1,0,synthetic,near_null_effect
SYN-001832,control,1,1,0,synthetic,near_null_effect
SYN-001833,control,1,1,0,synthetic,near_null_effect
SYN-001834,control,1,1,1,synthetic,near_null_effect
SYN-001835,treatment,1,1,0,synthetic,near_null_effect
SYN-001836,treatment,1,1,0,synthetic,near_null_effect
SYN-001837,control,1,1,0,synthetic,near_null_effect
SYN-001838,treatment,1,1,0,synthetic,near_null_effect
SYN-001839,control,1,1,0,synthetic,near_null_effect
SYN-001840,control,1,1,0,synthetic,near_null_effect
SYN-001841,treatment,1,1,0,synthetic,near_null_effect
SYN-001842,control,1,1,0,synthetic,near_null_effect
SYN-001843,treatment,1,1,0,synthetic,near_null_effect
SYN-001844,treatment,1,1,0,synthetic,near_null_effect
SYN-001845,treatment,1,1,0,synthetic,near_null_effect
SYN-001846,control,1,1,0,synthetic,near_null_effect
SYN-001847,treatment,1,1,0,synthetic,near_null_effect
SYN-001848,control,1,1,0,synthetic,near_null_effect
SYN-001849,treatment,1,1,1,synthetic,near_null_effect
SYN-001850,control,1,1,0,synthetic,near_null_effect
SYN-001851,treatment,1,1,0,synthetic,near_null_effect
SYN-001852,treatment,1,1,0,synthetic,near_null_effect
SYN-001853,control,1,1,0,synthetic,near_null_effect
SYN-001854,control,1,1,0,synthetic,near_null_effect
SYN-001855,control,1,1,0,synthetic,near_null_effect
SYN-001856,control,1,1,1,synthetic,near_null_effect
SYN-001857,treatment,1,1,0,synthetic,near_null_effect
SYN-001858,treatment,1,1,1,synthetic,near_null_effect
SYN-001859,control,1,1,0,synthetic,near_null_effect
SYN-001860,treatment,1,1,0,synthetic,near_null_effect
SYN-001861,control,1,1,0,synthetic,near_null_effect
SYN-001862,control,1,1,1,synthetic,near_null_effect
SYN-001863,control,1,1,0,synthetic,near_null_effect
SYN-001864,control,1,1,0,synthetic,near_null_effect
SYN-001865,control,1,1,0,synthetic,near_null_effect
SYN-001866,treatment,1,1,0,synthetic,near_null_effect
SYN-001867,control,1,1,0,synthetic,near_null_effect
SYN-001868,treatment,1,1,1,synthetic,near_null_effect
SYN-001869,control,1,1,1,synthetic,near_null_effect
SYN-001870,control,1,1,1,synthetic,near_null_effect
SYN-001871,treatment,1,1,0,synthetic,near_null_effect
SYN-001872,treatment,1,1,0,synthetic,near_null_effect
SYN-001873,control,1,1,0,synthetic,near_null_effect
SYN-001874,control,1,1,0,synthetic,near_null_effect
SYN-001875,treatment,1,1,1,synthetic,near_null_effect
SYN-001876,control,1,1,0,synthetic,near_null_effect
SYN-001877,treatment,1,1,0,synthetic,near_null_effect
SYN-001878,treatment,1,1,0,synthetic,near_null_effect
SYN-001879,control,1,1,0,synthetic,near_null_effect
SYN-001880,treatment,1,1,0,synthetic,near_null_effect
SYN-001881,control,1,1,0,synthetic,near_null_effect
SYN-001882,treatment,1,1,0,synthetic,near_null_effect
SYN-001883,control,1,1,1,synthetic,near_null_effect
SYN-001884,treatment,1,1,0,synthetic,near_null_effect
SYN-001885,control,1,1,0,synthetic,near_null_effect
SYN-001886,treatment,1,1,0,synthetic,near_null_effect
SYN-001887,control,1,1,0,synthetic,near_null_effect
SYN-001888,treatment,1,1,1,synthetic,near_null_effect
SYN-001889,control,1,1,0,synthetic,near_null_effect
SYN-001890,treatment,1,1,0,synthetic,near_null_effect
SYN-001891,treatment,1,1,0,synthetic,near_null_effect
SYN-001892,control,1,1,0,synthetic,near_null_effect
SYN-001893,control,1,1,0,synthetic,near_null_effect
SYN-001894,treatment,1,1,0,synthetic,near_null_effect
SYN-001895,control,1,1,0,synthetic,near_null_effect
SYN-001896,treatment,1,1,0,synthetic,near_null_effect
SYN-001897,treatment,1,1,0,synthetic,near_null_effect
SYN-001898,treatment,1,1,0,synthetic,near_null_effect
SYN-001899,control,1,1,1,synthetic,near_null_effect
SYN-001900,treatment,1,1,0,synthetic,near_null_effect
SYN-001901,treatment,1,1,0,synthetic,near_null_effect
SYN-001902,control,1,1,0,synthetic,near_null_effect
SYN-001903,treatment,1,1,0,synthetic,near_null_effect
SYN-001904,treatment,1,1,0,synthetic,near_null_effect
SYN-001905,treatment,1,1,0,synthetic,near_null_effect
SYN-001906,control,1,1,1,synthetic,near_null_effect
SYN-001907,control,1,1,0,synthetic,near_null_effect
SYN-001908,treatment,1,1,0,synthetic,near_null_effect
SYN-001909,control,1,1,0,synthetic,near_null_effect
SYN-001910,treatment,1,1,0,synthetic,near_null_effect
SYN-001911,treatment,1,1,0,synthetic,near_null_effect
SYN-001912,treatment,1,1,0,synthetic,near_null_effect
SYN-001913,control,1,1,0,synthetic,near_null_effect
SYN-001914,treatment,1,1,0,synthetic,near_null_effect
SYN-001915,control,1,1,0,synthetic,near_null_effect
SYN-001916,treatment,1,1,0,synthetic,near_null_effect
SYN-001917,treatment,1,1,0,synthetic,near_null_effect
SYN-001918,control,1,1,0,synthetic,near_null_effect
SYN-001919,treatment,1,1,1,synthetic,near_null_effect
SYN-001920,treatment,1,1,0,synthetic,near_null_effect
SYN-001921,treatment,1,1,0,synthetic,near_null_effect
SYN-001922,treatment,1,1,1,synthetic,near_null_effect
SYN-001923,treatment,1,1,1,synthetic,near_null_effect
SYN-001924,treatment,1,1,0,synthetic,near_null_effect
SYN-001925,control,1,1,0,synthetic,near_null_effect
SYN-001926,control,1,1,0,synthetic,near_null_effect
SYN-001927,treatment,1,1,0,synthetic,near_null_effect
SYN-001928,treatment,1,1,0,synthetic,near_null_effect
SYN-001929,control,1,1,0,synthetic,near_null_effect
SYN-001930,control,1,1,0,synthetic,near_null_effect
SYN-001931,control,1,1,0,synthetic,near_null_effect
SYN-001932,treatment,1,1,0,synthetic,near_null_effect
SYN-001933,control,1,1,0,synthetic,near_null_effect
SYN-001934,control,1,1,0,synthetic,near_null_effect
SYN-001935,control,1,1,0,synthetic,near_null_effect
SYN-001936,treatment,1,1,0,synthetic,near_null_effect
SYN-001937,control,1,1,0,synthetic,near_null_effect
SYN-001938,control,1,1,1,synthetic,near_null_effect
SYN-001939,control,1,1,0,synthetic,near_null_effect
SYN-001940,control,1,1,0,synthetic,near_null_effect
SYN-001941,control,1,1,1,synthetic,near_null_effect
SYN-001942,treatment,1,1,0,synthetic,near_null_effect
SYN-001943,control,1,1,0,synthetic,near_null_effect
SYN-001944,treatment,1,1,0,synthetic,near_null_effect
SYN-001945,control,1,1,1,synthetic,near_null_effect
SYN-001946,control,1,1,0,synthetic,near_null_effect
SYN-001947,treatment,1,1,0,synthetic,near_null_effect
SYN-001948,control,1,1,0,synthetic,near_null_effect
SYN-001949,treatment,1,1,0,synthetic,near_null_effect
SYN-001950,treatment,1,1,0,synthetic,near_null_effect
SYN-001951,control,1,1,0,synthetic,near_null_effect
SYN-001952,treatment,1,1,0,synthetic,near_null_effect
SYN-001953,control,1,1,0,synthetic,near_null_effect
SYN-001954,treatment,1,1,0,synthetic,near_null_effect
SYN-001955,control,1,1,0,synthetic,near_null_effect
SYN-001956,control,1,1,0,synthetic,near_null_effect
SYN-001957,treatment,1,1,1,synthetic,near_null_effect
SYN-001958,treatment,1,1,0,synthetic,near_null_effect
SYN-001959,treatment,1,1,1,synthetic,near_null_effect
SYN-001960,treatment,1,1,1,synthetic,near_null_effect
SYN-001961,treatment,1,1,0,synthetic,near_null_effect
SYN-001962,treatment,1,1,0,synthetic,near_null_effect
SYN-001963,treatment,1,1,0,synthetic,near_null_effect
SYN-001964,control,1,1,0,synthetic,near_null_effect
SYN-001965,treatment,1,1,0,synthetic,near_null_effect
SYN-001966,control,1,1,0,synthetic,near_null_effect
SYN-001967,control,1,1,0,synthetic,near_null_effect
SYN-001968,control,1,1,0,synthetic,near_null_effect
SYN-001969,control,1,1,0,synthetic,near_null_effect
SYN-001970,control,1,1,0,synthetic,near_null_effect
SYN-001971,control,1,1,0,synthetic,near_null_effect
SYN-001972,treatment,1,1,0,synthetic,near_null_effect
SYN-001973,treatment,1,1,0,synthetic,near_null_effect
SYN-001974,treatment,1,1,0,synthetic,near_null_effect
SYN-001975,control,1,1,0,synthetic,near_null_effect
SYN-001976,control,1,1,0,synthetic,near_null_effect
SYN-001977,treatment,1,1,0,synthetic,near_null_effect
SYN-001978,treatment,1,1,0,synthetic,near_null_effect
SYN-001979,treatment,1,1,0,synthetic,near_null_effect
SYN-001980,treatment,1,1,0,synthetic,near_null_effect
SYN-001981,treatment,1,1,0,synthetic,near_null_effect
SYN-001982,control,1,1,1,synthetic,near_null_effect
SYN-001983,control,1,1,0,synthetic,near_null_effect
SYN-001984,control,1,1,0,synthetic,near_null_effect
SYN-001985,treatment,1,1,0,synthetic,near_null_effect
SYN-001986,control,1,1,0,synthetic,near_null_effect
SYN-001987,treatment,1,1,0,synthetic,near_null_effect
SYN-001988,treatment,1,1,0,synthetic,near_null_effect
SYN-001989,control,1,1,0,synthetic,near_null_effect
SYN-001990,control,1,1,0,synthetic,near_null_effect
SYN-001991,control,1,1,0,synthetic,near_null_effect
SYN-001992,control,1,1,0,synthetic,near_null_effect
SYN-001993,control,1,1,0,synthetic,near_null_effect
SYN-001994,control,1,1,0,synthetic,near_null_effect
SYN-001995,control,1,1,0,synthetic,near_null_effect
SYN-001996,control,1,1,0,synthetic,near_null_effect
SYN-001997,control,1,1,0,synthetic,near_null_effect
SYN-001998,treatment,1,1,0,synthetic,near_null_effect
SYN-001999,control,1,1,0,synthetic,near_null_effect
SYN-002000,treatment,1,1,0,synthetic,near_null_effect
SYN-002001,treatment,1,1,0,synthetic,near_null_effect
SYN-002002,treatment,1,1,0,synthetic,near_null_effect
SYN-002003,treatment,1,1,1,synthetic,near_null_effect
SYN-002004,control,1,1,0,synthetic,near_null_effect
SYN-002005,control,1,1,0,synthetic,near_null_effect
SYN-002006,treatment,1,1,0,synthetic,near_null_effect
SYN-002007,treatment,1,1,0,synthetic,near_null_effect
SYN-002008,control,1,1,0,synthetic,near_null_effect
SYN-002009,control,1,1,0,synthetic,near_null_effect
SYN-002010,control,1,1,0,synthetic,near_null_effect
SYN-002011,treatment,1,1,0,synthetic,near_null_effect
SYN-002012,control,1,1,0,synthetic,near_null_effect
SYN-002013,control,1,1,0,synthetic,near_null_effect
SYN-002014,control,1,1,0,synthetic,near_null_effect
SYN-002015,treatment,1,1,0,synthetic,near_null_effect
SYN-002016,control,1,1,0,synthetic,near_null_effect
SYN-002017,control,1,1,0,synthetic,near_null_effect
SYN-002018,treatment,1,1,0,synthetic,near_null_effect
SYN-002019,control,1,1,0,synthetic,near_null_effect
SYN-002020,control,1,1,0,synthetic,near_null_effect
SYN-002021,control,1,1,0,synthetic,near_null_effect
SYN-002022,treatment,1,1,0,synthetic,near_null_effect
SYN-002023,treatment,1,1,0,synthetic,near_null_effect
SYN-002024,control,1,1,0,synthetic,near_null_effect
SYN-002025,control,1,1,0,synthetic,near_null_effect
SYN-002026,control,1,1,0,synthetic,near_null_effect
SYN-002027,treatment,1,1,0,synthetic,near_null_effect
SYN-002028,treatment,1,1,0,synthetic,near_null_effect
SYN-002029,treatment,1,1,0,synthetic,near_null_effect
SYN-002030,treatment,1,1,0,synthetic,near_null_effect
SYN-002031,treatment,1,1,0,synthetic,near_null_effect
SYN-002032,treatment,1,1,0,synthetic,near_null_effect
SYN-002033,treatment,1,1,0,synthetic,near_null_effect
SYN-002034,control,1,1,0,synthetic,near_null_effect
SYN-002035,control,1,1,0,synthetic,near_null_effect
SYN-002036,control,1,1,0,synthetic,near_null_effect
SYN-002037,control,1,1,0,synthetic,near_null_effect
SYN-002038,control,1,1,0,synthetic,near_null_effect
SYN-002039,treatment,1,1,0,synthetic,near_null_effect
SYN-002040,control,1,1,0,synthetic,near_null_effect
SYN-002041,treatment,1,1,0,synthetic,near_null_effect
SYN-002042,treatment,1,1,0,synthetic,near_null_effect
SYN-002043,treatment,1,1,0,synthetic,near_null_effect
SYN-002044,treatment,1,1,0,synthetic,near_null_effect
SYN-002045,treatment,1,1,0,synthetic,near_null_effect
SYN-002046,treatment,1,1,0,synthetic,near_null_effect
SYN-002047,treatment,1,1,0,synthetic,near_null_effect
SYN-002048,treatment,1,1,0,synthetic,near_null_effect
SYN-002049,treatment,1,1,1,synthetic,near_null_effect
SYN-002050,treatment,1,1,1,synthetic,near_null_effect
SYN-002051,treatment,1,1,0,synthetic,near_null_effect
SYN-002052,control,1,1,0,synthetic,near_null_effect
SYN-002053,treatment,1,1,0,synthetic,near_null_effect
SYN-002054,control,1,1,0,synthetic,near_null_effect
SYN-002055,treatment,1,1,0,synthetic,near_null_effect
SYN-002056,control,1,1,0,synthetic,near_null_effect
SYN-002057,control,1,1,0,synthetic,near_null_effect
SYN-002058,control,1,1,0,synthetic,near_null_effect
SYN-002059,treatment,1,1,0,synthetic,near_null_effect
SYN-002060,treatment,1,1,0,synthetic,near_null_effect
SYN-002061,treatment,1,1,0,synthetic,near_null_effect
SYN-002062,treatment,1,1,1,synthetic,near_null_effect
SYN-002063,treatment,1,1,0,synthetic,near_null_effect
SYN-002064,treatment,1,1,0,synthetic,near_null_effect
SYN-002065,control,1,1,0,synthetic,near_null_effect
SYN-002066,control,1,1,0,synthetic,near_null_effect
SYN-002067,treatment,1,1,0,synthetic,near_null_effect
SYN-002068,control,1,1,0,synthetic,near_null_effect
SYN-002069,treatment,1,1,0,synthetic,near_null_effect
SYN-002070,treatment,1,1,0,synthetic,near_null_effect
SYN-002071,control,1,1,0,synthetic,near_null_effect
SYN-002072,control,1,1,0,synthetic,near_null_effect
SYN-002073,treatment,1,1,0,synthetic,near_null_effect
SYN-002074,control,1,1,0,synthetic,near_null_effect
SYN-002075,treatment,1,1,0,synthetic,near_null_effect
SYN-002076,treatment,1,1,0,synthetic,near_null_effect
SYN-002077,control,1,1,0,synthetic,near_null_effect
SYN-002078,control,1,1,0,synthetic,near_null_effect
SYN-002079,treatment,1,1,0,synthetic,near_null_effect
SYN-002080,treatment,1,1,0,synthetic,near_null_effect
SYN-002081,treatment,1,1,0,synthetic,near_null_effect
SYN-002082,treatment,1,1,0,synthetic,near_null_effect
SYN-002083,control,1,1,0,synthetic,near_null_effect
SYN-002084,control,1,1,0,synthetic,near_null_effect
SYN-002085,treatment,1,1,0,synthetic,near_null_effect
SYN-002086,control,1,1,0,synthetic,near_null_effect
SYN-002087,control,1,1,0,synthetic,near_null_effect
SYN-002088,treatment,1,1,0,synthetic,near_null_effect
SYN-002089,control,1,1,1,synthetic,near_null_effect
SYN-002090,control,1,1,0,synthetic,near_null_effect
SYN-002091,treatment,1,1,0,synthetic,near_null_effect
SYN-002092,control,1,1,0,synthetic,near_null_effect
SYN-002093,control,1,1,0,synthetic,near_null_effect
SYN-002094,treatment,1,1,0,synthetic,near_null_effect
SYN-002095,control,1,1,1,synthetic,near_null_effect
SYN-002096,treatment,1,1,0,synthetic,near_null_effect
SYN-002097,control,1,1,0,synthetic,near_null_effect
SYN-002098,control,1,1,0,synthetic,near_null_effect
SYN-002099,treatment,1,1,0,synthetic,near_null_effect
SYN-002100,treatment,1,1,0,synthetic,near_null_effect
SYN-002101,control,1,1,0,synthetic,near_null_effect
SYN-002102,control,1,1,0,synthetic,near_null_effect
SYN-002103,treatment,1,1,0,synthetic,near_null_effect
SYN-002104,treatment,1,1,0,synthetic,near_null_effect
SYN-002105,control,1,1,0,synthetic,near_null_effect
SYN-002106,treatment,1,1,0,synthetic,near_null_effect
SYN-002107,treatment,1,1,0,synthetic,near_null_effect
SYN-002108,control,1,1,0,synthetic,near_null_effect
SYN-002109,control,1,1,0,synthetic,near_null_effect
SYN-002110,treatment,1,1,0,synthetic,near_null_effect
SYN-002111,treatment,1,1,0,synthetic,near_null_effect
SYN-002112,control,1,1,0,synthetic,near_null_effect
SYN-002113,treatment,1,1,0,synthetic,near_null_effect
SYN-002114,treatment,1,1,0,synthetic,near_null_effect
SYN-002115,treatment,1,1,0,synthetic,near_null_effect
SYN-002116,control,1,1,0,synthetic,near_null_effect
SYN-002117,treatment,1,1,0,synthetic,near_null_effect
SYN-002118,treatment,1,1,1,synthetic,near_null_effect
SYN-002119,treatment,1,1,0,synthetic,near_null_effect
SYN-002120,treatment,1,1,0,synthetic,near_null_effect
SYN-002121,treatment,1,1,0,synthetic,near_null_effect
SYN-002122,treatment,1,1,0,synthetic,near_null_effect
SYN-002123,treatment,1,1,0,synthetic,near_null_effect
SYN-002124,treatment,1,1,0,synthetic,near_null_effect
SYN-002125,control,1,1,0,synthetic,near_null_effect
SYN-002126,control,1,1,0,synthetic,near_null_effect
SYN-002127,treatment,1,1,0,synthetic,near_null_effect
SYN-002128,control,1,1,0,synthetic,near_null_effect
SYN-002129,control,1,1,0,synthetic,near_null_effect
SYN-002130,control,1,1,0,synthetic,near_null_effect
SYN-002131,control,1,1,0,synthetic,near_null_effect
SYN-002132,treatment,1,1,0,synthetic,near_null_effect
SYN-002133,control,1,1,1,synthetic,near_null_effect
SYN-002134,treatment,1,1,0,synthetic,near_null_effect
SYN-002135,control,1,1,0,synthetic,near_null_effect
SYN-002136,treatment,1,1,0,synthetic,near_null_effect
SYN-002137,treatment,1,1,0,synthetic,near_null_effect
SYN-002138,control,1,1,0,synthetic,near_null_effect
SYN-002139,treatment,1,1,0,synthetic,near_null_effect
SYN-002140,control,1,1,0,synthetic,near_null_effect
SYN-002141,treatment,1,1,0,synthetic,near_null_effect
SYN-002142,control,1,1,0,synthetic,near_null_effect
SYN-002143,control,1,1,0,synthetic,near_null_effect
SYN-002144,control,1,1,0,synthetic,near_null_effect
SYN-002145,control,1,1,1,synthetic,near_null_effect
SYN-002146,treatment,1,1,1,synthetic,near_null_effect
SYN-002147,treatment,1,1,0,synthetic,near_null_effect
SYN-002148,control,1,1,0,synthetic,near_null_effect
SYN-002149,control,1,1,0,synthetic,near_null_effect
SYN-002150,control,1,1,0,synthetic,near_null_effect
SYN-002151,treatment,1,1,0,synthetic,near_null_effect
SYN-002152,treatment,1,1,0,synthetic,near_null_effect
SYN-002153,treatment,1,1,1,synthetic,near_null_effect
SYN-002154,treatment,1,1,0,synthetic,near_null_effect
SYN-002155,treatment,1,1,0,synthetic,near_null_effect
SYN-002156,treatment,1,1,0,synthetic,near_null_effect
SYN-002157,treatment,1,1,0,synthetic,near_null_effect
SYN-002158,control,1,1,0,synthetic,near_null_effect
SYN-002159,treatment,1,1,0,synthetic,near_null_effect
SYN-002160,treatment,1,1,0,synthetic,near_null_effect
SYN-002161,control,1,1,0,synthetic,near_null_effect
SYN-002162,control,1,1,0,synthetic,near_null_effect
SYN-002163,treatment,1,1,0,synthetic,near_null_effect
SYN-002164,control,1,1,0,synthetic,near_null_effect
SYN-002165,control,1,1,0,synthetic,near_null_effect
SYN-002166,treatment,1,1,0,synthetic,near_null_effect
SYN-002167,control,1,1,0,synthetic,near_null_effect
SYN-002168,treatment,1,1,0,synthetic,near_null_effect
SYN-002169,treatment,1,1,0,synthetic,near_null_effect
SYN-002170,treatment,1,1,0,synthetic,near_null_effect
SYN-002171,control,1,1,0,synthetic,near_null_effect
SYN-002172,treatment,1,1,0,synthetic,near_null_effect
SYN-002173,treatment,1,1,0,synthetic,near_null_effect
SYN-002174,treatment,1,1,0,synthetic,near_null_effect
SYN-002175,control,1,1,1,synthetic,near_null_effect
SYN-002176,control,1,1,0,synthetic,near_null_effect
SYN-002177,control,1,1,0,synthetic,near_null_effect
SYN-002178,treatment,1,1,0,synthetic,near_null_effect
SYN-002179,control,1,1,0,synthetic,near_null_effect
SYN-002180,control,1,1,0,synthetic,near_null_effect
SYN-002181,control,1,1,0,synthetic,near_null_effect
SYN-002182,treatment,1,1,0,synthetic,near_null_effect
SYN-002183,control,1,1,0,synthetic,near_null_effect
SYN-002184,treatment,1,1,0,synthetic,near_null_effect
SYN-002185,control,1,1,1,synthetic,near_null_effect
SYN-002186,control,1,1,0,synthetic,near_null_effect
SYN-002187,control,1,1,0,synthetic,near_null_effect
SYN-002188,control,1,1,0,synthetic,near_null_effect
SYN-002189,control,1,1,0,synthetic,near_null_effect
SYN-002190,control,1,1,0,synthetic,near_null_effect
SYN-002191,treatment,1,1,0,synthetic,near_null_effect
SYN-002192,control,1,1,0,synthetic,near_null_effect
SYN-002193,control,1,1,0,synthetic,near_null_effect
SYN-002194,control,1,1,0,synthetic,near_null_effect
SYN-002195,control,1,1,0,synthetic,near_null_effect
SYN-002196,treatment,1,1,0,synthetic,near_null_effect
SYN-002197,control,1,1,0,synthetic,near_null_effect
SYN-002198,control,1,1,0,synthetic,near_null_effect
SYN-002199,treatment,1,1,0,synthetic,near_null_effect
SYN-002200,treatment,1,1,0,synthetic,near_null_effect
SYN-002201,control,1,1,0,synthetic,near_null_effect
SYN-002202,treatment,1,1,0,synthetic,near_null_effect
SYN-002203,treatment,1,1,0,synthetic,near_null_effect
SYN-002204,treatment,1,1,1,synthetic,near_null_effect
SYN-002205,treatment,1,1,0,synthetic,near_null_effect
SYN-002206,control,1,1,0,synthetic,near_null_effect
SYN-002207,control,1,1,0,synthetic,near_null_effect
SYN-002208,treatment,1,1,0,synthetic,near_null_effect
SYN-002209,control,1,1,0,synthetic,near_null_effect
SYN-002210,treatment,1,1,0,synthetic,near_null_effect
SYN-002211,treatment,1,1,1,synthetic,near_null_effect
SYN-002212,control,1,1,0,synthetic,near_null_effect
SYN-002213,treatment,1,1,0,synthetic,near_null_effect
SYN-002214,treatment,1,1,0,synthetic,near_null_effect
SYN-002215,treatment,1,1,0,synthetic,near_null_effect
SYN-002216,treatment,1,1,0,synthetic,near_null_effect
SYN-002217,control,1,1,0,synthetic,near_null_effect
SYN-002218,treatment,1,1,0,synthetic,near_null_effect
SYN-002219,treatment,1,1,0,synthetic,near_null_effect
SYN-002220,control,1,1,0,synthetic,near_null_effect
SYN-002221,treatment,1,1,0,synthetic,near_null_effect
SYN-002222,treatment,1,1,0,synthetic,near_null_effect
SYN-002223,treatment,1,1,0,synthetic,near_null_effect
SYN-002224,control,1,1,0,synthetic,near_null_effect
SYN-002225,treatment,1,1,0,synthetic,near_null_effect
SYN-002226,control,1,1,0,synthetic,near_null_effect
SYN-002227,treatment,1,1,1,synthetic,near_null_effect
SYN-002228,control,1,1,1,synthetic,near_null_effect
SYN-002229,treatment,1,1,0,synthetic,near_null_effect
SYN-002230,control,1,1,0,synthetic,near_null_effect
SYN-002231,control,1,1,0,synthetic,near_null_effect
SYN-002232,control,1,1,0,synthetic,near_null_effect
SYN-002233,control,1,1,1,synthetic,near_null_effect
SYN-002234,control,1,1,0,synthetic,near_null_effect
SYN-002235,control,1,1,0,synthetic,near_null_effect
SYN-002236,control,1,1,0,synthetic,near_null_effect
SYN-002237,control,1,1,0,synthetic,near_null_effect
SYN-002238,control,1,1,0,synthetic,near_null_effect
SYN-002239,control,1,1,0,synthetic,near_null_effect
SYN-002240,control,1,1,0,synthetic,near_null_effect
SYN-002241,treatment,1,1,0,synthetic,near_null_effect
SYN-002242,control,1,1,0,synthetic,near_null_effect
SYN-002243,treatment,1,1,0,synthetic,near_null_effect
SYN-002244,treatment,1,1,0,synthetic,near_null_effect
SYN-002245,treatment,1,1,0,synthetic,near_null_effect
SYN-002246,control,1,1,1,synthetic,near_null_effect
SYN-002247,treatment,1,1,0,synthetic,near_null_effect
SYN-002248,treatment,1,1,0,synthetic,near_null_effect
SYN-002249,treatment,1,1,0,synthetic,near_null_effect
SYN-002250,treatment,1,1,0,synthetic,near_null_effect
SYN-002251,treatment,1,1,0,synthetic,near_null_effect
SYN-002252,treatment,1,1,0,synthetic,near_null_effect
SYN-002253,control,1,1,0,synthetic,near_null_effect
SYN-002254,treatment,1,1,0,synthetic,near_null_effect
SYN-002255,control,1,1,0,synthetic,near_null_effect
SYN-002256,treatment,1,1,0,synthetic,near_null_effect
SYN-002257,control,1,1,0,synthetic,near_null_effect
SYN-002258,control,1,1,0,synthetic,near_null_effect
SYN-002259,treatment,1,1,0,synthetic,near_null_effect
SYN-002260,treatment,1,1,0,synthetic,near_null_effect
SYN-002261,control,1,1,0,synthetic,near_null_effect
SYN-002262,treatment,1,1,0,synthetic,near_null_effect
SYN-002263,control,1,1,0,synthetic,near_null_effect
SYN-002264,treatment,1,1,0,synthetic,near_null_effect
SYN-002265,control,1,1,0,synthetic,near_null_effect
SYN-002266,treatment,1,1,0,synthetic,near_null_effect
SYN-002267,treatment,1,1,0,synthetic,near_null_effect
SYN-002268,treatment,1,1,0,synthetic,near_null_effect
SYN-002269,control,1,1,0,synthetic,near_null_effect
SYN-002270,treatment,1,1,0,synthetic,near_null_effect
SYN-002271,treatment,1,1,0,synthetic,near_null_effect
SYN-002272,treatment,1,1,0,synthetic,near_null_effect
SYN-002273,treatment,1,1,0,synthetic,near_null_effect
SYN-002274,control,1,1,0,synthetic,near_null_effect
SYN-002275,control,1,1,0,synthetic,near_null_effect
SYN-002276,control,1,1,0,synthetic,near_null_effect
SYN-002277,control,1,1,0,synthetic,near_null_effect
SYN-002278,control,1,1,0,synthetic,near_null_effect
SYN-002279,treatment,1,1,0,synthetic,near_null_effect
SYN-002280,control,1,1,0,synthetic,near_null_effect
SYN-002281,control,1,1,1,synthetic,near_null_effect
SYN-002282,treatment,1,1,0,synthetic,near_null_effect
SYN-002283,control,1,1,0,synthetic,near_null_effect
SYN-002284,control,1,1,1,synthetic,near_null_effect
SYN-002285,treatment,1,1,0,synthetic,near_null_effect
SYN-002286,treatment,1,1,0,synthetic,near_null_effect
SYN-002287,treatment,1,1,0,synthetic,near_null_effect
SYN-002288,control,1,1,0,synthetic,near_null_effect
SYN-002289,control,1,1,0,synthetic,near_null_effect
SYN-002290,treatment,1,1,0,synthetic,near_null_effect
SYN-002291,control,1,1,0,synthetic,near_null_effect
SYN-002292,treatment,1,1,0,synthetic,near_null_effect
SYN-002293,treatment,1,1,0,synthetic,near_null_effect
SYN-002294,treatment,1,1,0,synthetic,near_null_effect
SYN-002295,control,1,1,1,synthetic,near_null_effect
SYN-002296,control,1,1,0,synthetic,near_null_effect
SYN-002297,control,1,1,0,synthetic,near_null_effect
SYN-002298,treatment,1,1,0,synthetic,near_null_effect
SYN-002299,control,1,1,0,synthetic,near_null_effect
SYN-002300,treatment,1,1,0,synthetic,near_null_effect
SYN-002301,treatment,1,1,0,synthetic,near_null_effect
SYN-002302,treatment,1,1,0,synthetic,near_null_effect
SYN-002303,treatment,1,1,0,synthetic,near_null_effect
SYN-002304,control,1,1,0,synthetic,near_null_effect
SYN-002305,control,1,1,0,synthetic,near_null_effect
SYN-002306,treatment,1,1,0,synthetic,near_null_effect
SYN-002307,control,1,1,0,synthetic,near_null_effect
SYN-002308,control,1,1,0,synthetic,near_null_effect
SYN-002309,treatment,1,1,0,synthetic,near_null_effect
SYN-002310,treatment,1,1,0,synthetic,near_null_effect
SYN-002311,treatment,1,1,0,synthetic,near_null_effect
SYN-002312,control,1,1,0,synthetic,near_null_effect
SYN-002313,control,1,1,0,synthetic,near_null_effect
SYN-002314,control,1,1,0,synthetic,near_null_effect
SYN-002315,control,1,1,0,synthetic,near_null_effect
SYN-002316,control,1,1,0,synthetic,near_null_effect
SYN-002317,control,1,1,0,synthetic,near_null_effect
SYN-002318,treatment,1,1,0,synthetic,near_null_effect
SYN-002319,control,1,1,0,synthetic,near_null_effect
SYN-002320,treatment,1,1,0,synthetic,near_null_effect
SYN-002321,control,1,1,0,synthetic,near_null_effect
SYN-002322,control,1,1,0,synthetic,near_null_effect
SYN-002323,control,1,1,0,synthetic,near_null_effect
SYN-002324,control,1,1,0,synthetic,near_null_effect
SYN-002325,treatment,1,1,0,synthetic,near_null_effect
SYN-002326,treatment,1,1,0,synthetic,near_null_effect
SYN-002327,treatment,1,1,0,synthetic,near_null_effect
SYN-002328,control,1,1,0,synthetic,near_null_effect
SYN-002329,treatment,1,1,0,synthetic,near_null_effect
SYN-002330,treatment,1,1,0,synthetic,near_null_effect
SYN-002331,treatment,1,1,0,synthetic,near_null_effect
SYN-002332,treatment,1,1,1,synthetic,near_null_effect
SYN-002333,control,1,1,0,synthetic,near_null_effect
SYN-002334,control,1,1,1,synthetic,near_null_effect
SYN-002335,treatment,1,1,0,synthetic,near_null_effect
SYN-002336,control,1,1,0,synthetic,near_null_effect
SYN-002337,treatment,1,1,1,synthetic,near_null_effect
SYN-002338,control,1,1,0,synthetic,near_null_effect
SYN-002339,treatment,1,1,0,synthetic,near_null_effect
SYN-002340,treatment,1,1,0,synthetic,near_null_effect
SYN-002341,control,1,1,0,synthetic,near_null_effect
SYN-002342,control,1,1,0,synthetic,near_null_effect
SYN-002343,treatment,1,1,0,synthetic,near_null_effect
SYN-002344,treatment,1,1,0,synthetic,near_null_effect
SYN-002345,control,1,1,0,synthetic,near_null_effect
SYN-002346,treatment,1,1,0,synthetic,near_null_effect
SYN-002347,treatment,1,1,0,synthetic,near_null_effect
SYN-002348,control,1,1,0,synthetic,near_null_effect
SYN-002349,treatment,1,1,0,synthetic,near_null_effect
SYN-002350,control,1,1,0,synthetic,near_null_effect
SYN-002351,treatment,1,1,0,synthetic,near_null_effect
SYN-002352,treatment,1,1,0,synthetic,near_null_effect
SYN-002353,treatment,1,1,0,synthetic,near_null_effect
SYN-002354,control,1,1,0,synthetic,near_null_effect
SYN-002355,treatment,1,1,1,synthetic,near_null_effect
SYN-002356,control,1,1,0,synthetic,near_null_effect
SYN-002357,treatment,1,1,0,synthetic,near_null_effect
SYN-002358,treatment,1,1,0,synthetic,near_null_effect
SYN-002359,treatment,1,1,0,synthetic,near_null_effect
SYN-002360,control,1,1,0,synthetic,near_null_effect
SYN-002361,control,1,1,0,synthetic,near_null_effect
SYN-002362,treatment,1,1,0,synthetic,near_null_effect
SYN-002363,treatment,1,1,0,synthetic,near_null_effect
SYN-002364,control,1,1,0,synthetic,near_null_effect
SYN-002365,control,1,1,0,synthetic,near_null_effect
SYN-002366,control,1,1,0,synthetic,near_null_effect
SYN-002367,treatment,1,1,0,synthetic,near_null_effect
SYN-002368,control,1,1,0,synthetic,near_null_effect
SYN-002369,treatment,1,1,0,synthetic,near_null_effect
SYN-002370,treatment,1,1,0,synthetic,near_null_effect
SYN-002371,control,1,1,0,synthetic,near_null_effect
SYN-002372,control,1,1,0,synthetic,near_null_effect
SYN-002373,treatment,1,1,0,synthetic,near_null_effect
SYN-002374,treatment,1,1,0,synthetic,near_null_effect
SYN-002375,treatment,1,1,0,synthetic,near_null_effect
SYN-002376,control,1,1,0,synthetic,near_null_effect
SYN-002377,treatment,1,1,1,synthetic,near_null_effect
SYN-002378,control,1,1,0,synthetic,near_null_effect
SYN-002379,treatment,1,1,0,synthetic,near_null_effect
SYN-002380,control,1,1,0,synthetic,near_null_effect
SYN-002381,control,1,1,0,synthetic,near_null_effect
SYN-002382,treatment,1,1,0,synthetic,near_null_effect
SYN-002383,treatment,1,1,0,synthetic,near_null_effect
SYN-002384,control,1,1,0,synthetic,near_null_effect
SYN-002385,control,1,1,1,synthetic,near_null_effect
SYN-002386,treatment,1,1,0,synthetic,near_null_effect
SYN-002387,treatment,1,1,0,synthetic,near_null_effect
SYN-002388,treatment,1,1,0,synthetic,near_null_effect
SYN-002389,control,1,1,1,synthetic,near_null_effect
SYN-002390,control,1,1,0,synthetic,near_null_effect
SYN-002391,treatment,1,1,0,synthetic,near_null_effect
SYN-002392,treatment,1,1,0,synthetic,near_null_effect
SYN-002393,treatment,1,1,0,synthetic,near_null_effect
SYN-002394,treatment,1,1,1,synthetic,near_null_effect
SYN-002395,treatment,1,1,0,synthetic,near_null_effect
SYN-002396,treatment,1,1,0,synthetic,near_null_effect
SYN-002397,treatment,1,1,0,synthetic,near_null_effect
SYN-002398,control,1,1,0,synthetic,near_null_effect
SYN-002399,control,1,1,0,synthetic,near_null_effect
SYN-002400,treatment,1,1,0,synthetic,near_null_effect
SYN-002401,control,1,1,0,synthetic,near_null_effect
SYN-002402,control,1,1,1,synthetic,near_null_effect
SYN-002403,control,1,1,0,synthetic,near_null_effect
SYN-002404,treatment,1,1,0,synthetic,near_null_effect
SYN-002405,treatment,1,1,0,synthetic,near_null_effect
SYN-002406,treatment,1,1,0,synthetic,near_null_effect
SYN-002407,control,1,1,0,synthetic,near_null_effect
SYN-002408,treatment,1,1,0,synthetic,near_null_effect
SYN-002409,control,1,1,0,synthetic,near_null_effect
SYN-002410,treatment,1,1,1,synthetic,near_null_effect
SYN-002411,treatment,1,1,0,synthetic,near_null_effect
SYN-002412,control,1,1,0,synthetic,near_null_effect
SYN-002413,control,1,1,0,synthetic,near_null_effect
SYN-002414,treatment,1,1,0,synthetic,near_null_effect
SYN-002415,treatment,1,1,0,synthetic,near_null_effect
SYN-002416,treatment,1,1,0,synthetic,near_null_effect
SYN-002417,treatment,1,1,0,synthetic,near_null_effect
SYN-002418,control,1,1,0,synthetic,near_null_effect
SYN-002419,control,1,1,0,synthetic,near_null_effect
SYN-002420,control,1,1,0,synthetic,near_null_effect
SYN-002421,treatment,1,1,0,synthetic,near_null_effect
SYN-002422,control,1,1,0,synthetic,near_null_effect
SYN-002423,control,1,1,0,synthetic,near_null_effect
SYN-002424,control,1,1,0,synthetic,near_null_effect
SYN-002425,treatment,1,1,0,synthetic,near_null_effect
SYN-002426,control,1,1,0,synthetic,near_null_effect
SYN-002427,treatment,1,1,0,synthetic,near_null_effect
SYN-002428,control,1,1,0,synthetic,near_null_effect
SYN-002429,treatment,1,1,0,synthetic,near_null_effect
SYN-002430,control,1,1,0,synthetic,near_null_effect
SYN-002431,treatment,1,1,0,synthetic,near_null_effect
SYN-002432,control,1,1,0,synthetic,near_null_effect
SYN-002433,control,1,1,0,synthetic,near_null_effect
SYN-002434,treatment,1,1,0,synthetic,near_null_effect
SYN-002435,control,1,1,0,synthetic,near_null_effect
SYN-002436,treatment,1,1,0,synthetic,near_null_effect
SYN-002437,control,1,1,1,synthetic,near_null_effect
SYN-002438,control,1,1,0,synthetic,near_null_effect
SYN-002439,control,1,1,0,synthetic,near_null_effect
SYN-002440,treatment,1,1,0,synthetic,near_null_effect
SYN-002441,treatment,1,1,0,synthetic,near_null_effect
SYN-002442,treatment,1,1,0,synthetic,near_null_effect
SYN-002443,treatment,1,1,0,synthetic,near_null_effect
SYN-002444,control,1,1,0,synthetic,near_null_effect
SYN-002445,treatment,1,1,0,synthetic,near_null_effect
SYN-002446,treatment,1,1,1,synthetic,near_null_effect
SYN-002447,treatment,1,1,1,synthetic,near_null_effect
SYN-002448,treatment,1,1,0,synthetic,near_null_effect
SYN-002449,control,1,1,0,synthetic,near_null_effect
SYN-002450,control,1,1,0,synthetic,near_null_effect
SYN-002451,treatment,1,1,1,synthetic,near_null_effect
SYN-002452,control,1,1,0,synthetic,near_null_effect
SYN-002453,treatment,1,1,0,synthetic,near_null_effect
SYN-002454,control,1,1,0,synthetic,near_null_effect
SYN-002455,control,1,1,0,synthetic,near_null_effect
SYN-002456,control,1,1,0,synthetic,near_null_effect
SYN-002457,treatment,1,1,0,synthetic,near_null_effect
SYN-002458,control,1,1,0,synthetic,near_null_effect
SYN-002459,control,1,1,0,synthetic,near_null_effect
SYN-002460,treatment,1,1,0,synthetic,near_null_effect
SYN-002461,control,1,1,0,synthetic,near_null_effect
SYN-002462,treatment,1,1,0,synthetic,near_null_effect
SYN-002463,control,1,1,0,synthetic,near_null_effect
SYN-002464,treatment,1,1,0,synthetic,near_null_effect
SYN-002465,treatment,1,1,0,synthetic,near_null_effect
SYN-002466,control,1,1,0,synthetic,near_null_effect
SYN-002467,control,1,1,0,synthetic,near_null_effect
SYN-002468,treatment,1,1,1,synthetic,near_null_effect
SYN-002469,control,1,1,0,synthetic,near_null_effect
SYN-002470,treatment,1,1,0,synthetic,near_null_effect
SYN-002471,control,1,1,0,synthetic,near_null_effect
SYN-002472,treatment,1,1,0,synthetic,near_null_effect
SYN-002473,control,1,1,0,synthetic,near_null_effect
SYN-002474,control,1,1,0,synthetic,near_null_effect
SYN-002475,treatment,1,1,1,synthetic,near_null_effect
SYN-002476,treatment,1,1,0,synthetic,near_null_effect
SYN-002477,treatment,1,1,0,synthetic,near_null_effect
SYN-002478,control,1,1,0,synthetic,near_null_effect
SYN-002479,treatment,1,1,0,synthetic,near_null_effect
SYN-002480,control,1,1,0,synthetic,near_null_effect
SYN-002481,treatment,1,1,0,synthetic,near_null_effect
SYN-002482,treatment,1,1,1,synthetic,near_null_effect
SYN-002483,treatment,1,1,0,synthetic,near_null_effect
SYN-002484,control,1,1,0,synthetic,near_null_effect
SYN-002485,control,1,1,1,synthetic,near_null_effect
SYN-002486,control,1,1,0,synthetic,near_null_effect
SYN-002487,control,1,1,0,synthetic,near_null_effect
SYN-002488,control,1,1,0,synthetic,near_null_effect
SYN-002489,treatment,1,1,0,synthetic,near_null_effect
SYN-002490,control,1,1,1,synthetic,near_null_effect
SYN-002491,treatment,1,1,0,synthetic,near_null_effect
SYN-002492,control,1,1,0,synthetic,near_null_effect
SYN-002493,control,1,1,0,synthetic,near_null_effect
SYN-002494,control,1,1,0,synthetic,near_null_effect
SYN-002495,treatment,1,1,1,synthetic,near_null_effect
SYN-002496,treatment,1,1,0,synthetic,near_null_effect
SYN-002497,treatment,1,1,0,synthetic,near_null_effect
SYN-002498,control,1,1,0,synthetic,near_null_effect
SYN-002499,treatment,1,1,0,synthetic,near_null_effect
SYN-002500,treatment,1,1,0,synthetic,near_null_effect
SYN-002501,treatment,1,1,0,synthetic,near_null_effect
SYN-002502,control,1,1,0,synthetic,near_null_effect
SYN-002503,control,1,1,0,synthetic,near_null_effect
SYN-002504,treatment,1,1,1,synthetic,near_null_effect
SYN-002505,treatment,1,1,0,synthetic,near_null_effect
SYN-002506,control,1,1,0,synthetic,near_null_effect
SYN-002507,treatment,1,1,0,synthetic,near_null_effect
SYN-002508,treatment,1,1,0,synthetic,near_null_effect
SYN-002509,control,1,1,0,synthetic,near_null_effect
SYN-002510,control,1,1,0,synthetic,near_null_effect
SYN-002511,control,1,1,0,synthetic,near_null_effect
SYN-002512,treatment,1,1,0,synthetic,near_null_effect
SYN-002513,treatment,1,1,0,synthetic,near_null_effect
SYN-002514,control,1,1,0,synthetic,near_null_effect
SYN-002515,control,1,1,0,synthetic,near_null_effect
SYN-002516,control,1,1,0,synthetic,near_null_effect
SYN-002517,control,1,1,0,synthetic,near_null_effect
SYN-002518,control,1,1,0,synthetic,near_null_effect
SYN-002519,control,1,1,0,synthetic,near_null_effect
SYN-002520,treatment,1,1,0,synthetic,near_null_effect
SYN-002521,control,1,1,0,synthetic,near_null_effect
SYN-002522,control,1,1,0,synthetic,near_null_effect
SYN-002523,treatment,1,1,0,synthetic,near_null_effect
SYN-002524,treatment,1,1,0,synthetic,near_null_effect
SYN-002525,treatment,1,1,0,synthetic,near_null_effect
SYN-002526,treatment,1,1,0,synthetic,near_null_effect
SYN-002527,treatment,1,1,0,synthetic,near_null_effect
SYN-002528,control,1,1,0,synthetic,near_null_effect
SYN-002529,control,1,1,0,synthetic,near_null_effect
SYN-002530,treatment,1,1,0,synthetic,near_null_effect
SYN-002531,treatment,1,1,0,synthetic,near_null_effect
SYN-002532,treatment,1,1,0,synthetic,near_null_effect
SYN-002533,treatment,1,1,0,synthetic,near_null_effect
SYN-002534,control,1,1,0,synthetic,near_null_effect
SYN-002535,control,1,1,1,synthetic,near_null_effect
SYN-002536,control,1,1,0,synthetic,near_null_effect
SYN-002537,treatment,1,1,0,synthetic,near_null_effect
SYN-002538,treatment,1,1,0,synthetic,near_null_effect
SYN-002539,treatment,1,1,0,synthetic,near_null_effect
SYN-002540,treatment,1,1,0,synthetic,near_null_effect
SYN-002541,treatment,1,1,0,synthetic,near_null_effect
SYN-002542,control,1,1,0,synthetic,near_null_effect
SYN-002543,control,1,1,0,synthetic,near_null_effect
SYN-002544,control,1,1,0,synthetic,near_null_effect
SYN-002545,treatment,1,1,0,synthetic,near_null_effect
SYN-002546,control,1,1,0,synthetic,near_null_effect
SYN-002547,control,1,1,0,synthetic,near_null_effect
SYN-002548,treatment,1,1,1,synthetic,near_null_effect
SYN-002549,treatment,1,1,0,synthetic,near_null_effect
SYN-002550,control,1,1,0,synthetic,near_null_effect
SYN-002551,control,1,1,0,synthetic,near_null_effect
SYN-002552,treatment,1,1,0,synthetic,near_null_effect
SYN-002553,control,1,1,1,synthetic,near_null_effect
SYN-002554,control,1,1,1,synthetic,near_null_effect
SYN-002555,control,1,1,0,synthetic,near_null_effect
SYN-002556,control,1,1,0,synthetic,near_null_effect
SYN-002557,treatment,1,1,0,synthetic,near_null_effect
SYN-002558,control,1,1,0,synthetic,near_null_effect
SYN-002559,control,1,1,0,synthetic,near_null_effect
SYN-002560,control,1,1,0,synthetic,near_null_effect
SYN-002561,treatment,1,1,0,synthetic,near_null_effect
SYN-002562,control,1,1,0,synthetic,near_null_effect
SYN-002563,treatment,1,1,0,synthetic,near_null_effect
SYN-002564,control,1,1,0,synthetic,near_null_effect
SYN-002565,treatment,1,1,0,synthetic,near_null_effect
SYN-002566,treatment,1,1,1,synthetic,near_null_effect
SYN-002567,treatment,1,1,1,synthetic,near_null_effect
SYN-002568,treatment,1,1,0,synthetic,near_null_effect
SYN-002569,control,1,1,0,synthetic,near_null_effect
SYN-002570,control,1,1,0,synthetic,near_null_effect
SYN-002571,treatment,1,1,0,synthetic,near_null_effect
SYN-002572,treatment,1,1,0,synthetic,near_null_effect
SYN-002573,control,1,1,0,synthetic,near_null_effect
SYN-002574,control,1,1,0,synthetic,near_null_effect
SYN-002575,treatment,1,1,0,synthetic,near_null_effect
SYN-002576,treatment,1,1,1,synthetic,near_null_effect
SYN-002577,treatment,1,1,0,synthetic,near_null_effect
SYN-002578,treatment,1,1,0,synthetic,near_null_effect
SYN-002579,treatment,1,1,0,synthetic,near_null_effect
SYN-002580,control,1,1,0,synthetic,near_null_effect
SYN-002581,control,1,1,0,synthetic,near_null_effect
SYN-002582,control,1,1,0,synthetic,near_null_effect
SYN-002583,treatment,1,1,0,synthetic,near_null_effect
SYN-002584,control,1,1,0,synthetic,near_null_effect
SYN-002585,treatment,1,1,0,synthetic,near_null_effect
SYN-002586,control,1,1,0,synthetic,near_null_effect
SYN-002587,treatment,1,1,0,synthetic,near_null_effect
SYN-002588,control,1,1,1,synthetic,near_null_effect
SYN-002589,control,1,1,0,synthetic,near_null_effect
SYN-002590,control,1,1,0,synthetic,near_null_effect
SYN-002591,treatment,1,1,0,synthetic,near_null_effect
SYN-002592,control,1,1,0,synthetic,near_null_effect
SYN-002593,control,1,1,0,synthetic,near_null_effect
SYN-002594,control,1,1,0,synthetic,near_null_effect
SYN-002595,control,1,1,1,synthetic,near_null_effect
SYN-002596,control,1,1,0,synthetic,near_null_effect
SYN-002597,treatment,1,1,0,synthetic,near_null_effect
SYN-002598,control,1,1,0,synthetic,near_null_effect
SYN-002599,control,1,1,0,synthetic,near_null_effect
SYN-002600,control,1,1,0,synthetic,near_null_effect
SYN-002601,control,1,1,0,synthetic,near_null_effect
SYN-002602,treatment,1,1,0,synthetic,near_null_effect
SYN-002603,control,1,1,0,synthetic,near_null_effect
SYN-002604,control,1,1,0,synthetic,near_null_effect
SYN-002605,treatment,1,1,0,synthetic,near_null_effect
SYN-002606,treatment,1,1,0,synthetic,near_null_effect
SYN-002607,control,1,1,0,synthetic,near_null_effect
SYN-002608,control,1,1,0,synthetic,near_null_effect
SYN-002609,control,1,1,0,synthetic,near_null_effect
SYN-002610,control,1,1,0,synthetic,near_null_effect
SYN-002611,control,1,1,0,synthetic,near_null_effect
SYN-002612,treatment,1,1,0,synthetic,near_null_effect
SYN-002613,control,1,1,0,synthetic,near_null_effect
SYN-002614,treatment,1,1,0,synthetic,near_null_effect
SYN-002615,control,1,1,0,synthetic,near_null_effect
SYN-002616,control,1,1,0,synthetic,near_null_effect
SYN-002617,treatment,1,1,1,synthetic,near_null_effect
SYN-002618,treatment,1,1,0,synthetic,near_null_effect
SYN-002619,control,1,1,0,synthetic,near_null_effect
SYN-002620,treatment,1,1,0,synthetic,near_null_effect
SYN-002621,treatment,1,1,0,synthetic,near_null_effect
SYN-002622,treatment,1,1,0,synthetic,near_null_effect
SYN-002623,control,1,1,0,synthetic,near_null_effect
SYN-002624,treatment,1,1,0,synthetic,near_null_effect
SYN-002625,treatment,1,1,0,synthetic,near_null_effect
SYN-002626,control,1,1,0,synthetic,near_null_effect
SYN-002627,control,1,1,0,synthetic,near_null_effect
SYN-002628,control,1,1,0,synthetic,near_null_effect
SYN-002629,treatment,1,1,0,synthetic,near_null_effect
SYN-002630,control,1,1,0,synthetic,near_null_effect
SYN-002631,control,1,1,0,synthetic,near_null_effect
SYN-002632,treatment,1,1,0,synthetic,near_null_effect
SYN-002633,control,1,1,0,synthetic,near_null_effect
SYN-002634,control,1,1,0,synthetic,near_null_effect
SYN-002635,treatment,1,1,0,synthetic,near_null_effect
SYN-002636,control,1,1,0,synthetic,near_null_effect
SYN-002637,treatment,1,1,0,synthetic,near_null_effect
SYN-002638,treatment,1,1,1,synthetic,near_null_effect
SYN-002639,control,1,1,0,synthetic,near_null_effect
SYN-002640,control,1,1,0,synthetic,near_null_effect
SYN-002641,control,1,1,0,synthetic,near_null_effect
SYN-002642,treatment,1,1,0,synthetic,near_null_effect
SYN-002643,control,1,1,0,synthetic,near_null_effect
SYN-002644,control,1,1,0,synthetic,near_null_effect
SYN-002645,control,1,1,0,synthetic,near_null_effect
SYN-002646,control,1,1,0,synthetic,near_null_effect
SYN-002647,treatment,1,1,0,synthetic,near_null_effect
SYN-002648,control,1,1,0,synthetic,near_null_effect
SYN-002649,control,1,1,0,synthetic,near_null_effect
SYN-002650,treatment,1,1,0,synthetic,near_null_effect
SYN-002651,control,1,1,0,synthetic,near_null_effect
SYN-002652,control,1,1,0,synthetic,near_null_effect
SYN-002653,control,1,1,0,synthetic,near_null_effect
SYN-002654,treatment,1,1,0,synthetic,near_null_effect
SYN-002655,control,1,1,0,synthetic,near_null_effect
SYN-002656,control,1,1,0,synthetic,near_null_effect
SYN-002657,treatment,1,1,0,synthetic,near_null_effect
SYN-002658,control,1,1,0,synthetic,near_null_effect
SYN-002659,control,1,1,0,synthetic,near_null_effect
SYN-002660,control,1,1,0,synthetic,near_null_effect
SYN-002661,treatment,1,1,0,synthetic,near_null_effect
SYN-002662,treatment,1,1,0,synthetic,near_null_effect
SYN-002663,control,1,1,0,synthetic,near_null_effect
SYN-002664,control,1,1,0,synthetic,near_null_effect
SYN-002665,control,1,1,0,synthetic,near_null_effect
SYN-002666,control,1,1,0,synthetic,near_null_effect
SYN-002667,control,1,1,0,synthetic,near_null_effect
SYN-002668,control,1,1,0,synthetic,near_null_effect
SYN-002669,control,1,1,0,synthetic,near_null_effect
SYN-002670,treatment,1,1,0,synthetic,near_null_effect
SYN-002671,control,1,1,0,synthetic,near_null_effect
SYN-002672,treatment,1,1,0,synthetic,near_null_effect
SYN-002673,treatment,1,1,0,synthetic,near_null_effect
SYN-002674,control,1,1,0,synthetic,near_null_effect
SYN-002675,control,1,1,0,synthetic,near_null_effect
SYN-002676,control,1,1,0,synthetic,near_null_effect
SYN-002677,control,1,1,0,synthetic,near_null_effect
SYN-002678,treatment,1,1,0,synthetic,near_null_effect
SYN-002679,control,1,1,0,synthetic,near_null_effect
SYN-002680,control,1,1,0,synthetic,near_null_effect
SYN-002681,control,1,1,0,synthetic,near_null_effect
SYN-002682,control,1,1,0,synthetic,near_null_effect
SYN-002683,control,1,1,0,synthetic,near_null_effect
SYN-002684,treatment,1,1,0,synthetic,near_null_effect
SYN-002685,control,1,1,0,synthetic,near_null_effect
SYN-002686,treatment,1,1,0,synthetic,near_null_effect
SYN-002687,control,1,1,0,synthetic,near_null_effect
SYN-002688,control,1,1,0,synthetic,near_null_effect
SYN-002689,treatment,1,1,0,synthetic,near_null_effect
SYN-002690,treatment,1,1,0,synthetic,near_null_effect
SYN-002691,control,1,1,0,synthetic,near_null_effect
SYN-002692,control,1,1,0,synthetic,near_null_effect
SYN-002693,control,1,1,0,synthetic,near_null_effect
SYN-002694,control,1,1,0,synthetic,near_null_effect
SYN-002695,control,1,1,0,synthetic,near_null_effect
SYN-002696,control,1,1,0,synthetic,near_null_effect
SYN-002697,treatment,1,1,0,synthetic,near_null_effect
SYN-002698,treatment,1,1,1,synthetic,near_null_effect
SYN-002699,control,1,1,0,synthetic,near_null_effect
SYN-002700,control,1,1,0,synthetic,near_null_effect
SYN-002701,control,1,1,0,synthetic,near_null_effect
SYN-002702,treatment,1,1,0,synthetic,near_null_effect
SYN-002703,control,1,1,0,synthetic,near_null_effect
SYN-002704,control,1,1,0,synthetic,near_null_effect
SYN-002705,control,1,1,0,synthetic,near_null_effect
SYN-002706,control,1,1,0,synthetic,near_null_effect
SYN-002707,control,1,1,0,synthetic,near_null_effect
SYN-002708,treatment,1,1,0,synthetic,near_null_effect
SYN-002709,treatment,1,1,0,synthetic,near_null_effect
SYN-002710,treatment,1,1,0,synthetic,near_null_effect
SYN-002711,treatment,1,1,0,synthetic,near_null_effect
SYN-002712,treatment,1,1,0,synthetic,near_null_effect
SYN-002713,control,1,1,0,synthetic,near_null_effect
SYN-002714,treatment,1,1,1,synthetic,near_null_effect
SYN-002715,control,1,1,0,synthetic,near_null_effect
SYN-002716,treatment,1,1,0,synthetic,near_null_effect
SYN-002717,control,1,1,1,synthetic,near_null_effect
SYN-002718,control,1,1,0,synthetic,near_null_effect
SYN-002719,control,1,1,0,synthetic,near_null_effect
SYN-002720,treatment,1,1,0,synthetic,near_null_effect
SYN-002721,treatment,1,1,0,synthetic,near_null_effect
SYN-002722,treatment,1,1,0,synthetic,near_null_effect
SYN-002723,control,1,1,1,synthetic,near_null_effect
SYN-002724,control,1,1,0,synthetic,near_null_effect
SYN-002725,control,1,1,0,synthetic,near_null_effect
SYN-002726,treatment,1,1,0,synthetic,near_null_effect
SYN-002727,treatment,1,1,0,synthetic,near_null_effect
SYN-002728,treatment,1,1,0,synthetic,near_null_effect
SYN-002729,treatment,1,1,1,synthetic,near_null_effect
SYN-002730,control,1,1,0,synthetic,near_null_effect
SYN-002731,control,1,1,0,synthetic,near_null_effect
SYN-002732,treatment,1,1,0,synthetic,near_null_effect
SYN-002733,treatment,1,1,0,synthetic,near_null_effect
SYN-002734,control,1,1,0,synthetic,near_null_effect
SYN-002735,treatment,1,1,0,synthetic,near_null_effect
SYN-002736,control,1,1,0,synthetic,near_null_effect
SYN-002737,treatment,1,1,0,synthetic,near_null_effect
SYN-002738,treatment,1,1,0,synthetic,near_null_effect
SYN-002739,treatment,1,1,0,synthetic,near_null_effect
SYN-002740,treatment,1,1,1,synthetic,near_null_effect
SYN-002741,treatment,1,1,0,synthetic,near_null_effect
SYN-002742,treatment,1,1,0,synthetic,near_null_effect
SYN-002743,treatment,1,1,0,synthetic,near_null_effect
SYN-002744,control,1,1,0,synthetic,near_null_effect
SYN-002745,treatment,1,1,0,synthetic,near_null_effect
SYN-002746,treatment,1,1,0,synthetic,near_null_effect
SYN-002747,control,1,1,0,synthetic,near_null_effect
SYN-002748,control,1,1,0,synthetic,near_null_effect
SYN-002749,treatment,1,1,0,synthetic,near_null_effect
SYN-002750,control,1,1,0,synthetic,near_null_effect
SYN-002751,control,1,1,0,synthetic,near_null_effect
SYN-002752,treatment,1,1,0,synthetic,near_null_effect
SYN-002753,treatment,1,1,0,synthetic,near_null_effect
SYN-002754,treatment,1,1,1,synthetic,near_null_effect
SYN-002755,treatment,1,1,0,synthetic,near_null_effect
SYN-002756,treatment,1,1,0,synthetic,near_null_effect
SYN-002757,treatment,1,1,0,synthetic,near_null_effect
SYN-002758,treatment,1,1,0,synthetic,near_null_effect
SYN-002759,treatment,1,1,1,synthetic,near_null_effect
SYN-002760,treatment,1,1,0,synthetic,near_null_effect
SYN-002761,treatment,1,1,0,synthetic,near_null_effect
SYN-002762,control,1,1,0,synthetic,near_null_effect
SYN-002763,control,1,1,0,synthetic,near_null_effect
SYN-002764,control,1,1,0,synthetic,near_null_effect
SYN-002765,treatment,1,1,0,synthetic,near_null_effect
SYN-002766,treatment,1,1,0,synthetic,near_null_effect
SYN-002767,control,1,1,1,synthetic,near_null_effect
SYN-002768,treatment,1,1,1,synthetic,near_null_effect
SYN-002769,control,1,1,0,synthetic,near_null_effect
SYN-002770,control,1,1,1,synthetic,near_null_effect
SYN-002771,treatment,1,1,0,synthetic,near_null_effect
SYN-002772,treatment,1,1,0,synthetic,near_null_effect
SYN-002773,treatment,1,1,0,synthetic,near_null_effect
SYN-002774,control,1,1,1,synthetic,near_null_effect
SYN-002775,treatment,1,1,0,synthetic,near_null_effect
SYN-002776,treatment,1,1,0,synthetic,near_null_effect
SYN-002777,control,1,1,0,synthetic,near_null_effect
SYN-002778,treatment,1,1,0,synthetic,near_null_effect
SYN-002779,treatment,1,1,0,synthetic,near_null_effect
SYN-002780,treatment,1,1,0,synthetic,near_null_effect
SYN-002781,control,1,1,0,synthetic,near_null_effect
SYN-002782,treatment,1,1,0,synthetic,near_null_effect
SYN-002783,control,1,1,0,synthetic,near_null_effect
SYN-002784,treatment,1,1,0,synthetic,near_null_effect
SYN-002785,control,1,1,0,synthetic,near_null_effect
SYN-002786,control,1,1,0,synthetic,near_null_effect
SYN-002787,control,1,1,0,synthetic,near_null_effect
SYN-002788,treatment,1,1,1,synthetic,near_null_effect
SYN-002789,treatment,1,1,0,synthetic,near_null_effect
SYN-002790,control,1,1,0,synthetic,near_null_effect
SYN-002791,treatment,1,1,0,synthetic,near_null_effect
SYN-002792,control,1,1,0,synthetic,near_null_effect
SYN-002793,control,1,1,1,synthetic,near_null_effect
SYN-002794,control,1,1,1,synthetic,near_null_effect
SYN-002795,treatment,1,1,0,synthetic,near_null_effect
SYN-002796,control,1,1,0,synthetic,near_null_effect
SYN-002797,treatment,1,1,0,synthetic,near_null_effect
SYN-002798,control,1,1,1,synthetic,near_null_effect
SYN-002799,control,1,1,0,synthetic,near_null_effect
SYN-002800,control,1,1,0,synthetic,near_null_effect
SYN-002801,treatment,1,1,0,synthetic,near_null_effect
SYN-002802,treatment,1,1,0,synthetic,near_null_effect
SYN-002803,treatment,1,1,0,synthetic,near_null_effect
SYN-002804,treatment,1,1,0,synthetic,near_null_effect
SYN-002805,control,1,1,0,synthetic,near_null_effect
SYN-002806,treatment,1,1,0,synthetic,near_null_effect
SYN-002807,treatment,1,1,1,synthetic,near_null_effect
SYN-002808,control,1,1,0,synthetic,near_null_effect
SYN-002809,treatment,1,1,0,synthetic,near_null_effect
SYN-002810,treatment,1,1,0,synthetic,near_null_effect
SYN-002811,treatment,1,1,0,synthetic,near_null_effect
SYN-002812,treatment,1,1,0,synthetic,near_null_effect
SYN-002813,treatment,1,1,0,synthetic,near_null_effect
SYN-002814,control,1,1,0,synthetic,near_null_effect
SYN-002815,control,1,1,0,synthetic,near_null_effect
SYN-002816,control,1,1,0,synthetic,near_null_effect
SYN-002817,control,1,1,1,synthetic,near_null_effect
SYN-002818,treatment,1,1,0,synthetic,near_null_effect
SYN-002819,control,1,1,0,synthetic,near_null_effect
SYN-002820,control,1,1,0,synthetic,near_null_effect
SYN-002821,treatment,1,1,0,synthetic,near_null_effect
SYN-002822,treatment,1,1,0,synthetic,near_null_effect
SYN-002823,treatment,1,1,0,synthetic,near_null_effect
SYN-002824,control,1,1,0,synthetic,near_null_effect
SYN-002825,treatment,1,1,0,synthetic,near_null_effect
SYN-002826,control,1,1,0,synthetic,near_null_effect
SYN-002827,treatment,1,1,0,synthetic,near_null_effect
SYN-002828,control,1,1,0,synthetic,near_null_effect
SYN-002829,control,1,1,0,synthetic,near_null_effect
SYN-002830,treatment,1,1,0,synthetic,near_null_effect
SYN-002831,treatment,1,1,0,synthetic,near_null_effect
SYN-002832,control,1,1,0,synthetic,near_null_effect
SYN-002833,treatment,1,1,0,synthetic,near_null_effect
SYN-002834,treatment,1,1,1,synthetic,near_null_effect
SYN-002835,treatment,1,1,0,synthetic,near_null_effect
SYN-002836,control,1,1,0,synthetic,near_null_effect
SYN-002837,control,1,1,1,synthetic,near_null_effect
SYN-002838,control,1,1,0,synthetic,near_null_effect
SYN-002839,control,1,1,0,synthetic,near_null_effect
SYN-002840,treatment,1,1,0,synthetic,near_null_effect
SYN-002841,control,1,1,0,synthetic,near_null_effect
SYN-002842,control,1,1,0,synthetic,near_null_effect
SYN-002843,treatment,1,1,0,synthetic,near_null_effect
SYN-002844,control,1,1,0,synthetic,near_null_effect
SYN-002845,treatment,1,1,0,synthetic,near_null_effect
SYN-002846,treatment,1,1,0,synthetic,near_null_effect
SYN-002847,control,1,1,0,synthetic,near_null_effect
SYN-002848,control,1,1,1,synthetic,near_null_effect
SYN-002849,control,1,1,0,synthetic,near_null_effect
SYN-002850,treatment,1,1,0,synthetic,near_null_effect
SYN-002851,control,1,1,0,synthetic,near_null_effect
SYN-002852,treatment,1,1,1,synthetic,near_null_effect
SYN-002853,treatment,1,1,0,synthetic,near_null_effect
SYN-002854,treatment,1,1,0,synthetic,near_null_effect
SYN-002855,treatment,1,1,0,synthetic,near_null_effect
SYN-002856,control,1,1,0,synthetic,near_null_effect
SYN-002857,treatment,1,1,0,synthetic,near_null_effect
SYN-002858,control,1,1,1,synthetic,near_null_effect
SYN-002859,control,1,1,0,synthetic,near_null_effect
SYN-002860,treatment,1,1,0,synthetic,near_null_effect
SYN-002861,control,1,1,0,synthetic,near_null_effect
SYN-002862,control,1,1,0,synthetic,near_null_effect
SYN-002863,treatment,1,1,0,synthetic,near_null_effect
SYN-002864,treatment,1,1,0,synthetic,near_null_effect
SYN-002865,treatment,1,1,0,synthetic,near_null_effect
SYN-002866,control,1,1,0,synthetic,near_null_effect
SYN-002867,control,1,1,0,synthetic,near_null_effect
SYN-002868,treatment,1,1,0,synthetic,near_null_effect
SYN-002869,treatment,1,1,0,synthetic,near_null_effect
SYN-002870,treatment,1,1,0,synthetic,near_null_effect
SYN-002871,treatment,1,1,0,synthetic,near_null_effect
SYN-002872,treatment,1,1,0,synthetic,near_null_effect
SYN-002873,treatment,1,1,0,synthetic,near_null_effect
SYN-002874,control,1,1,0,synthetic,near_null_effect
SYN-002875,control,1,1,0,synthetic,near_null_effect
SYN-002876,treatment,1,1,0,synthetic,near_null_effect
SYN-002877,control,1,1,0,synthetic,near_null_effect
SYN-002878,treatment,1,1,0,synthetic,near_null_effect
SYN-002879,control,1,1,0,synthetic,near_null_effect
SYN-002880,control,1,1,0,synthetic,near_null_effect
SYN-002881,treatment,1,1,0,synthetic,near_null_effect
SYN-002882,treatment,1,1,0,synthetic,near_null_effect
SYN-002883,control,1,1,0,synthetic,near_null_effect
SYN-002884,treatment,1,1,0,synthetic,near_null_effect
SYN-002885,control,1,1,0,synthetic,near_null_effect
SYN-002886,treatment,1,1,0,synthetic,near_null_effect
SYN-002887,treatment,1,1,0,synthetic,near_null_effect
SYN-002888,treatment,1,1,0,synthetic,near_null_effect
SYN-002889,control,1,1,0,synthetic,near_null_effect
SYN-002890,control,1,1,0,synthetic,near_null_effect
SYN-002891,treatment,1,1,0,synthetic,near_null_effect
SYN-002892,treatment,1,1,0,synthetic,near_null_effect
SYN-002893,treatment,1,1,0,synthetic,near_null_effect
SYN-002894,treatment,1,1,0,synthetic,near_null_effect
SYN-002895,treatment,1,1,0,synthetic,near_null_effect
SYN-002896,control,1,1,0,synthetic,near_null_effect
SYN-002897,control,1,1,0,synthetic,near_null_effect
SYN-002898,treatment,1,1,0,synthetic,near_null_effect
SYN-002899,control,1,1,0,synthetic,near_null_effect
SYN-002900,control,1,1,0,synthetic,near_null_effect
SYN-002901,treatment,1,1,0,synthetic,near_null_effect
SYN-002902,treatment,1,1,0,synthetic,near_null_effect
SYN-002903,treatment,1,1,0,synthetic,near_null_effect
SYN-002904,control,1,1,0,synthetic,near_null_effect
SYN-002905,control,1,1,0,synthetic,near_null_effect
SYN-002906,control,1,1,0,synthetic,near_null_effect
SYN-002907,treatment,1,1,0,synthetic,near_null_effect
SYN-002908,treatment,1,1,0,synthetic,near_null_effect
SYN-002909,treatment,1,1,0,synthetic,near_null_effect
SYN-002910,control,1,1,0,synthetic,near_null_effect
SYN-002911,control,1,1,0,synthetic,near_null_effect
SYN-002912,treatment,1,1,0,synthetic,near_null_effect
SYN-002913,treatment,1,1,1,synthetic,near_null_effect
SYN-002914,control,1,1,0,synthetic,near_null_effect
SYN-002915,treatment,1,1,0,synthetic,near_null_effect
SYN-002916,treatment,1,1,0,synthetic,near_null_effect
SYN-002917,treatment,1,1,1,synthetic,near_null_effect
SYN-002918,treatment,1,1,0,synthetic,near_null_effect
SYN-002919,control,1,1,0,synthetic,near_null_effect
SYN-002920,treatment,1,1,0,synthetic,near_null_effect
SYN-002921,control,1,1,0,synthetic,near_null_effect
SYN-002922,treatment,1,1,0,synthetic,near_null_effect
SYN-002923,treatment,1,1,0,synthetic,near_null_effect
SYN-002924,treatment,1,1,0,synthetic,near_null_effect
SYN-002925,control,1,1,0,synthetic,near_null_effect
SYN-002926,control,1,1,0,synthetic,near_null_effect
SYN-002927,treatment,1,1,0,synthetic,near_null_effect
SYN-002928,treatment,1,1,0,synthetic,near_null_effect
SYN-002929,control,1,1,0,synthetic,near_null_effect
SYN-002930,control,1,1,0,synthetic,near_null_effect
SYN-002931,treatment,1,1,0,synthetic,near_null_effect
SYN-002932,treatment,1,1,0,synthetic,near_null_effect
SYN-002933,control,1,1,0,synthetic,near_null_effect
SYN-002934,control,1,1,0,synthetic,near_null_effect
SYN-002935,control,1,1,0,synthetic,near_null_effect
SYN-002936,treatment,1,1,0,synthetic,near_null_effect
SYN-002937,treatment,1,1,0,synthetic,near_null_effect
SYN-002938,treatment,1,1,0,synthetic,near_null_effect
SYN-002939,treatment,1,1,0,synthetic,near_null_effect
SYN-002940,control,1,1,0,synthetic,near_null_effect
SYN-002941,control,1,1,1,synthetic,near_null_effect
SYN-002942,treatment,1,1,0,synthetic,near_null_effect
SYN-002943,treatment,1,1,1,synthetic,near_null_effect
SYN-002944,treatment,1,1,1,synthetic,near_null_effect
SYN-002945,control,1,1,0,synthetic,near_null_effect
SYN-002946,treatment,1,1,1,synthetic,near_null_effect
SYN-002947,control,1,1,0,synthetic,near_null_effect
SYN-002948,treatment,1,1,0,synthetic,near_null_effect
SYN-002949,treatment,1,1,0,synthetic,near_null_effect
SYN-002950,control,1,1,0,synthetic,near_null_effect
SYN-002951,control,1,1,0,synthetic,near_null_effect
SYN-002952,treatment,1,1,0,synthetic,near_null_effect
SYN-002953,treatment,1,1,0,synthetic,near_null_effect
SYN-002954,control,1,1,0,synthetic,near_null_effect
SYN-002955,control,1,1,0,synthetic,near_null_effect
SYN-002956,treatment,1,1,0,synthetic,near_null_effect
SYN-002957,control,1,1,0,synthetic,near_null_effect
SYN-002958,treatment,1,1,1,synthetic,near_null_effect
SYN-002959,control,1,1,0,synthetic,near_null_effect
SYN-002960,treatment,1,1,0,synthetic,near_null_effect
SYN-002961,control,1,1,0,synthetic,near_null_effect
SYN-002962,treatment,1,1,0,synthetic,near_null_effect
SYN-002963,treatment,1,1,0,synthetic,near_null_effect
SYN-002964,control,1,1,0,synthetic,near_null_effect
SYN-002965,treatment,1,1,1,synthetic,near_null_effect
SYN-002966,control,1,1,0,synthetic,near_null_effect
SYN-002967,treatment,1,1,1,synthetic,near_null_effect
SYN-002968,treatment,1,1,0,synthetic,near_null_effect
SYN-002969,control,1,1,0,synthetic,near_null_effect
SYN-002970,control,1,1,0,synthetic,near_null_effect
SYN-002971,control,1,1,0,synthetic,near_null_effect
SYN-002972,treatment,1,1,0,synthetic,near_null_effect
SYN-002973,control,1,1,0,synthetic,near_null_effect
SYN-002974,control,1,1,0,synthetic,near_null_effect
SYN-002975,treatment,1,1,0,synthetic,near_null_effect
SYN-002976,control,1,1,0,synthetic,near_null_effect
SYN-002977,control,1,1,0,synthetic,near_null_effect
SYN-002978,control,1,1,0,synthetic,near_null_effect
SYN-002979,control,1,1,0,synthetic,near_null_effect
SYN-002980,control,1,1,1,synthetic,near_null_effect
SYN-002981,control,1,1,1,synthetic,near_null_effect
SYN-002982,control,1,1,0,synthetic,near_null_effect
SYN-002983,control,1,1,0,synthetic,near_null_effect
SYN-002984,treatment,1,1,0,synthetic,near_null_effect
SYN-002985,treatment,1,1,0,synthetic,near_null_effect
SYN-002986,control,1,1,0,synthetic,near_null_effect
SYN-002987,control,1,1,0,synthetic,near_null_effect
SYN-002988,control,1,1,0,synthetic,near_null_effect
SYN-002989,treatment,1,1,0,synthetic,near_null_effect
SYN-002990,treatment,1,1,0,synthetic,near_null_effect
SYN-002991,treatment,1,1,1,synthetic,near_null_effect
SYN-002992,treatment,1,1,0,synthetic,near_null_effect
SYN-002993,control,1,1,0,synthetic,near_null_effect
SYN-002994,treatment,1,1,1,synthetic,near_null_effect
SYN-002995,treatment,1,1,0,synthetic,near_null_effect
SYN-002996,treatment,1,1,0,synthetic,near_null_effect
SYN-002997,treatment,1,1,0,synthetic,near_null_effect
SYN-002998,treatment,1,1,0,synthetic,near_null_effect
SYN-002999,control,1,1,0,synthetic,near_null_effect
SYN-003000,treatment,1,1,0,synthetic,near_null_effect
SYN-003001,treatment,1,1,0,synthetic,near_null_effect
SYN-003002,control,1,1,0,synthetic,near_null_effect
SYN-003003,treatment,1,1,0,synthetic,near_null_effect
SYN-003004,treatment,1,1,1,synthetic,near_null_effect
SYN-003005,treatment,1,1,0,synthetic,near_null_effect
SYN-003006,control,1,1,1,synthetic,near_null_effect
SYN-003007,treatment,1,1,0,synthetic,near_null_effect
SYN-003008,treatment,1,1,0,synthetic,near_null_effect
SYN-003009,control,1,1,0,synthetic,near_null_effect
SYN-003010,treatment,1,1,0,synthetic,near_null_effect
SYN-003011,treatment,1,1,0,synthetic,near_null_effect
SYN-003012,treatment,1,1,0,synthetic,near_null_effect
SYN-003013,treatment,1,1,0,synthetic,near_null_effect
SYN-003014,control,1,1,0,synthetic,near_null_effect
SYN-003015,treatment,1,1,1,synthetic,near_null_effect
SYN-003016,control,1,1,0,synthetic,near_null_effect
SYN-003017,treatment,1,1,0,synthetic,near_null_effect
SYN-003018,control,1,1,0,synthetic,near_null_effect
SYN-003019,treatment,1,1,0,synthetic,near_null_effect
SYN-003020,treatment,1,1,0,synthetic,near_null_effect
SYN-003021,treatment,1,1,1,synthetic,near_null_effect
SYN-003022,control,1,1,0,synthetic,near_null_effect
SYN-003023,control,1,1,0,synthetic,near_null_effect
SYN-003024,treatment,1,1,0,synthetic,near_null_effect
SYN-003025,treatment,1,1,0,synthetic,near_null_effect
SYN-003026,treatment,1,1,0,synthetic,near_null_effect
SYN-003027,treatment,1,1,0,synthetic,near_null_effect
SYN-003028,treatment,1,1,0,synthetic,near_null_effect
SYN-003029,control,1,1,0,synthetic,near_null_effect
SYN-003030,control,1,1,0,synthetic,near_null_effect
SYN-003031,control,1,1,1,synthetic,near_null_effect
SYN-003032,treatment,1,1,1,synthetic,near_null_effect
SYN-003033,treatment,1,1,0,synthetic,near_null_effect
SYN-003034,treatment,1,1,0,synthetic,near_null_effect
SYN-003035,treatment,1,1,0,synthetic,near_null_effect
SYN-003036,treatment,1,1,1,synthetic,near_null_effect
SYN-003037,treatment,1,1,0,synthetic,near_null_effect
SYN-003038,treatment,1,1,0,synthetic,near_null_effect
SYN-003039,treatment,1,1,0,synthetic,near_null_effect
SYN-003040,treatment,1,1,0,synthetic,near_null_effect
SYN-003041,treatment,1,1,0,synthetic,near_null_effect
SYN-003042,treatment,1,1,0,synthetic,near_null_effect
SYN-003043,control,1,1,0,synthetic,near_null_effect
SYN-003044,treatment,1,1,0,synthetic,near_null_effect
SYN-003045,control,1,1,0,synthetic,near_null_effect
SYN-003046,control,1,1,0,synthetic,near_null_effect
SYN-003047,treatment,1,1,0,synthetic,near_null_effect
SYN-003048,treatment,1,1,0,synthetic,near_null_effect
SYN-003049,control,1,1,0,synthetic,near_null_effect
SYN-003050,control,1,1,0,synthetic,near_null_effect
SYN-003051,treatment,1,1,0,synthetic,near_null_effect
SYN-003052,treatment,1,1,0,synthetic,near_null_effect
SYN-003053,control,1,1,0,synthetic,near_null_effect
SYN-003054,treatment,1,1,0,synthetic,near_null_effect
SYN-003055,treatment,1,1,0,synthetic,near_null_effect
SYN-003056,treatment,1,1,0,synthetic,near_null_effect
SYN-003057,treatment,1,1,0,synthetic,near_null_effect
SYN-003058,control,1,1,0,synthetic,near_null_effect
SYN-003059,control,1,1,0,synthetic,near_null_effect
SYN-003060,control,1,1,0,synthetic,near_null_effect
SYN-003061,treatment,1,1,0,synthetic,near_null_effect
SYN-003062,treatment,1,1,0,synthetic,near_null_effect
SYN-003063,control,1,1,0,synthetic,near_null_effect
SYN-003064,control,1,1,0,synthetic,near_null_effect
SYN-003065,treatment,1,1,0,synthetic,near_null_effect
SYN-003066,control,1,1,0,synthetic,near_null_effect
SYN-003067,control,1,1,0,synthetic,near_null_effect
SYN-003068,control,1,1,0,synthetic,near_null_effect
SYN-003069,treatment,1,1,0,synthetic,near_null_effect
SYN-003070,control,1,1,1,synthetic,near_null_effect
SYN-003071,treatment,1,1,0,synthetic,near_null_effect
SYN-003072,treatment,1,1,0,synthetic,near_null_effect
SYN-003073,control,1,1,1,synthetic,near_null_effect
SYN-003074,treatment,1,1,0,synthetic,near_null_effect
SYN-003075,treatment,1,1,1,synthetic,near_null_effect
SYN-003076,treatment,1,1,0,synthetic,near_null_effect
SYN-003077,control,1,1,0,synthetic,near_null_effect
SYN-003078,treatment,1,1,0,synthetic,near_null_effect
SYN-003079,treatment,1,1,0,synthetic,near_null_effect
SYN-003080,treatment,1,1,1,synthetic,near_null_effect
SYN-003081,control,1,1,0,synthetic,near_null_effect
SYN-003082,control,1,1,0,synthetic,near_null_effect
SYN-003083,control,1,1,0,synthetic,near_null_effect
SYN-003084,treatment,1,1,0,synthetic,near_null_effect
SYN-003085,control,1,1,0,synthetic,near_null_effect
SYN-003086,treatment,1,1,0,synthetic,near_null_effect
SYN-003087,treatment,1,1,0,synthetic,near_null_effect
SYN-003088,control,1,1,1,synthetic,near_null_effect
SYN-003089,control,1,1,0,synthetic,near_null_effect
SYN-003090,treatment,1,1,0,synthetic,near_null_effect
SYN-003091,treatment,1,1,0,synthetic,near_null_effect
SYN-003092,treatment,1,1,0,synthetic,near_null_effect
SYN-003093,control,1,1,0,synthetic,near_null_effect
SYN-003094,treatment,1,1,0,synthetic,near_null_effect
SYN-003095,treatment,1,1,0,synthetic,near_null_effect
SYN-003096,treatment,1,1,0,synthetic,near_null_effect
SYN-003097,treatment,1,1,0,synthetic,near_null_effect
SYN-003098,control,1,1,0,synthetic,near_null_effect
SYN-003099,treatment,1,1,1,synthetic,near_null_effect
SYN-003100,control,1,1,0,synthetic,near_null_effect
SYN-003101,treatment,1,1,0,synthetic,near_null_effect
SYN-003102,control,1,1,0,synthetic,near_null_effect
SYN-003103,control,1,1,0,synthetic,near_null_effect
SYN-003104,treatment,1,1,0,synthetic,near_null_effect
SYN-003105,treatment,1,1,0,synthetic,near_null_effect
SYN-003106,treatment,1,1,0,synthetic,near_null_effect
SYN-003107,control,1,1,0,synthetic,near_null_effect
SYN-003108,treatment,1,1,0,synthetic,near_null_effect
SYN-003109,control,1,1,0,synthetic,near_null_effect
SYN-003110,treatment,1,1,0,synthetic,near_null_effect
SYN-003111,control,1,1,1,synthetic,near_null_effect
SYN-003112,control,1,1,0,synthetic,near_null_effect
SYN-003113,control,1,1,0,synthetic,near_null_effect
SYN-003114,treatment,1,1,0,synthetic,near_null_effect
SYN-003115,control,1,1,0,synthetic,near_null_effect
SYN-003116,control,1,1,0,synthetic,near_null_effect
SYN-003117,control,1,1,0,synthetic,near_null_effect
SYN-003118,treatment,1,1,0,synthetic,near_null_effect
SYN-003119,treatment,1,1,0,synthetic,near_null_effect
SYN-003120,control,1,1,0,synthetic,near_null_effect
SYN-003121,control,1,1,0,synthetic,near_null_effect
SYN-003122,treatment,1,1,0,synthetic,near_null_effect
SYN-003123,treatment,1,1,0,synthetic,near_null_effect
SYN-003124,treatment,1,1,0,synthetic,near_null_effect
SYN-003125,treatment,1,1,0,synthetic,near_null_effect
SYN-003126,treatment,1,1,0,synthetic,near_null_effect
SYN-003127,control,1,1,0,synthetic,near_null_effect
SYN-003128,treatment,1,1,0,synthetic,near_null_effect
SYN-003129,control,1,1,0,synthetic,near_null_effect
SYN-003130,treatment,1,1,0,synthetic,near_null_effect
SYN-003131,control,1,1,0,synthetic,near_null_effect
SYN-003132,control,1,1,0,synthetic,near_null_effect
SYN-003133,control,1,1,0,synthetic,near_null_effect
SYN-003134,control,1,1,0,synthetic,near_null_effect
SYN-003135,treatment,1,1,0,synthetic,near_null_effect
SYN-003136,control,1,1,1,synthetic,near_null_effect
SYN-003137,control,1,1,0,synthetic,near_null_effect
SYN-003138,control,1,1,0,synthetic,near_null_effect
SYN-003139,treatment,1,1,0,synthetic,near_null_effect
SYN-003140,treatment,1,1,0,synthetic,near_null_effect
SYN-003141,treatment,1,1,0,synthetic,near_null_effect
SYN-003142,control,1,1,0,synthetic,near_null_effect
SYN-003143,control,1,1,0,synthetic,near_null_effect
SYN-003144,treatment,1,1,0,synthetic,near_null_effect
SYN-003145,control,1,1,0,synthetic,near_null_effect
SYN-003146,control,1,1,0,synthetic,near_null_effect
SYN-003147,control,1,1,0,synthetic,near_null_effect
SYN-003148,treatment,1,1,0,synthetic,near_null_effect
SYN-003149,treatment,1,1,0,synthetic,near_null_effect
SYN-003150,control,1,1,0,synthetic,near_null_effect
SYN-003151,control,1,1,0,synthetic,near_null_effect
SYN-003152,control,1,1,0,synthetic,near_null_effect
SYN-003153,treatment,1,1,0,synthetic,near_null_effect
SYN-003154,control,1,1,0,synthetic,near_null_effect
SYN-003155,control,1,1,0,synthetic,near_null_effect
SYN-003156,control,1,1,0,synthetic,near_null_effect
SYN-003157,control,1,1,0,synthetic,near_null_effect
SYN-003158,control,1,1,0,synthetic,near_null_effect
SYN-003159,treatment,1,1,0,synthetic,near_null_effect
SYN-003160,control,1,1,0,synthetic,near_null_effect
SYN-003161,control,1,1,0,synthetic,near_null_effect
SYN-003162,treatment,1,1,0,synthetic,near_null_effect
SYN-003163,control,1,1,0,synthetic,near_null_effect
SYN-003164,control,1,1,0,synthetic,near_null_effect
SYN-003165,control,1,1,0,synthetic,near_null_effect
SYN-003166,control,1,1,0,synthetic,near_null_effect
SYN-003167,control,1,1,0,synthetic,near_null_effect
SYN-003168,control,1,1,0,synthetic,near_null_effect
SYN-003169,treatment,1,1,0,synthetic,near_null_effect
SYN-003170,control,1,1,0,synthetic,near_null_effect
SYN-003171,control,1,1,0,synthetic,near_null_effect
SYN-003172,treatment,1,1,0,synthetic,near_null_effect
SYN-003173,treatment,1,1,0,synthetic,near_null_effect
SYN-003174,control,1,1,0,synthetic,near_null_effect
SYN-003175,control,1,1,0,synthetic,near_null_effect
SYN-003176,control,1,1,0,synthetic,near_null_effect
SYN-003177,treatment,1,1,0,synthetic,near_null_effect
SYN-003178,control,1,1,1,synthetic,near_null_effect
SYN-003179,treatment,1,1,0,synthetic,near_null_effect
SYN-003180,treatment,1,1,0,synthetic,near_null_effect
SYN-003181,treatment,1,1,0,synthetic,near_null_effect
SYN-003182,control,1,1,1,synthetic,near_null_effect
SYN-003183,treatment,1,1,0,synthetic,near_null_effect
SYN-003184,control,1,1,0,synthetic,near_null_effect
SYN-003185,control,1,1,0,synthetic,near_null_effect
SYN-003186,control,1,1,1,synthetic,near_null_effect
SYN-003187,control,1,1,0,synthetic,near_null_effect
SYN-003188,treatment,1,1,0,synthetic,near_null_effect
SYN-003189,control,1,1,0,synthetic,near_null_effect
SYN-003190,control,1,1,0,synthetic,near_null_effect
SYN-003191,control,1,1,0,synthetic,near_null_effect
SYN-003192,treatment,1,1,0,synthetic,near_null_effect
SYN-003193,treatment,1,1,0,synthetic,near_null_effect
SYN-003194,control,1,1,0,synthetic,near_null_effect
SYN-003195,treatment,1,1,0,synthetic,near_null_effect
SYN-003196,control,1,1,0,synthetic,near_null_effect
SYN-003197,control,1,1,0,synthetic,near_null_effect
SYN-003198,control,1,1,0,synthetic,near_null_effect
SYN-003199,treatment,1,1,0,synthetic,near_null_effect
SYN-003200,control,1,1,0,synthetic,near_null_effect
SYN-003201,treatment,1,1,0,synthetic,near_null_effect
SYN-003202,treatment,1,1,0,synthetic,near_null_effect
SYN-003203,treatment,1,1,0,synthetic,near_null_effect
SYN-003204,treatment,1,1,0,synthetic,near_null_effect
SYN-003205,control,1,1,0,synthetic,near_null_effect
SYN-003206,control,1,1,0,synthetic,near_null_effect
SYN-003207,treatment,1,1,0,synthetic,near_null_effect
SYN-003208,treatment,1,1,0,synthetic,near_null_effect
SYN-003209,treatment,1,1,0,synthetic,near_null_effect
SYN-003210,treatment,1,1,0,synthetic,near_null_effect
SYN-003211,treatment,1,1,0,synthetic,near_null_effect
SYN-003212,treatment,1,1,0,synthetic,near_null_effect
SYN-003213,treatment,1,1,0,synthetic,near_null_effect
SYN-003214,control,1,1,0,synthetic,near_null_effect
SYN-003215,control,1,1,0,synthetic,near_null_effect
SYN-003216,control,1,1,0,synthetic,near_null_effect
SYN-003217,treatment,1,1,0,synthetic,near_null_effect
SYN-003218,control,1,1,0,synthetic,near_null_effect
SYN-003219,treatment,1,1,1,synthetic,near_null_effect
SYN-003220,treatment,1,1,0,synthetic,near_null_effect
SYN-003221,treatment,1,1,0,synthetic,near_null_effect
SYN-003222,control,1,1,0,synthetic,near_null_effect
SYN-003223,control,1,1,0,synthetic,near_null_effect
SYN-003224,treatment,1,1,0,synthetic,near_null_effect
SYN-003225,treatment,1,1,0,synthetic,near_null_effect
SYN-003226,treatment,1,1,0,synthetic,near_null_effect
SYN-003227,control,1,1,0,synthetic,near_null_effect
SYN-003228,control,1,1,0,synthetic,near_null_effect
SYN-003229,control,1,1,0,synthetic,near_null_effect
SYN-003230,control,1,1,0,synthetic,near_null_effect
SYN-003231,control,1,1,0,synthetic,near_null_effect
SYN-003232,treatment,1,1,0,synthetic,near_null_effect
SYN-003233,control,1,1,0,synthetic,near_null_effect
SYN-003234,treatment,1,1,0,synthetic,near_null_effect
SYN-003235,control,1,1,0,synthetic,near_null_effect
SYN-003236,control,1,1,1,synthetic,near_null_effect
SYN-003237,control,1,1,0,synthetic,near_null_effect
SYN-003238,treatment,1,1,0,synthetic,near_null_effect
SYN-003239,control,1,1,0,synthetic,near_null_effect
SYN-003240,control,1,1,0,synthetic,near_null_effect
SYN-003241,control,1,1,0,synthetic,near_null_effect
SYN-003242,control,1,1,1,synthetic,near_null_effect
SYN-003243,control,1,1,0,synthetic,near_null_effect
SYN-003244,control,1,1,0,synthetic,near_null_effect
SYN-003245,treatment,1,1,0,synthetic,near_null_effect
SYN-003246,treatment,1,1,0,synthetic,near_null_effect
SYN-003247,control,1,1,1,synthetic,near_null_effect
SYN-003248,control,1,1,0,synthetic,near_null_effect
SYN-003249,treatment,1,1,0,synthetic,near_null_effect
SYN-003250,treatment,1,1,0,synthetic,near_null_effect
SYN-003251,treatment,1,1,0,synthetic,near_null_effect
SYN-003252,control,1,1,0,synthetic,near_null_effect
SYN-003253,treatment,1,1,1,synthetic,near_null_effect
SYN-003254,treatment,1,1,0,synthetic,near_null_effect
SYN-003255,treatment,1,1,0,synthetic,near_null_effect
SYN-003256,treatment,1,1,0,synthetic,near_null_effect
SYN-003257,treatment,1,1,0,synthetic,near_null_effect
SYN-003258,control,1,1,0,synthetic,near_null_effect
SYN-003259,control,1,1,1,synthetic,near_null_effect
SYN-003260,control,1,1,0,synthetic,near_null_effect
SYN-003261,control,1,1,0,synthetic,near_null_effect
SYN-003262,control,1,1,0,synthetic,near_null_effect
SYN-003263,treatment,1,1,0,synthetic,near_null_effect
SYN-003264,control,1,1,0,synthetic,near_null_effect
SYN-003265,treatment,1,1,0,synthetic,near_null_effect
SYN-003266,treatment,1,1,0,synthetic,near_null_effect
SYN-003267,control,1,1,0,synthetic,near_null_effect
SYN-003268,treatment,1,1,0,synthetic,near_null_effect
SYN-003269,control,1,1,0,synthetic,near_null_effect
SYN-003270,treatment,1,1,0,synthetic,near_null_effect
SYN-003271,control,1,1,0,synthetic,near_null_effect
SYN-003272,treatment,1,1,0,synthetic,near_null_effect
SYN-003273,treatment,1,1,0,synthetic,near_null_effect
SYN-003274,treatment,1,1,1,synthetic,near_null_effect
SYN-003275,treatment,1,1,0,synthetic,near_null_effect
SYN-003276,control,1,1,0,synthetic,near_null_effect
SYN-003277,control,1,1,1,synthetic,near_null_effect
SYN-003278,treatment,1,1,0,synthetic,near_null_effect
SYN-003279,treatment,1,1,0,synthetic,near_null_effect
SYN-003280,treatment,1,1,0,synthetic,near_null_effect
SYN-003281,treatment,1,1,0,synthetic,near_null_effect
SYN-003282,control,1,1,0,synthetic,near_null_effect
SYN-003283,treatment,1,1,0,synthetic,near_null_effect
SYN-003284,control,1,1,0,synthetic,near_null_effect
SYN-003285,control,1,1,0,synthetic,near_null_effect
SYN-003286,control,1,1,0,synthetic,near_null_effect
SYN-003287,treatment,1,1,0,synthetic,near_null_effect
SYN-003288,treatment,1,1,1,synthetic,near_null_effect
SYN-003289,treatment,1,1,0,synthetic,near_null_effect
SYN-003290,treatment,1,1,0,synthetic,near_null_effect
SYN-003291,control,1,1,0,synthetic,near_null_effect
SYN-003292,control,1,1,0,synthetic,near_null_effect
SYN-003293,control,1,1,0,synthetic,near_null_effect
SYN-003294,control,1,1,0,synthetic,near_null_effect
SYN-003295,treatment,1,1,0,synthetic,near_null_effect
SYN-003296,control,1,1,0,synthetic,near_null_effect
SYN-003297,treatment,1,1,1,synthetic,near_null_effect
SYN-003298,control,1,1,0,synthetic,near_null_effect
SYN-003299,control,1,1,0,synthetic,near_null_effect
SYN-003300,control,1,1,0,synthetic,near_null_effect
SYN-003301,control,1,1,0,synthetic,near_null_effect
SYN-003302,treatment,1,1,0,synthetic,near_null_effect
SYN-003303,treatment,1,1,0,synthetic,near_null_effect
SYN-003304,control,1,1,0,synthetic,near_null_effect
SYN-003305,treatment,1,1,0,synthetic,near_null_effect
SYN-003306,treatment,1,1,0,synthetic,near_null_effect
SYN-003307,control,1,1,0,synthetic,near_null_effect
SYN-003308,control,1,1,0,synthetic,near_null_effect
SYN-003309,treatment,1,1,0,synthetic,near_null_effect
SYN-003310,control,1,1,0,synthetic,near_null_effect
SYN-003311,treatment,1,1,0,synthetic,near_null_effect
SYN-003312,treatment,1,1,0,synthetic,near_null_effect
SYN-003313,control,1,1,1,synthetic,near_null_effect
SYN-003314,treatment,1,1,0,synthetic,near_null_effect
SYN-003315,control,1,1,1,synthetic,near_null_effect
SYN-003316,treatment,1,1,0,synthetic,near_null_effect
SYN-003317,treatment,1,1,0,synthetic,near_null_effect
SYN-003318,control,1,1,0,synthetic,near_null_effect
SYN-003319,treatment,1,1,1,synthetic,near_null_effect
SYN-003320,treatment,1,1,0,synthetic,near_null_effect
SYN-003321,treatment,1,1,0,synthetic,near_null_effect
SYN-003322,control,1,1,0,synthetic,near_null_effect
SYN-003323,control,1,1,0,synthetic,near_null_effect
SYN-003324,treatment,1,1,0,synthetic,near_null_effect
SYN-003325,control,1,1,0,synthetic,near_null_effect
SYN-003326,treatment,1,1,0,synthetic,near_null_effect
SYN-003327,treatment,1,1,0,synthetic,near_null_effect
SYN-003328,control,1,1,0,synthetic,near_null_effect
SYN-003329,treatment,1,1,1,synthetic,near_null_effect
SYN-003330,control,1,1,0,synthetic,near_null_effect
SYN-003331,treatment,1,1,1,synthetic,near_null_effect
SYN-003332,treatment,1,1,0,synthetic,near_null_effect
SYN-003333,treatment,1,1,0,synthetic,near_null_effect
SYN-003334,treatment,1,1,0,synthetic,near_null_effect
SYN-003335,treatment,1,1,0,synthetic,near_null_effect
SYN-003336,treatment,1,1,0,synthetic,near_null_effect
SYN-003337,control,1,1,0,synthetic,near_null_effect
SYN-003338,treatment,1,1,0,synthetic,near_null_effect
SYN-003339,control,1,1,0,synthetic,near_null_effect
SYN-003340,control,1,1,0,synthetic,near_null_effect
SYN-003341,treatment,1,1,0,synthetic,near_null_effect
SYN-003342,control,1,1,0,synthetic,near_null_effect
SYN-003343,treatment,1,1,1,synthetic,near_null_effect
SYN-003344,treatment,1,1,0,synthetic,near_null_effect
SYN-003345,control,1,1,0,synthetic,near_null_effect
SYN-003346,treatment,1,1,0,synthetic,near_null_effect
SYN-003347,treatment,1,1,0,synthetic,near_null_effect
SYN-003348,treatment,1,1,0,synthetic,near_null_effect
SYN-003349,treatment,1,1,0,synthetic,near_null_effect
SYN-003350,treatment,1,1,0,synthetic,near_null_effect
SYN-003351,control,1,1,0,synthetic,near_null_effect
SYN-003352,control,1,1,0,synthetic,near_null_effect
SYN-003353,control,1,1,0,synthetic,near_null_effect
SYN-003354,treatment,1,1,1,synthetic,near_null_effect
SYN-003355,treatment,1,1,0,synthetic,near_null_effect
SYN-003356,treatment,1,1,0,synthetic,near_null_effect
SYN-003357,treatment,1,1,1,synthetic,near_null_effect
SYN-003358,control,1,1,1,synthetic,near_null_effect
SYN-003359,control,1,1,0,synthetic,near_null_effect
SYN-003360,control,1,1,1,synthetic,near_null_effect
SYN-003361,control,1,1,0,synthetic,near_null_effect
SYN-003362,control,1,1,0,synthetic,near_null_effect
SYN-003363,treatment,1,1,0,synthetic,near_null_effect
SYN-003364,treatment,1,1,0,synthetic,near_null_effect
SYN-003365,treatment,1,1,1,synthetic,near_null_effect
SYN-003366,control,1,1,0,synthetic,near_null_effect
SYN-003367,control,1,1,0,synthetic,near_null_effect
SYN-003368,control,1,1,0,synthetic,near_null_effect
SYN-003369,control,1,1,0,synthetic,near_null_effect
SYN-003370,treatment,1,1,0,synthetic,near_null_effect
SYN-003371,control,1,1,0,synthetic,near_null_effect
SYN-003372,control,1,1,0,synthetic,near_null_effect
SYN-003373,control,1,1,0,synthetic,near_null_effect
SYN-003374,control,1,1,0,synthetic,near_null_effect
SYN-003375,treatment,1,1,0,synthetic,near_null_effect
SYN-003376,treatment,1,1,0,synthetic,near_null_effect
SYN-003377,control,1,1,0,synthetic,near_null_effect
SYN-003378,control,1,1,1,synthetic,near_null_effect
SYN-003379,treatment,1,1,0,synthetic,near_null_effect
SYN-003380,treatment,1,1,0,synthetic,near_null_effect
SYN-003381,treatment,1,1,0,synthetic,near_null_effect
SYN-003382,treatment,1,1,1,synthetic,near_null_effect
SYN-003383,control,1,1,0,synthetic,near_null_effect
SYN-003384,treatment,1,1,0,synthetic,near_null_effect
SYN-003385,treatment,1,1,0,synthetic,near_null_effect
SYN-003386,control,1,1,0,synthetic,near_null_effect
SYN-003387,treatment,1,1,0,synthetic,near_null_effect
SYN-003388,control,1,1,0,synthetic,near_null_effect
SYN-003389,treatment,1,1,0,synthetic,near_null_effect
SYN-003390,control,1,1,0,synthetic,near_null_effect
SYN-003391,control,1,1,0,synthetic,near_null_effect
SYN-003392,treatment,1,1,0,synthetic,near_null_effect
SYN-003393,treatment,1,1,0,synthetic,near_null_effect
SYN-003394,control,1,1,0,synthetic,near_null_effect
SYN-003395,treatment,1,1,0,synthetic,near_null_effect
SYN-003396,control,1,1,0,synthetic,near_null_effect
SYN-003397,treatment,1,1,1,synthetic,near_null_effect
SYN-003398,treatment,1,1,1,synthetic,near_null_effect
SYN-003399,treatment,1,1,0,synthetic,near_null_effect
SYN-003400,control,1,1,0,synthetic,near_null_effect
SYN-003401,treatment,1,1,0,synthetic,near_null_effect
SYN-003402,treatment,1,1,0,synthetic,near_null_effect
SYN-003403,treatment,1,1,0,synthetic,near_null_effect
SYN-003404,treatment,1,1,0,synthetic,near_null_effect
SYN-003405,control,1,1,0,synthetic,near_null_effect
SYN-003406,control,1,1,0,synthetic,near_null_effect
SYN-003407,treatment,1,1,0,synthetic,near_null_effect
SYN-003408,treatment,1,1,1,synthetic,near_null_effect
SYN-003409,control,1,1,0,synthetic,near_null_effect
SYN-003410,control,1,1,0,synthetic,near_null_effect
SYN-003411,control,1,1,1,synthetic,near_null_effect
SYN-003412,treatment,1,1,0,synthetic,near_null_effect
SYN-003413,treatment,1,1,0,synthetic,near_null_effect
SYN-003414,control,1,1,0,synthetic,near_null_effect
SYN-003415,treatment,1,1,0,synthetic,near_null_effect
SYN-003416,control,1,1,0,synthetic,near_null_effect
SYN-003417,treatment,1,1,0,synthetic,near_null_effect
SYN-003418,treatment,1,1,0,synthetic,near_null_effect
SYN-003419,control,1,1,0,synthetic,near_null_effect
SYN-003420,control,1,1,0,synthetic,near_null_effect
SYN-003421,control,1,1,0,synthetic,near_null_effect
SYN-003422,control,1,1,0,synthetic,near_null_effect
SYN-003423,treatment,1,1,0,synthetic,near_null_effect
SYN-003424,treatment,1,1,0,synthetic,near_null_effect
SYN-003425,control,1,1,0,synthetic,near_null_effect
SYN-003426,control,1,1,0,synthetic,near_null_effect
SYN-003427,treatment,1,1,0,synthetic,near_null_effect
SYN-003428,control,1,1,0,synthetic,near_null_effect
SYN-003429,control,1,1,0,synthetic,near_null_effect
SYN-003430,treatment,1,1,1,synthetic,near_null_effect
SYN-003431,control,1,1,0,synthetic,near_null_effect
SYN-003432,treatment,1,1,0,synthetic,near_null_effect
SYN-003433,control,1,1,0,synthetic,near_null_effect
SYN-003434,control,1,1,0,synthetic,near_null_effect
SYN-003435,control,1,1,0,synthetic,near_null_effect
SYN-003436,control,1,1,1,synthetic,near_null_effect
SYN-003437,treatment,1,1,0,synthetic,near_null_effect
SYN-003438,treatment,1,1,0,synthetic,near_null_effect
SYN-003439,control,1,1,0,synthetic,near_null_effect
SYN-003440,treatment,1,1,0,synthetic,near_null_effect
SYN-003441,treatment,1,1,0,synthetic,near_null_effect
SYN-003442,control,1,1,0,synthetic,near_null_effect
SYN-003443,treatment,1,1,0,synthetic,near_null_effect
SYN-003444,control,1,1,0,synthetic,near_null_effect
SYN-003445,treatment,1,1,0,synthetic,near_null_effect
SYN-003446,control,1,1,0,synthetic,near_null_effect
SYN-003447,control,1,1,0,synthetic,near_null_effect
SYN-003448,control,1,1,1,synthetic,near_null_effect
SYN-003449,control,1,1,0,synthetic,near_null_effect
SYN-003450,control,1,1,1,synthetic,near_null_effect
SYN-003451,control,1,1,0,synthetic,near_null_effect
SYN-003452,treatment,1,1,0,synthetic,near_null_effect
SYN-003453,control,1,1,0,synthetic,near_null_effect
SYN-003454,treatment,1,1,0,synthetic,near_null_effect
SYN-003455,treatment,1,1,0,synthetic,near_null_effect
SYN-003456,treatment,1,1,0,synthetic,near_null_effect
SYN-003457,control,1,1,0,synthetic,near_null_effect
SYN-003458,treatment,1,1,0,synthetic,near_null_effect
SYN-003459,treatment,1,1,0,synthetic,near_null_effect
SYN-003460,control,1,1,0,synthetic,near_null_effect
SYN-003461,control,1,1,0,synthetic,near_null_effect
SYN-003462,treatment,1,1,0,synthetic,near_null_effect
SYN-003463,treatment,1,1,0,synthetic,near_null_effect
SYN-003464,control,1,1,0,synthetic,near_null_effect
SYN-003465,control,1,1,0,synthetic,near_null_effect
SYN-003466,treatment,1,1,0,synthetic,near_null_effect
SYN-003467,control,1,1,0,synthetic,near_null_effect
SYN-003468,treatment,1,1,0,synthetic,near_null_effect
SYN-003469,treatment,1,1,0,synthetic,near_null_effect
SYN-003470,control,1,1,0,synthetic,near_null_effect
SYN-003471,control,1,1,0,synthetic,near_null_effect
SYN-003472,control,1,1,1,synthetic,near_null_effect
SYN-003473,treatment,1,1,0,synthetic,near_null_effect
SYN-003474,control,1,1,0,synthetic,near_null_effect
SYN-003475,treatment,1,1,1,synthetic,near_null_effect
SYN-003476,control,1,1,0,synthetic,near_null_effect
SYN-003477,control,1,1,0,synthetic,near_null_effect
SYN-003478,control,1,1,0,synthetic,near_null_effect
SYN-003479,treatment,1,1,0,synthetic,near_null_effect
SYN-003480,control,1,1,0,synthetic,near_null_effect
SYN-003481,control,1,1,0,synthetic,near_null_effect
SYN-003482,control,1,1,0,synthetic,near_null_effect
SYN-003483,control,1,1,0,synthetic,near_null_effect
SYN-003484,treatment,1,1,0,synthetic,near_null_effect
SYN-003485,control,1,1,0,synthetic,near_null_effect
SYN-003486,treatment,1,1,0,synthetic,near_null_effect
SYN-003487,control,1,1,0,synthetic,near_null_effect
SYN-003488,control,1,1,0,synthetic,near_null_effect
SYN-003489,control,1,1,0,synthetic,near_null_effect
SYN-003490,treatment,1,1,0,synthetic,near_null_effect
SYN-003491,control,1,1,0,synthetic,near_null_effect
SYN-003492,treatment,1,1,0,synthetic,near_null_effect
SYN-003493,treatment,1,1,0,synthetic,near_null_effect
SYN-003494,control,1,1,0,synthetic,near_null_effect
SYN-003495,treatment,1,1,0,synthetic,near_null_effect
SYN-003496,control,1,1,0,synthetic,near_null_effect
SYN-003497,treatment,1,1,0,synthetic,near_null_effect
SYN-003498,control,1,1,1,synthetic,near_null_effect
SYN-003499,control,1,1,1,synthetic,near_null_effect
SYN-003500,control,1,1,0,synthetic,near_null_effect
SYN-003501,control,1,1,0,synthetic,near_null_effect
SYN-003502,treatment,1,1,0,synthetic,near_null_effect
SYN-003503,treatment,1,1,0,synthetic,near_null_effect
SYN-003504,control,1,1,0,synthetic,near_null_effect
SYN-003505,control,1,1,0,synthetic,near_null_effect
SYN-003506,treatment,1,1,1,synthetic,near_null_effect
SYN-003507,treatment,1,1,1,synthetic,near_null_effect
SYN-003508,treatment,1,1,0,synthetic,near_null_effect
SYN-003509,treatment,1,1,0,synthetic,near_null_effect
SYN-003510,control,1,1,0,synthetic,near_null_effect
SYN-003511,treatment,1,1,0,synthetic,near_null_effect
SYN-003512,control,1,1,0,synthetic,near_null_effect
SYN-003513,treatment,1,1,0,synthetic,near_null_effect
SYN-003514,treatment,1,1,0,synthetic,near_null_effect
SYN-003515,control,1,1,0,synthetic,near_null_effect
SYN-003516,control,1,1,0,synthetic,near_null_effect
SYN-003517,treatment,1,1,0,synthetic,near_null_effect
SYN-003518,control,1,1,0,synthetic,near_null_effect
SYN-003519,treatment,1,1,0,synthetic,near_null_effect
SYN-003520,treatment,1,1,0,synthetic,near_null_effect
SYN-003521,control,1,1,0,synthetic,near_null_effect
SYN-003522,control,1,1,0,synthetic,near_null_effect
SYN-003523,treatment,1,1,0,synthetic,near_null_effect
SYN-003524,control,1,1,0,synthetic,near_null_effect
SYN-003525,control,1,1,0,synthetic,near_null_effect
SYN-003526,treatment,1,1,0,synthetic,near_null_effect
SYN-003527,treatment,1,1,1,synthetic,near_null_effect
SYN-003528,treatment,1,1,0,synthetic,near_null_effect
SYN-003529,treatment,1,1,0,synthetic,near_null_effect
SYN-003530,control,1,1,0,synthetic,near_null_effect
SYN-003531,control,1,1,0,synthetic,near_null_effect
SYN-003532,control,1,1,0,synthetic,near_null_effect
SYN-003533,control,1,1,0,synthetic,near_null_effect
SYN-003534,control,1,1,0,synthetic,near_null_effect
SYN-003535,treatment,1,1,0,synthetic,near_null_effect
SYN-003536,control,1,1,0,synthetic,near_null_effect
SYN-003537,control,1,1,0,synthetic,near_null_effect
SYN-003538,treatment,1,1,0,synthetic,near_null_effect
SYN-003539,treatment,1,1,0,synthetic,near_null_effect
SYN-003540,control,1,1,0,synthetic,near_null_effect
SYN-003541,treatment,1,1,1,synthetic,near_null_effect
SYN-003542,control,1,1,0,synthetic,near_null_effect
SYN-003543,treatment,1,1,0,synthetic,near_null_effect
SYN-003544,treatment,1,1,0,synthetic,near_null_effect
SYN-003545,control,1,1,0,synthetic,near_null_effect
SYN-003546,control,1,1,0,synthetic,near_null_effect
SYN-003547,control,1,1,0,synthetic,near_null_effect
SYN-003548,control,1,1,0,synthetic,near_null_effect
SYN-003549,treatment,1,1,0,synthetic,near_null_effect
SYN-003550,treatment,1,1,0,synthetic,near_null_effect
SYN-003551,treatment,1,1,0,synthetic,near_null_effect
SYN-003552,control,1,1,1,synthetic,near_null_effect
SYN-003553,control,1,1,1,synthetic,near_null_effect
SYN-003554,control,1,1,0,synthetic,near_null_effect
SYN-003555,treatment,1,1,0,synthetic,near_null_effect
SYN-003556,control,1,1,1,synthetic,near_null_effect
SYN-003557,control,1,1,0,synthetic,near_null_effect
SYN-003558,control,1,1,0,synthetic,near_null_effect
SYN-003559,treatment,1,1,0,synthetic,near_null_effect
SYN-003560,control,1,1,0,synthetic,near_null_effect
SYN-003561,treatment,1,1,0,synthetic,near_null_effect
SYN-003562,control,1,1,0,synthetic,near_null_effect
SYN-003563,control,1,1,0,synthetic,near_null_effect
SYN-003564,treatment,1,1,0,synthetic,near_null_effect
SYN-003565,treatment,1,1,0,synthetic,near_null_effect
SYN-003566,treatment,1,1,0,synthetic,near_null_effect
SYN-003567,control,1,1,0,synthetic,near_null_effect
SYN-003568,treatment,1,1,0,synthetic,near_null_effect
SYN-003569,control,1,1,0,synthetic,near_null_effect
SYN-003570,treatment,1,1,0,synthetic,near_null_effect
SYN-003571,treatment,1,1,0,synthetic,near_null_effect
SYN-003572,control,1,1,0,synthetic,near_null_effect
SYN-003573,control,1,1,0,synthetic,near_null_effect
SYN-003574,control,1,1,0,synthetic,near_null_effect
SYN-003575,treatment,1,1,0,synthetic,near_null_effect
SYN-003576,control,1,1,0,synthetic,near_null_effect
SYN-003577,control,1,1,0,synthetic,near_null_effect
SYN-003578,treatment,1,1,0,synthetic,near_null_effect
SYN-003579,control,1,1,0,synthetic,near_null_effect
SYN-003580,treatment,1,1,0,synthetic,near_null_effect
SYN-003581,treatment,1,1,0,synthetic,near_null_effect
SYN-003582,treatment,1,1,0,synthetic,near_null_effect
SYN-003583,control,1,1,0,synthetic,near_null_effect
SYN-003584,control,1,1,0,synthetic,near_null_effect
SYN-003585,control,1,1,0,synthetic,near_null_effect
SYN-003586,treatment,1,1,0,synthetic,near_null_effect
SYN-003587,control,1,1,1,synthetic,near_null_effect
SYN-003588,treatment,1,1,1,synthetic,near_null_effect
SYN-003589,treatment,1,1,0,synthetic,near_null_effect
SYN-003590,control,1,1,1,synthetic,near_null_effect
SYN-003591,treatment,1,1,0,synthetic,near_null_effect
SYN-003592,control,1,1,0,synthetic,near_null_effect
SYN-003593,control,1,1,0,synthetic,near_null_effect
SYN-003594,treatment,1,1,1,synthetic,near_null_effect
SYN-003595,control,1,1,0,synthetic,near_null_effect
SYN-003596,control,1,1,0,synthetic,near_null_effect
SYN-003597,treatment,1,1,1,synthetic,near_null_effect
SYN-003598,control,1,1,0,synthetic,near_null_effect
SYN-003599,control,1,1,0,synthetic,near_null_effect
SYN-003600,control,1,1,0,synthetic,near_null_effect
SYN-003601,control,1,1,0,synthetic,near_null_effect
SYN-003602,control,1,1,0,synthetic,near_null_effect
SYN-003603,treatment,1,1,0,synthetic,near_null_effect
SYN-003604,control,1,1,0,synthetic,near_null_effect
SYN-003605,control,1,1,0,synthetic,near_null_effect
SYN-003606,control,1,1,0,synthetic,near_null_effect
SYN-003607,treatment,1,1,0,synthetic,near_null_effect
SYN-003608,treatment,1,1,0,synthetic,near_null_effect
SYN-003609,control,1,1,1,synthetic,near_null_effect
SYN-003610,control,1,1,0,synthetic,near_null_effect
SYN-003611,control,1,1,0,synthetic,near_null_effect
SYN-003612,control,1,1,0,synthetic,near_null_effect
SYN-003613,control,1,1,1,synthetic,near_null_effect
SYN-003614,treatment,1,1,0,synthetic,near_null_effect
SYN-003615,control,1,1,0,synthetic,near_null_effect
SYN-003616,control,1,1,0,synthetic,near_null_effect
SYN-003617,treatment,1,1,0,synthetic,near_null_effect
SYN-003618,treatment,1,1,0,synthetic,near_null_effect
SYN-003619,treatment,1,1,0,synthetic,near_null_effect
SYN-003620,control,1,1,0,synthetic,near_null_effect
SYN-003621,treatment,1,1,0,synthetic,near_null_effect
SYN-003622,control,1,1,0,synthetic,near_null_effect
SYN-003623,treatment,1,1,0,synthetic,near_null_effect
SYN-003624,treatment,1,1,0,synthetic,near_null_effect
SYN-003625,treatment,1,1,1,synthetic,near_null_effect
SYN-003626,control,1,1,0,synthetic,near_null_effect
SYN-003627,control,1,1,0,synthetic,near_null_effect
SYN-003628,control,1,1,0,synthetic,near_null_effect
SYN-003629,control,1,1,0,synthetic,near_null_effect
SYN-003630,control,1,1,0,synthetic,near_null_effect
SYN-003631,treatment,1,1,0,synthetic,near_null_effect
SYN-003632,treatment,1,1,0,synthetic,near_null_effect
SYN-003633,treatment,1,1,0,synthetic,near_null_effect
SYN-003634,treatment,1,1,0,synthetic,near_null_effect
SYN-003635,control,1,1,0,synthetic,near_null_effect
SYN-003636,treatment,1,1,0,synthetic,near_null_effect
SYN-003637,treatment,1,1,0,synthetic,near_null_effect
SYN-003638,treatment,1,1,0,synthetic,near_null_effect
SYN-003639,control,1,1,0,synthetic,near_null_effect
SYN-003640,treatment,1,1,0,synthetic,near_null_effect
SYN-003641,treatment,1,1,0,synthetic,near_null_effect
SYN-003642,treatment,1,1,0,synthetic,near_null_effect
SYN-003643,control,1,1,0,synthetic,near_null_effect
SYN-003644,control,1,1,0,synthetic,near_null_effect
SYN-003645,control,1,1,0,synthetic,near_null_effect
SYN-003646,control,1,1,0,synthetic,near_null_effect
SYN-003647,control,1,1,0,synthetic,near_null_effect
SYN-003648,treatment,1,1,1,synthetic,near_null_effect
SYN-003649,control,1,1,0,synthetic,near_null_effect
SYN-003650,control,1,1,0,synthetic,near_null_effect
SYN-003651,treatment,1,1,0,synthetic,near_null_effect
SYN-003652,treatment,1,1,0,synthetic,near_null_effect
SYN-003653,control,1,1,0,synthetic,near_null_effect
SYN-003654,treatment,1,1,0,synthetic,near_null_effect
SYN-003655,treatment,1,1,0,synthetic,near_null_effect
SYN-003656,control,1,1,0,synthetic,near_null_effect
SYN-003657,control,1,1,0,synthetic,near_null_effect
SYN-003658,control,1,1,0,synthetic,near_null_effect
SYN-003659,control,1,1,0,synthetic,near_null_effect
SYN-003660,treatment,1,1,0,synthetic,near_null_effect
SYN-003661,treatment,1,1,0,synthetic,near_null_effect
SYN-003662,control,1,1,0,synthetic,near_null_effect
SYN-003663,control,1,1,0,synthetic,near_null_effect
SYN-003664,treatment,1,1,0,synthetic,near_null_effect
SYN-003665,control,1,1,0,synthetic,near_null_effect
SYN-003666,treatment,1,1,0,synthetic,near_null_effect
SYN-003667,control,1,1,0,synthetic,near_null_effect
SYN-003668,control,1,1,0,synthetic,near_null_effect
SYN-003669,control,1,1,0,synthetic,near_null_effect
SYN-003670,treatment,1,1,1,synthetic,near_null_effect
SYN-003671,treatment,1,1,0,synthetic,near_null_effect
SYN-003672,control,1,1,0,synthetic,near_null_effect
SYN-003673,control,1,1,0,synthetic,near_null_effect
SYN-003674,control,1,1,0,synthetic,near_null_effect
SYN-003675,control,1,1,0,synthetic,near_null_effect
SYN-003676,control,1,1,0,synthetic,near_null_effect
SYN-003677,treatment,1,1,0,synthetic,near_null_effect
SYN-003678,control,1,1,1,synthetic,near_null_effect
SYN-003679,treatment,1,1,0,synthetic,near_null_effect
SYN-003680,control,1,1,0,synthetic,near_null_effect
SYN-003681,control,1,1,0,synthetic,near_null_effect
SYN-003682,control,1,1,1,synthetic,near_null_effect
SYN-003683,treatment,1,1,0,synthetic,near_null_effect
SYN-003684,control,1,1,0,synthetic,near_null_effect
SYN-003685,treatment,1,1,0,synthetic,near_null_effect
SYN-003686,control,1,1,0,synthetic,near_null_effect
SYN-003687,treatment,1,1,0,synthetic,near_null_effect
SYN-003688,control,1,1,0,synthetic,near_null_effect
SYN-003689,control,1,1,0,synthetic,near_null_effect
SYN-003690,treatment,1,1,0,synthetic,near_null_effect
SYN-003691,treatment,1,1,0,synthetic,near_null_effect
SYN-003692,control,1,1,0,synthetic,near_null_effect
SYN-003693,treatment,1,1,0,synthetic,near_null_effect
SYN-003694,treatment,1,1,0,synthetic,near_null_effect
SYN-003695,control,1,1,0,synthetic,near_null_effect
SYN-003696,treatment,1,1,0,synthetic,near_null_effect
SYN-003697,control,1,1,0,synthetic,near_null_effect
SYN-003698,treatment,1,1,0,synthetic,near_null_effect
SYN-003699,treatment,1,1,0,synthetic,near_null_effect
SYN-003700,control,1,1,0,synthetic,near_null_effect
SYN-003701,control,1,1,0,synthetic,near_null_effect
SYN-003702,control,1,1,0,synthetic,near_null_effect
SYN-003703,control,1,1,0,synthetic,near_null_effect
SYN-003704,control,1,1,1,synthetic,near_null_effect
SYN-003705,control,1,1,0,synthetic,near_null_effect
SYN-003706,control,1,1,0,synthetic,near_null_effect
SYN-003707,treatment,1,1,0,synthetic,near_null_effect
SYN-003708,control,1,1,0,synthetic,near_null_effect
SYN-003709,treatment,1,1,0,synthetic,near_null_effect
SYN-003710,control,1,1,0,synthetic,near_null_effect
SYN-003711,control,1,1,0,synthetic,near_null_effect
SYN-003712,control,1,1,0,synthetic,near_null_effect
SYN-003713,treatment,1,1,0,synthetic,near_null_effect
SYN-003714,treatment,1,1,1,synthetic,near_null_effect
SYN-003715,treatment,1,1,0,synthetic,near_null_effect
SYN-003716,treatment,1,1,0,synthetic,near_null_effect
SYN-003717,treatment,1,1,0,synthetic,near_null_effect
SYN-003718,control,1,1,0,synthetic,near_null_effect
SYN-003719,control,1,1,0,synthetic,near_null_effect
SYN-003720,control,1,1,0,synthetic,near_null_effect
SYN-003721,control,1,1,0,synthetic,near_null_effect
SYN-003722,treatment,1,1,0,synthetic,near_null_effect
SYN-003723,control,1,1,0,synthetic,near_null_effect
SYN-003724,treatment,1,1,1,synthetic,near_null_effect
SYN-003725,treatment,1,1,0,synthetic,near_null_effect
SYN-003726,control,1,1,0,synthetic,near_null_effect
SYN-003727,control,1,1,0,synthetic,near_null_effect
SYN-003728,control,1,1,0,synthetic,near_null_effect
SYN-003729,control,1,1,0,synthetic,near_null_effect
SYN-003730,treatment,1,1,0,synthetic,near_null_effect
SYN-003731,control,1,1,0,synthetic,near_null_effect
SYN-003732,control,1,1,0,synthetic,near_null_effect
SYN-003733,treatment,1,1,0,synthetic,near_null_effect
SYN-003734,treatment,1,1,0,synthetic,near_null_effect
SYN-003735,control,1,1,1,synthetic,near_null_effect
SYN-003736,control,1,1,0,synthetic,near_null_effect
SYN-003737,control,1,1,0,synthetic,near_null_effect
SYN-003738,treatment,1,1,0,synthetic,near_null_effect
SYN-003739,control,1,1,0,synthetic,near_null_effect
SYN-003740,control,1,1,1,synthetic,near_null_effect
SYN-003741,control,1,1,0,synthetic,near_null_effect
SYN-003742,treatment,1,1,0,synthetic,near_null_effect
SYN-003743,control,1,1,0,synthetic,near_null_effect
SYN-003744,control,1,1,0,synthetic,near_null_effect
SYN-003745,control,1,1,1,synthetic,near_null_effect
SYN-003746,control,1,1,0,synthetic,near_null_effect
SYN-003747,treatment,1,1,0,synthetic,near_null_effect
SYN-003748,control,1,1,0,synthetic,near_null_effect
SYN-003749,treatment,1,1,0,synthetic,near_null_effect
SYN-003750,treatment,1,1,0,synthetic,near_null_effect
SYN-003751,control,1,1,0,synthetic,near_null_effect
SYN-003752,control,1,1,0,synthetic,near_null_effect
SYN-003753,control,1,1,0,synthetic,near_null_effect
SYN-003754,control,1,1,0,synthetic,near_null_effect
SYN-003755,control,1,1,0,synthetic,near_null_effect
SYN-003756,treatment,1,1,0,synthetic,near_null_effect
SYN-003757,treatment,1,1,0,synthetic,near_null_effect
SYN-003758,control,1,1,0,synthetic,near_null_effect
SYN-003759,treatment,1,1,0,synthetic,near_null_effect
SYN-003760,treatment,1,1,0,synthetic,near_null_effect
SYN-003761,control,1,1,0,synthetic,near_null_effect
SYN-003762,control,1,1,1,synthetic,near_null_effect
SYN-003763,control,1,1,0,synthetic,near_null_effect
SYN-003764,control,1,1,0,synthetic,near_null_effect
SYN-003765,treatment,1,1,0,synthetic,near_null_effect
SYN-003766,control,1,1,0,synthetic,near_null_effect
SYN-003767,treatment,1,1,0,synthetic,near_null_effect
SYN-003768,control,1,1,0,synthetic,near_null_effect
SYN-003769,control,1,1,0,synthetic,near_null_effect
SYN-003770,control,1,1,0,synthetic,near_null_effect
SYN-003771,treatment,1,1,0,synthetic,near_null_effect
SYN-003772,control,1,1,0,synthetic,near_null_effect
SYN-003773,treatment,1,1,0,synthetic,near_null_effect
SYN-003774,treatment,1,1,0,synthetic,near_null_effect
SYN-003775,treatment,1,1,0,synthetic,near_null_effect
SYN-003776,treatment,1,1,0,synthetic,near_null_effect
SYN-003777,control,1,1,0,synthetic,near_null_effect
SYN-003778,treatment,1,1,0,synthetic,near_null_effect
SYN-003779,treatment,1,1,0,synthetic,near_null_effect
SYN-003780,treatment,1,1,1,synthetic,near_null_effect
SYN-003781,treatment,1,1,0,synthetic,near_null_effect
SYN-003782,treatment,1,1,0,synthetic,near_null_effect
SYN-003783,treatment,1,1,0,synthetic,near_null_effect
SYN-003784,control,1,1,0,synthetic,near_null_effect
SYN-003785,control,1,1,0,synthetic,near_null_effect
SYN-003786,treatment,1,1,0,synthetic,near_null_effect
SYN-003787,control,1,1,0,synthetic,near_null_effect
SYN-003788,control,1,1,0,synthetic,near_null_effect
SYN-003789,treatment,1,1,0,synthetic,near_null_effect
SYN-003790,control,1,1,0,synthetic,near_null_effect
SYN-003791,treatment,1,1,0,synthetic,near_null_effect
SYN-003792,treatment,1,1,0,synthetic,near_null_effect
SYN-003793,control,1,1,1,synthetic,near_null_effect
SYN-003794,control,1,1,0,synthetic,near_null_effect
SYN-003795,control,1,1,1,synthetic,near_null_effect
SYN-003796,control,1,1,0,synthetic,near_null_effect
SYN-003797,control,1,1,0,synthetic,near_null_effect
SYN-003798,treatment,1,1,0,synthetic,near_null_effect
SYN-003799,treatment,1,1,0,synthetic,near_null_effect
SYN-003800,control,1,1,0,synthetic,near_null_effect
SYN-003801,treatment,1,1,0,synthetic,near_null_effect
SYN-003802,treatment,1,1,0,synthetic,near_null_effect
SYN-003803,treatment,1,1,0,synthetic,near_null_effect
SYN-003804,treatment,1,1,0,synthetic,near_null_effect
SYN-003805,control,1,1,0,synthetic,near_null_effect
SYN-003806,control,1,1,0,synthetic,near_null_effect
SYN-003807,control,1,1,0,synthetic,near_null_effect
SYN-003808,treatment,1,1,0,synthetic,near_null_effect
SYN-003809,control,1,1,0,synthetic,near_null_effect
SYN-003810,treatment,1,1,0,synthetic,near_null_effect
SYN-003811,treatment,1,1,1,synthetic,near_null_effect
SYN-003812,treatment,1,1,0,synthetic,near_null_effect
SYN-003813,control,1,1,0,synthetic,near_null_effect
SYN-003814,treatment,1,1,0,synthetic,near_null_effect
SYN-003815,control,1,1,0,synthetic,near_null_effect
SYN-003816,control,1,1,0,synthetic,near_null_effect
SYN-003817,control,1,1,0,synthetic,near_null_effect
SYN-003818,control,1,1,0,synthetic,near_null_effect
SYN-003819,control,1,1,0,synthetic,near_null_effect
SYN-003820,treatment,1,1,0,synthetic,near_null_effect
SYN-003821,control,1,1,0,synthetic,near_null_effect
SYN-003822,control,1,1,0,synthetic,near_null_effect
SYN-003823,treatment,1,1,0,synthetic,near_null_effect
SYN-003824,treatment,1,1,0,synthetic,near_null_effect
SYN-003825,control,1,1,0,synthetic,near_null_effect
SYN-003826,treatment,1,1,0,synthetic,near_null_effect
SYN-003827,treatment,1,1,0,synthetic,near_null_effect
SYN-003828,control,1,1,0,synthetic,near_null_effect
SYN-003829,treatment,1,1,0,synthetic,near_null_effect
SYN-003830,control,1,1,0,synthetic,near_null_effect
SYN-003831,control,1,1,0,synthetic,near_null_effect
SYN-003832,control,1,1,0,synthetic,near_null_effect
SYN-003833,treatment,1,1,0,synthetic,near_null_effect
SYN-003834,control,1,1,0,synthetic,near_null_effect
SYN-003835,treatment,1,1,0,synthetic,near_null_effect
SYN-003836,control,1,1,0,synthetic,near_null_effect
SYN-003837,treatment,1,1,0,synthetic,near_null_effect
SYN-003838,treatment,1,1,0,synthetic,near_null_effect
SYN-003839,treatment,1,1,0,synthetic,near_null_effect
SYN-003840,treatment,1,1,0,synthetic,near_null_effect
SYN-003841,control,1,1,0,synthetic,near_null_effect
SYN-003842,control,1,1,0,synthetic,near_null_effect
SYN-003843,control,1,1,0,synthetic,near_null_effect
SYN-003844,treatment,1,1,0,synthetic,near_null_effect
SYN-003845,control,1,1,0,synthetic,near_null_effect
SYN-003846,treatment,1,1,0,synthetic,near_null_effect
SYN-003847,control,1,1,1,synthetic,near_null_effect
SYN-003848,treatment,1,1,0,synthetic,near_null_effect
SYN-003849,treatment,1,1,0,synthetic,near_null_effect
SYN-003850,control,1,1,0,synthetic,near_null_effect
SYN-003851,treatment,1,1,1,synthetic,near_null_effect
SYN-003852,treatment,1,1,0,synthetic,near_null_effect
SYN-003853,control,1,1,0,synthetic,near_null_effect
SYN-003854,treatment,1,1,0,synthetic,near_null_effect
SYN-003855,control,1,1,0,synthetic,near_null_effect
SYN-003856,control,1,1,0,synthetic,near_null_effect
SYN-003857,control,1,1,0,synthetic,near_null_effect
SYN-003858,treatment,1,1,0,synthetic,near_null_effect
SYN-003859,treatment,1,1,0,synthetic,near_null_effect
SYN-003860,control,1,1,0,synthetic,near_null_effect
SYN-003861,control,1,1,0,synthetic,near_null_effect
SYN-003862,treatment,1,1,0,synthetic,near_null_effect
SYN-003863,treatment,1,1,0,synthetic,near_null_effect
SYN-003864,control,1,1,1,synthetic,near_null_effect
SYN-003865,treatment,1,1,0,synthetic,near_null_effect
SYN-003866,control,1,1,0,synthetic,near_null_effect
SYN-003867,treatment,1,1,1,synthetic,near_null_effect
SYN-003868,treatment,1,1,0,synthetic,near_null_effect
SYN-003869,treatment,1,1,0,synthetic,near_null_effect
SYN-003870,treatment,1,1,0,synthetic,near_null_effect
SYN-003871,treatment,1,1,0,synthetic,near_null_effect
SYN-003872,treatment,1,1,0,synthetic,near_null_effect
SYN-003873,treatment,1,1,0,synthetic,near_null_effect
SYN-003874,control,1,1,0,synthetic,near_null_effect
SYN-003875,control,1,1,0,synthetic,near_null_effect
SYN-003876,control,1,1,0,synthetic,near_null_effect
SYN-003877,control,1,1,0,synthetic,near_null_effect
SYN-003878,control,1,1,0,synthetic,near_null_effect
SYN-003879,treatment,1,1,0,synthetic,near_null_effect
SYN-003880,treatment,1,1,0,synthetic,near_null_effect
SYN-003881,control,1,1,1,synthetic,near_null_effect
SYN-003882,control,1,1,0,synthetic,near_null_effect
SYN-003883,control,1,1,0,synthetic,near_null_effect
SYN-003884,treatment,1,1,0,synthetic,near_null_effect
SYN-003885,control,1,1,0,synthetic,near_null_effect
SYN-003886,treatment,1,1,0,synthetic,near_null_effect
SYN-003887,treatment,1,1,0,synthetic,near_null_effect
SYN-003888,control,1,1,0,synthetic,near_null_effect
SYN-003889,control,1,1,0,synthetic,near_null_effect
SYN-003890,control,1,1,0,synthetic,near_null_effect
SYN-003891,treatment,1,1,1,synthetic,near_null_effect
SYN-003892,treatment,1,1,0,synthetic,near_null_effect
SYN-003893,treatment,1,1,0,synthetic,near_null_effect
SYN-003894,control,1,1,0,synthetic,near_null_effect
SYN-003895,control,1,1,0,synthetic,near_null_effect
SYN-003896,treatment,1,1,1,synthetic,near_null_effect
SYN-003897,treatment,1,1,0,synthetic,near_null_effect
SYN-003898,treatment,1,1,0,synthetic,near_null_effect
SYN-003899,control,1,1,0,synthetic,near_null_effect
SYN-003900,treatment,1,1,0,synthetic,near_null_effect
SYN-003901,control,1,1,0,synthetic,near_null_effect
SYN-003902,treatment,1,1,0,synthetic,near_null_effect
SYN-003903,control,1,1,0,synthetic,near_null_effect
SYN-003904,control,1,1,0,synthetic,near_null_effect
SYN-003905,control,1,1,0,synthetic,near_null_effect
SYN-003906,treatment,1,1,0,synthetic,near_null_effect
SYN-003907,treatment,1,1,0,synthetic,near_null_effect
SYN-003908,control,1,1,1,synthetic,near_null_effect
SYN-003909,treatment,1,1,0,synthetic,near_null_effect
SYN-003910,treatment,1,1,0,synthetic,near_null_effect
SYN-003911,control,1,1,0,synthetic,near_null_effect
SYN-003912,treatment,1,1,0,synthetic,near_null_effect
SYN-003913,treatment,1,1,0,synthetic,near_null_effect
SYN-003914,control,1,1,0,synthetic,near_null_effect
SYN-003915,treatment,1,1,0,synthetic,near_null_effect
SYN-003916,treatment,1,1,0,synthetic,near_null_effect
SYN-003917,control,1,1,0,synthetic,near_null_effect
SYN-003918,control,1,1,0,synthetic,near_null_effect
SYN-003919,treatment,1,1,0,synthetic,near_null_effect
SYN-003920,treatment,1,1,1,synthetic,near_null_effect
SYN-003921,treatment,1,1,0,synthetic,near_null_effect
SYN-003922,control,1,1,0,synthetic,near_null_effect
SYN-003923,treatment,1,1,0,synthetic,near_null_effect
SYN-003924,control,1,1,0,synthetic,near_null_effect
SYN-003925,treatment,1,1,0,synthetic,near_null_effect
SYN-003926,treatment,1,1,0,synthetic,near_null_effect
SYN-003927,treatment,1,1,1,synthetic,near_null_effect
SYN-003928,control,1,1,0,synthetic,near_null_effect
SYN-003929,control,1,1,0,synthetic,near_null_effect
SYN-003930,treatment,1,1,0,synthetic,near_null_effect
SYN-003931,treatment,1,1,1,synthetic,near_null_effect
SYN-003932,control,1,1,0,synthetic,near_null_effect
SYN-003933,control,1,1,0,synthetic,near_null_effect
SYN-003934,control,1,1,0,synthetic,near_null_effect
SYN-003935,control,1,1,0,synthetic,near_null_effect
SYN-003936,treatment,1,1,0,synthetic,near_null_effect
SYN-003937,treatment,1,1,0,synthetic,near_null_effect
SYN-003938,treatment,1,1,0,synthetic,near_null_effect
SYN-003939,treatment,1,1,0,synthetic,near_null_effect
SYN-003940,control,1,1,0,synthetic,near_null_effect
SYN-003941,treatment,1,1,0,synthetic,near_null_effect
SYN-003942,control,1,1,0,synthetic,near_null_effect
SYN-003943,control,1,1,0,synthetic,near_null_effect
SYN-003944,treatment,1,1,0,synthetic,near_null_effect
SYN-003945,control,1,1,1,synthetic,near_null_effect
SYN-003946,treatment,1,1,0,synthetic,near_null_effect
SYN-003947,control,1,1,0,synthetic,near_null_effect
SYN-003948,control,1,1,0,synthetic,near_null_effect
SYN-003949,treatment,1,1,0,synthetic,near_null_effect
SYN-003950,treatment,1,1,0,synthetic,near_null_effect
SYN-003951,control,1,1,0,synthetic,near_null_effect
SYN-003952,treatment,1,1,0,synthetic,near_null_effect
SYN-003953,control,1,1,0,synthetic,near_null_effect
SYN-003954,control,1,1,0,synthetic,near_null_effect
SYN-003955,treatment,1,1,0,synthetic,near_null_effect
SYN-003956,treatment,1,1,0,synthetic,near_null_effect
SYN-003957,control,1,1,0,synthetic,near_null_effect
SYN-003958,treatment,1,1,0,synthetic,near_null_effect
SYN-003959,treatment,1,1,1,synthetic,near_null_effect
SYN-003960,treatment,1,1,0,synthetic,near_null_effect
SYN-003961,control,1,1,0,synthetic,near_null_effect
SYN-003962,control,1,1,0,synthetic,near_null_effect
SYN-003963,control,1,1,0,synthetic,near_null_effect
SYN-003964,control,1,1,0,synthetic,near_null_effect
SYN-003965,treatment,1,1,0,synthetic,near_null_effect
SYN-003966,treatment,1,1,0,synthetic,near_null_effect
SYN-003967,treatment,1,1,0,synthetic,near_null_effect
SYN-003968,treatment,1,1,0,synthetic,near_null_effect
SYN-003969,control,1,1,0,synthetic,near_null_effect
SYN-003970,control,1,1,0,synthetic,near_null_effect
SYN-003971,treatment,1,1,0,synthetic,near_null_effect
SYN-003972,treatment,1,1,0,synthetic,near_null_effect
SYN-003973,treatment,1,1,0,synthetic,near_null_effect
SYN-003974,treatment,1,1,0,synthetic,near_null_effect
SYN-003975,control,1,1,1,synthetic,near_null_effect
SYN-003976,treatment,1,1,0,synthetic,near_null_effect
SYN-003977,control,1,1,0,synthetic,near_null_effect
SYN-003978,control,1,1,0,synthetic,near_null_effect
SYN-003979,control,1,1,0,synthetic,near_null_effect
SYN-003980,control,1,1,0,synthetic,near_null_effect
SYN-003981,treatment,1,1,0,synthetic,near_null_effect
SYN-003982,treatment,1,1,0,synthetic,near_null_effect
SYN-003983,control,1,1,0,synthetic,near_null_effect
SYN-003984,control,1,1,0,synthetic,near_null_effect
SYN-003985,treatment,1,1,0,synthetic,near_null_effect
SYN-003986,control,1,1,0,synthetic,near_null_effect
SYN-003987,control,1,1,0,synthetic,near_null_effect
SYN-003988,control,1,1,0,synthetic,near_null_effect
SYN-003989,control,1,1,0,synthetic,near_null_effect
SYN-003990,treatment,1,1,0,synthetic,near_null_effect
SYN-003991,control,1,1,0,synthetic,near_null_effect
SYN-003992,control,1,1,0,synthetic,near_null_effect
SYN-003993,treatment,1,1,0,synthetic,near_null_effect
SYN-003994,control,1,1,0,synthetic,near_null_effect
SYN-003995,control,1,1,0,synthetic,near_null_effect
SYN-003996,treatment,1,1,0,synthetic,near_null_effect
SYN-003997,treatment,1,1,0,synthetic,near_null_effect
SYN-003998,treatment,1,1,0,synthetic,near_null_effect
SYN-003999,treatment,1,1,1,synthetic,near_null_effect
SYN-004000,treatment,1,1,0,synthetic,near_null_effect
SYN-004001,control,1,1,1,synthetic,near_null_effect
SYN-004002,treatment,1,1,0,synthetic,near_null_effect
SYN-004003,control,1,1,0,synthetic,near_null_effect
SYN-004004,control,1,1,0,synthetic,near_null_effect
SYN-004005,control,1,1,0,synthetic,near_null_effect
SYN-004006,treatment,1,1,0,synthetic,near_null_effect
SYN-004007,control,1,1,0,synthetic,near_null_effect
SYN-004008,treatment,1,1,0,synthetic,near_null_effect
SYN-004009,control,1,1,0,synthetic,near_null_effect
SYN-004010,control,1,1,0,synthetic,near_null_effect
SYN-004011,treatment,1,1,0,synthetic,near_null_effect
SYN-004012,treatment,1,1,0,synthetic,near_null_effect
SYN-004013,treatment,1,1,0,synthetic,near_null_effect
SYN-004014,control,1,1,0,synthetic,near_null_effect
SYN-004015,treatment,1,1,1,synthetic,near_null_effect
SYN-004016,control,1,1,0,synthetic,near_null_effect
SYN-004017,treatment,1,1,0,synthetic,near_null_effect
SYN-004018,control,1,1,0,synthetic,near_null_effect
SYN-004019,control,1,1,0,synthetic,near_null_effect
SYN-004020,control,1,1,0,synthetic,near_null_effect
SYN-004021,control,1,1,0,synthetic,near_null_effect
SYN-004022,control,1,1,0,synthetic,near_null_effect
SYN-004023,treatment,1,1,0,synthetic,near_null_effect
SYN-004024,control,1,1,0,synthetic,near_null_effect
SYN-004025,treatment,1,1,0,synthetic,near_null_effect
SYN-004026,treatment,1,1,1,synthetic,near_null_effect
SYN-004027,control,1,1,0,synthetic,near_null_effect
SYN-004028,treatment,1,1,0,synthetic,near_null_effect
SYN-004029,control,1,1,0,synthetic,near_null_effect
SYN-004030,control,1,1,0,synthetic,near_null_effect
SYN-004031,control,1,1,0,synthetic,near_null_effect
SYN-004032,control,1,1,0,synthetic,near_null_effect
SYN-004033,treatment,1,1,0,synthetic,near_null_effect
SYN-004034,control,1,1,0,synthetic,near_null_effect
SYN-004035,treatment,1,1,0,synthetic,near_null_effect
SYN-004036,control,1,1,0,synthetic,near_null_effect
SYN-004037,control,1,1,0,synthetic,near_null_effect
SYN-004038,control,1,1,0,synthetic,near_null_effect
SYN-004039,control,1,1,0,synthetic,near_null_effect
SYN-004040,treatment,1,1,1,synthetic,near_null_effect
SYN-004041,treatment,1,1,1,synthetic,near_null_effect
SYN-004042,control,1,1,0,synthetic,near_null_effect
SYN-004043,treatment,1,1,0,synthetic,near_null_effect
SYN-004044,treatment,1,1,0,synthetic,near_null_effect
SYN-004045,control,1,1,0,synthetic,near_null_effect
SYN-004046,treatment,1,1,0,synthetic,near_null_effect
SYN-004047,control,1,1,0,synthetic,near_null_effect
SYN-004048,control,1,1,0,synthetic,near_null_effect
SYN-004049,treatment,1,1,0,synthetic,near_null_effect
SYN-004050,treatment,1,1,0,synthetic,near_null_effect
SYN-004051,control,1,1,0,synthetic,near_null_effect
SYN-004052,treatment,1,1,0,synthetic,near_null_effect
SYN-004053,treatment,1,1,1,synthetic,near_null_effect
SYN-004054,control,1,1,0,synthetic,near_null_effect
SYN-004055,control,1,1,0,synthetic,near_null_effect
SYN-004056,control,1,1,1,synthetic,near_null_effect
SYN-004057,control,1,1,0,synthetic,near_null_effect
SYN-004058,treatment,1,1,0,synthetic,near_null_effect
SYN-004059,treatment,1,1,0,synthetic,near_null_effect
SYN-004060,control,1,1,0,synthetic,near_null_effect
SYN-004061,control,1,1,0,synthetic,near_null_effect
SYN-004062,treatment,1,1,0,synthetic,near_null_effect
SYN-004063,treatment,1,1,0,synthetic,near_null_effect
SYN-004064,control,1,1,0,synthetic,near_null_effect
SYN-004065,treatment,1,1,0,synthetic,near_null_effect
SYN-004066,treatment,1,1,1,synthetic,near_null_effect
SYN-004067,treatment,1,1,0,synthetic,near_null_effect
SYN-004068,control,1,1,0,synthetic,near_null_effect
SYN-004069,treatment,1,1,0,synthetic,near_null_effect
SYN-004070,control,1,1,0,synthetic,near_null_effect
SYN-004071,control,1,1,0,synthetic,near_null_effect
SYN-004072,treatment,1,1,0,synthetic,near_null_effect
SYN-004073,treatment,1,1,1,synthetic,near_null_effect
SYN-004074,treatment,1,1,0,synthetic,near_null_effect
SYN-004075,control,1,1,0,synthetic,near_null_effect
SYN-004076,treatment,1,1,0,synthetic,near_null_effect
SYN-004077,control,1,1,0,synthetic,near_null_effect
SYN-004078,treatment,1,1,0,synthetic,near_null_effect
SYN-004079,treatment,1,1,1,synthetic,near_null_effect
SYN-004080,treatment,1,1,0,synthetic,near_null_effect
SYN-004081,treatment,1,1,0,synthetic,near_null_effect
SYN-004082,treatment,1,1,0,synthetic,near_null_effect
SYN-004083,treatment,1,1,0,synthetic,near_null_effect
SYN-004084,treatment,1,1,0,synthetic,near_null_effect
SYN-004085,treatment,1,1,0,synthetic,near_null_effect
SYN-004086,control,1,1,1,synthetic,near_null_effect
SYN-004087,treatment,1,1,0,synthetic,near_null_effect
SYN-004088,control,1,1,1,synthetic,near_null_effect
SYN-004089,treatment,1,1,0,synthetic,near_null_effect
SYN-004090,treatment,1,1,0,synthetic,near_null_effect
SYN-004091,control,1,1,0,synthetic,near_null_effect
SYN-004092,control,1,1,0,synthetic,near_null_effect
SYN-004093,treatment,1,1,0,synthetic,near_null_effect
SYN-004094,treatment,1,1,0,synthetic,near_null_effect
SYN-004095,treatment,1,1,0,synthetic,near_null_effect
SYN-004096,control,1,1,0,synthetic,near_null_effect
SYN-004097,control,1,1,1,synthetic,near_null_effect
SYN-004098,treatment,1,1,0,synthetic,near_null_effect
SYN-004099,treatment,1,1,0,synthetic,near_null_effect
SYN-004100,treatment,1,1,0,synthetic,near_null_effect
SYN-004101,treatment,1,1,0,synthetic,near_null_effect
SYN-004102,treatment,1,1,0,synthetic,near_null_effect
SYN-004103,treatment,1,1,0,synthetic,near_null_effect
SYN-004104,control,1,1,0,synthetic,near_null_effect
SYN-004105,control,1,1,0,synthetic,near_null_effect
SYN-004106,treatment,1,1,0,synthetic,near_null_effect
SYN-004107,control,1,1,0,synthetic,near_null_effect
SYN-004108,treatment,1,1,1,synthetic,near_null_effect
SYN-004109,control,1,1,0,synthetic,near_null_effect
SYN-004110,treatment,1,1,0,synthetic,near_null_effect
SYN-004111,treatment,1,1,0,synthetic,near_null_effect
SYN-004112,treatment,1,1,0,synthetic,near_null_effect
SYN-004113,treatment,1,1,0,synthetic,near_null_effect
SYN-004114,treatment,1,1,0,synthetic,near_null_effect
SYN-004115,control,1,1,0,synthetic,near_null_effect
SYN-004116,treatment,1,1,1,synthetic,near_null_effect
SYN-004117,treatment,1,1,0,synthetic,near_null_effect
SYN-004118,control,1,1,0,synthetic,near_null_effect
SYN-004119,treatment,1,1,0,synthetic,near_null_effect
SYN-004120,treatment,1,1,0,synthetic,near_null_effect
SYN-004121,control,1,1,0,synthetic,near_null_effect
SYN-004122,control,1,1,0,synthetic,near_null_effect
SYN-004123,treatment,1,1,0,synthetic,near_null_effect
SYN-004124,control,1,1,0,synthetic,near_null_effect
SYN-004125,control,1,1,0,synthetic,near_null_effect
SYN-004126,treatment,1,1,0,synthetic,near_null_effect
SYN-004127,treatment,1,1,0,synthetic,near_null_effect
SYN-004128,control,1,1,0,synthetic,near_null_effect
SYN-004129,control,1,1,0,synthetic,near_null_effect
SYN-004130,control,1,1,0,synthetic,near_null_effect
SYN-004131,control,1,1,0,synthetic,near_null_effect
SYN-004132,control,1,1,0,synthetic,near_null_effect
SYN-004133,treatment,1,1,0,synthetic,near_null_effect
SYN-004134,treatment,1,1,0,synthetic,near_null_effect
SYN-004135,control,1,1,0,synthetic,near_null_effect
SYN-004136,treatment,1,1,0,synthetic,near_null_effect
SYN-004137,control,1,1,0,synthetic,near_null_effect
SYN-004138,treatment,1,1,0,synthetic,near_null_effect
SYN-004139,treatment,1,1,0,synthetic,near_null_effect
SYN-004140,control,1,1,0,synthetic,near_null_effect
SYN-004141,control,1,1,0,synthetic,near_null_effect
SYN-004142,treatment,1,1,0,synthetic,near_null_effect
SYN-004143,control,1,1,0,synthetic,near_null_effect
SYN-004144,control,1,1,0,synthetic,near_null_effect
SYN-004145,treatment,1,1,0,synthetic,near_null_effect
SYN-004146,control,1,1,0,synthetic,near_null_effect
SYN-004147,treatment,1,1,0,synthetic,near_null_effect
SYN-004148,treatment,1,1,0,synthetic,near_null_effect
SYN-004149,treatment,1,1,0,synthetic,near_null_effect
SYN-004150,treatment,1,1,0,synthetic,near_null_effect
SYN-004151,treatment,1,1,0,synthetic,near_null_effect
SYN-004152,control,1,1,0,synthetic,near_null_effect
SYN-004153,control,1,1,0,synthetic,near_null_effect
SYN-004154,treatment,1,1,0,synthetic,near_null_effect
SYN-004155,treatment,1,1,0,synthetic,near_null_effect
SYN-004156,control,1,1,0,synthetic,near_null_effect
SYN-004157,control,1,1,0,synthetic,near_null_effect
SYN-004158,treatment,1,1,0,synthetic,near_null_effect
SYN-004159,treatment,1,1,0,synthetic,near_null_effect
SYN-004160,treatment,1,1,0,synthetic,near_null_effect
SYN-004161,treatment,1,1,0,synthetic,near_null_effect
SYN-004162,treatment,1,1,0,synthetic,near_null_effect
SYN-004163,control,1,1,0,synthetic,near_null_effect
SYN-004164,control,1,1,0,synthetic,near_null_effect
SYN-004165,control,1,1,0,synthetic,near_null_effect
SYN-004166,treatment,1,1,0,synthetic,near_null_effect
SYN-004167,treatment,1,1,0,synthetic,near_null_effect
SYN-004168,control,1,1,0,synthetic,near_null_effect
SYN-004169,treatment,1,1,0,synthetic,near_null_effect
SYN-004170,treatment,1,1,0,synthetic,near_null_effect
SYN-004171,treatment,1,1,0,synthetic,near_null_effect
SYN-004172,control,1,1,0,synthetic,near_null_effect
SYN-004173,control,1,1,0,synthetic,near_null_effect
SYN-004174,control,1,1,0,synthetic,near_null_effect
SYN-004175,control,1,1,0,synthetic,near_null_effect
SYN-004176,control,1,1,1,synthetic,near_null_effect
SYN-004177,control,1,1,0,synthetic,near_null_effect
SYN-004178,control,1,1,0,synthetic,near_null_effect
SYN-004179,control,1,1,0,synthetic,near_null_effect
SYN-004180,treatment,1,1,0,synthetic,near_null_effect
SYN-004181,treatment,1,1,1,synthetic,near_null_effect
SYN-004182,treatment,1,1,0,synthetic,near_null_effect
SYN-004183,treatment,1,1,1,synthetic,near_null_effect
SYN-004184,control,1,1,0,synthetic,near_null_effect
SYN-004185,control,1,1,0,synthetic,near_null_effect
SYN-004186,control,1,1,0,synthetic,near_null_effect
SYN-004187,control,1,1,0,synthetic,near_null_effect
SYN-004188,treatment,1,1,0,synthetic,near_null_effect
SYN-004189,control,1,1,0,synthetic,near_null_effect
SYN-004190,treatment,1,1,0,synthetic,near_null_effect
SYN-004191,treatment,1,1,0,synthetic,near_null_effect
SYN-004192,control,1,1,0,synthetic,near_null_effect
SYN-004193,treatment,1,1,0,synthetic,near_null_effect
SYN-004194,treatment,1,1,0,synthetic,near_null_effect
SYN-004195,treatment,1,1,0,synthetic,near_null_effect
SYN-004196,control,1,1,0,synthetic,near_null_effect
SYN-004197,control,1,1,0,synthetic,near_null_effect
SYN-004198,treatment,1,1,0,synthetic,near_null_effect
SYN-004199,treatment,1,1,0,synthetic,near_null_effect
SYN-004200,control,1,1,0,synthetic,near_null_effect
SYN-004201,treatment,1,1,0,synthetic,near_null_effect
SYN-004202,control,1,1,0,synthetic,near_null_effect
SYN-004203,treatment,1,1,0,synthetic,near_null_effect
SYN-004204,control,1,1,0,synthetic,near_null_effect
SYN-004205,control,1,1,0,synthetic,near_null_effect
SYN-004206,control,1,1,1,synthetic,near_null_effect
SYN-004207,treatment,1,1,0,synthetic,near_null_effect
SYN-004208,treatment,1,1,1,synthetic,near_null_effect
SYN-004209,control,1,1,1,synthetic,near_null_effect
SYN-004210,treatment,1,1,0,synthetic,near_null_effect
SYN-004211,control,1,1,0,synthetic,near_null_effect
SYN-004212,control,1,1,0,synthetic,near_null_effect
SYN-004213,treatment,1,1,0,synthetic,near_null_effect
SYN-004214,treatment,1,1,0,synthetic,near_null_effect
SYN-004215,treatment,1,1,0,synthetic,near_null_effect
SYN-004216,control,1,1,0,synthetic,near_null_effect
SYN-004217,treatment,1,1,0,synthetic,near_null_effect
SYN-004218,treatment,1,1,0,synthetic,near_null_effect
SYN-004219,treatment,1,1,0,synthetic,near_null_effect
SYN-004220,control,1,1,0,synthetic,near_null_effect
SYN-004221,control,1,1,0,synthetic,near_null_effect
SYN-004222,treatment,1,1,0,synthetic,near_null_effect
SYN-004223,treatment,1,1,0,synthetic,near_null_effect
SYN-004224,treatment,1,1,0,synthetic,near_null_effect
SYN-004225,treatment,1,1,1,synthetic,near_null_effect
SYN-004226,control,1,1,0,synthetic,near_null_effect
SYN-004227,treatment,1,1,0,synthetic,near_null_effect
SYN-004228,treatment,1,1,0,synthetic,near_null_effect
SYN-004229,treatment,1,1,0,synthetic,near_null_effect
SYN-004230,treatment,1,1,0,synthetic,near_null_effect
SYN-004231,control,1,1,0,synthetic,near_null_effect
SYN-004232,treatment,1,1,0,synthetic,near_null_effect
SYN-004233,control,1,1,0,synthetic,near_null_effect
SYN-004234,control,1,1,0,synthetic,near_null_effect
SYN-004235,control,1,1,0,synthetic,near_null_effect
SYN-004236,treatment,1,1,0,synthetic,near_null_effect
SYN-004237,treatment,1,1,1,synthetic,near_null_effect
SYN-004238,control,1,1,0,synthetic,near_null_effect
SYN-004239,control,1,1,0,synthetic,near_null_effect
SYN-004240,treatment,1,1,0,synthetic,near_null_effect
SYN-004241,control,1,1,0,synthetic,near_null_effect
SYN-004242,control,1,1,0,synthetic,near_null_effect
SYN-004243,control,1,1,0,synthetic,near_null_effect
SYN-004244,treatment,1,1,0,synthetic,near_null_effect
SYN-004245,treatment,1,1,0,synthetic,near_null_effect
SYN-004246,control,1,1,0,synthetic,near_null_effect
SYN-004247,treatment,1,1,1,synthetic,near_null_effect
SYN-004248,treatment,1,1,0,synthetic,near_null_effect
SYN-004249,treatment,1,1,0,synthetic,near_null_effect
SYN-004250,control,1,1,0,synthetic,near_null_effect
SYN-004251,control,1,1,0,synthetic,near_null_effect
SYN-004252,treatment,1,1,0,synthetic,near_null_effect
SYN-004253,control,1,1,0,synthetic,near_null_effect
SYN-004254,treatment,1,1,0,synthetic,near_null_effect
SYN-004255,control,1,1,0,synthetic,near_null_effect
SYN-004256,control,1,1,0,synthetic,near_null_effect
SYN-004257,treatment,1,1,0,synthetic,near_null_effect
SYN-004258,control,1,1,1,synthetic,near_null_effect
SYN-004259,control,1,1,0,synthetic,near_null_effect
SYN-004260,control,1,1,0,synthetic,near_null_effect
SYN-004261,treatment,1,1,0,synthetic,near_null_effect
SYN-004262,treatment,1,1,0,synthetic,near_null_effect
SYN-004263,control,1,1,0,synthetic,near_null_effect
SYN-004264,control,1,1,1,synthetic,near_null_effect
SYN-004265,treatment,1,1,0,synthetic,near_null_effect
SYN-004266,treatment,1,1,0,synthetic,near_null_effect
SYN-004267,treatment,1,1,0,synthetic,near_null_effect
SYN-004268,control,1,1,0,synthetic,near_null_effect
SYN-004269,control,1,1,0,synthetic,near_null_effect
SYN-004270,control,1,1,0,synthetic,near_null_effect
SYN-004271,treatment,1,1,0,synthetic,near_null_effect
SYN-004272,treatment,1,1,0,synthetic,near_null_effect
SYN-004273,treatment,1,1,1,synthetic,near_null_effect
SYN-004274,treatment,1,1,0,synthetic,near_null_effect
SYN-004275,treatment,1,1,0,synthetic,near_null_effect
SYN-004276,treatment,1,1,0,synthetic,near_null_effect
SYN-004277,treatment,1,1,0,synthetic,near_null_effect
SYN-004278,treatment,1,1,0,synthetic,near_null_effect
SYN-004279,treatment,1,1,0,synthetic,near_null_effect
SYN-004280,treatment,1,1,0,synthetic,near_null_effect
SYN-004281,control,1,1,0,synthetic,near_null_effect
SYN-004282,treatment,1,1,0,synthetic,near_null_effect
SYN-004283,control,1,1,0,synthetic,near_null_effect
SYN-004284,control,1,1,0,synthetic,near_null_effect
SYN-004285,control,1,1,0,synthetic,near_null_effect
SYN-004286,control,1,1,0,synthetic,near_null_effect
SYN-004287,treatment,1,1,0,synthetic,near_null_effect
SYN-004288,treatment,1,1,0,synthetic,near_null_effect
SYN-004289,control,1,1,0,synthetic,near_null_effect
SYN-004290,treatment,1,1,1,synthetic,near_null_effect
SYN-004291,treatment,1,1,0,synthetic,near_null_effect
SYN-004292,control,1,1,0,synthetic,near_null_effect
SYN-004293,treatment,1,1,0,synthetic,near_null_effect
SYN-004294,control,1,1,0,synthetic,near_null_effect
SYN-004295,treatment,1,1,0,synthetic,near_null_effect
SYN-004296,control,1,1,1,synthetic,near_null_effect
SYN-004297,treatment,1,1,0,synthetic,near_null_effect
SYN-004298,treatment,1,1,0,synthetic,near_null_effect
SYN-004299,control,1,1,0,synthetic,near_null_effect
SYN-004300,treatment,1,1,0,synthetic,near_null_effect
SYN-004301,treatment,1,1,0,synthetic,near_null_effect
SYN-004302,treatment,1,1,0,synthetic,near_null_effect
SYN-004303,treatment,1,1,0,synthetic,near_null_effect
SYN-004304,treatment,1,1,0,synthetic,near_null_effect
SYN-004305,treatment,1,1,0,synthetic,near_null_effect
SYN-004306,treatment,1,1,1,synthetic,near_null_effect
SYN-004307,treatment,1,1,0,synthetic,near_null_effect
SYN-004308,treatment,1,1,0,synthetic,near_null_effect
SYN-004309,treatment,1,1,0,synthetic,near_null_effect
SYN-004310,control,1,1,0,synthetic,near_null_effect
SYN-004311,control,1,1,0,synthetic,near_null_effect
SYN-004312,control,1,1,0,synthetic,near_null_effect
SYN-004313,control,1,1,0,synthetic,near_null_effect
SYN-004314,treatment,1,1,0,synthetic,near_null_effect
SYN-004315,control,1,1,0,synthetic,near_null_effect
SYN-004316,treatment,1,1,0,synthetic,near_null_effect
SYN-004317,control,1,1,0,synthetic,near_null_effect
SYN-004318,control,1,1,0,synthetic,near_null_effect
SYN-004319,control,1,1,0,synthetic,near_null_effect
SYN-004320,treatment,1,1,0,synthetic,near_null_effect
SYN-004321,treatment,1,1,0,synthetic,near_null_effect
SYN-004322,control,1,1,1,synthetic,near_null_effect
SYN-004323,control,1,1,0,synthetic,near_null_effect
SYN-004324,control,1,1,0,synthetic,near_null_effect
SYN-004325,control,1,1,0,synthetic,near_null_effect
SYN-004326,control,1,1,0,synthetic,near_null_effect
SYN-004327,control,1,1,0,synthetic,near_null_effect
SYN-004328,treatment,1,1,0,synthetic,near_null_effect
SYN-004329,control,1,1,0,synthetic,near_null_effect
SYN-004330,control,1,1,0,synthetic,near_null_effect
SYN-004331,treatment,1,1,0,synthetic,near_null_effect
SYN-004332,treatment,1,1,0,synthetic,near_null_effect
SYN-004333,treatment,1,1,0,synthetic,near_null_effect
SYN-004334,treatment,1,1,0,synthetic,near_null_effect
SYN-004335,treatment,1,1,0,synthetic,near_null_effect
SYN-004336,treatment,1,1,0,synthetic,near_null_effect
SYN-004337,treatment,1,1,0,synthetic,near_null_effect
SYN-004338,treatment,1,1,0,synthetic,near_null_effect
SYN-004339,treatment,1,1,0,synthetic,near_null_effect
SYN-004340,control,1,1,0,synthetic,near_null_effect
SYN-004341,control,1,1,0,synthetic,near_null_effect
SYN-004342,treatment,1,1,0,synthetic,near_null_effect
SYN-004343,control,1,1,0,synthetic,near_null_effect
SYN-004344,treatment,1,1,0,synthetic,near_null_effect
SYN-004345,control,1,1,0,synthetic,near_null_effect
SYN-004346,control,1,1,0,synthetic,near_null_effect
SYN-004347,control,1,1,0,synthetic,near_null_effect
SYN-004348,treatment,1,1,0,synthetic,near_null_effect
SYN-004349,control,1,1,0,synthetic,near_null_effect
SYN-004350,treatment,1,1,0,synthetic,near_null_effect
SYN-004351,control,1,1,0,synthetic,near_null_effect
SYN-004352,control,1,1,0,synthetic,near_null_effect
SYN-004353,control,1,1,0,synthetic,near_null_effect
SYN-004354,treatment,1,1,0,synthetic,near_null_effect
SYN-004355,treatment,1,1,0,synthetic,near_null_effect
SYN-004356,treatment,1,1,1,synthetic,near_null_effect
SYN-004357,treatment,1,1,1,synthetic,near_null_effect
SYN-004358,control,1,1,0,synthetic,near_null_effect
SYN-004359,control,1,1,0,synthetic,near_null_effect
SYN-004360,treatment,1,1,0,synthetic,near_null_effect
SYN-004361,control,1,1,0,synthetic,near_null_effect
SYN-004362,treatment,1,1,0,synthetic,near_null_effect
SYN-004363,treatment,1,1,0,synthetic,near_null_effect
SYN-004364,treatment,1,1,0,synthetic,near_null_effect
SYN-004365,control,1,1,0,synthetic,near_null_effect
SYN-004366,treatment,1,1,0,synthetic,near_null_effect
SYN-004367,control,1,1,0,synthetic,near_null_effect
SYN-004368,control,1,1,0,synthetic,near_null_effect
SYN-004369,treatment,1,1,0,synthetic,near_null_effect
SYN-004370,control,1,1,0,synthetic,near_null_effect
SYN-004371,treatment,1,1,0,synthetic,near_null_effect
SYN-004372,treatment,1,1,0,synthetic,near_null_effect
SYN-004373,treatment,1,1,0,synthetic,near_null_effect
SYN-004374,control,1,1,0,synthetic,near_null_effect
SYN-004375,treatment,1,1,0,synthetic,near_null_effect
SYN-004376,treatment,1,1,0,synthetic,near_null_effect
SYN-004377,treatment,1,1,0,synthetic,near_null_effect
SYN-004378,control,1,1,0,synthetic,near_null_effect
SYN-004379,control,1,1,0,synthetic,near_null_effect
SYN-004380,treatment,1,1,1,synthetic,near_null_effect
SYN-004381,treatment,1,1,0,synthetic,near_null_effect
SYN-004382,control,1,1,0,synthetic,near_null_effect
SYN-004383,treatment,1,1,0,synthetic,near_null_effect
SYN-004384,control,1,1,0,synthetic,near_null_effect
SYN-004385,treatment,1,1,0,synthetic,near_null_effect
SYN-004386,treatment,1,1,0,synthetic,near_null_effect
SYN-004387,control,1,1,0,synthetic,near_null_effect
SYN-004388,control,1,1,0,synthetic,near_null_effect
SYN-004389,control,1,1,0,synthetic,near_null_effect
SYN-004390,control,1,1,0,synthetic,near_null_effect
SYN-004391,treatment,1,1,0,synthetic,near_null_effect
SYN-004392,control,1,1,0,synthetic,near_null_effect
SYN-004393,control,1,1,0,synthetic,near_null_effect
SYN-004394,treatment,1,1,0,synthetic,near_null_effect
SYN-004395,control,1,1,0,synthetic,near_null_effect
SYN-004396,control,1,1,0,synthetic,near_null_effect
SYN-004397,control,1,1,0,synthetic,near_null_effect
SYN-004398,treatment,1,1,0,synthetic,near_null_effect
SYN-004399,treatment,1,1,0,synthetic,near_null_effect
SYN-004400,treatment,1,1,1,synthetic,near_null_effect
SYN-004401,control,1,1,0,synthetic,near_null_effect
SYN-004402,control,1,1,0,synthetic,near_null_effect
SYN-004403,treatment,1,1,0,synthetic,near_null_effect
SYN-004404,treatment,1,1,0,synthetic,near_null_effect
SYN-004405,control,1,1,0,synthetic,near_null_effect
SYN-004406,treatment,1,1,0,synthetic,near_null_effect
SYN-004407,control,1,1,0,synthetic,near_null_effect
SYN-004408,control,1,1,0,synthetic,near_null_effect
SYN-004409,treatment,1,1,0,synthetic,near_null_effect
SYN-004410,control,1,1,0,synthetic,near_null_effect
SYN-004411,control,1,1,0,synthetic,near_null_effect
SYN-004412,control,1,1,0,synthetic,near_null_effect
SYN-004413,treatment,1,1,0,synthetic,near_null_effect
SYN-004414,treatment,1,1,0,synthetic,near_null_effect
SYN-004415,treatment,1,1,0,synthetic,near_null_effect
SYN-004416,control,1,1,0,synthetic,near_null_effect
SYN-004417,control,1,1,0,synthetic,near_null_effect
SYN-004418,treatment,1,1,0,synthetic,near_null_effect
SYN-004419,control,1,1,1,synthetic,near_null_effect
SYN-004420,treatment,1,1,0,synthetic,near_null_effect
SYN-004421,control,1,1,0,synthetic,near_null_effect
SYN-004422,control,1,1,0,synthetic,near_null_effect
SYN-004423,treatment,1,1,1,synthetic,near_null_effect
SYN-004424,control,1,1,0,synthetic,near_null_effect
SYN-004425,treatment,1,1,0,synthetic,near_null_effect
SYN-004426,control,1,1,0,synthetic,near_null_effect
SYN-004427,control,1,1,0,synthetic,near_null_effect
SYN-004428,control,1,1,0,synthetic,near_null_effect
SYN-004429,control,1,1,0,synthetic,near_null_effect
SYN-004430,treatment,1,1,0,synthetic,near_null_effect
SYN-004431,control,1,1,0,synthetic,near_null_effect
SYN-004432,control,1,1,0,synthetic,near_null_effect
SYN-004433,control,1,1,1,synthetic,near_null_effect
SYN-004434,control,1,1,0,synthetic,near_null_effect
SYN-004435,treatment,1,1,0,synthetic,near_null_effect
SYN-004436,treatment,1,1,0,synthetic,near_null_effect
SYN-004437,treatment,1,1,0,synthetic,near_null_effect
SYN-004438,treatment,1,1,0,synthetic,near_null_effect
SYN-004439,treatment,1,1,0,synthetic,near_null_effect
SYN-004440,treatment,1,1,0,synthetic,near_null_effect
SYN-004441,control,1,1,0,synthetic,near_null_effect
SYN-004442,treatment,1,1,1,synthetic,near_null_effect
SYN-004443,treatment,1,1,0,synthetic,near_null_effect
SYN-004444,control,1,1,0,synthetic,near_null_effect
SYN-004445,treatment,1,1,0,synthetic,near_null_effect
SYN-004446,treatment,1,1,0,synthetic,near_null_effect
SYN-004447,treatment,1,1,0,synthetic,near_null_effect
SYN-004448,control,1,1,0,synthetic,near_null_effect
SYN-004449,control,1,1,1,synthetic,near_null_effect
SYN-004450,control,1,1,0,synthetic,near_null_effect
SYN-004451,control,1,1,0,synthetic,near_null_effect
SYN-004452,control,1,1,0,synthetic,near_null_effect
SYN-004453,treatment,1,1,0,synthetic,near_null_effect
SYN-004454,control,1,1,0,synthetic,near_null_effect
SYN-004455,control,1,1,0,synthetic,near_null_effect
SYN-004456,treatment,1,1,0,synthetic,near_null_effect
SYN-004457,control,1,1,0,synthetic,near_null_effect
SYN-004458,control,1,1,0,synthetic,near_null_effect
SYN-004459,control,1,1,0,synthetic,near_null_effect
SYN-004460,control,1,1,1,synthetic,near_null_effect
SYN-004461,control,1,1,0,synthetic,near_null_effect
SYN-004462,treatment,1,1,0,synthetic,near_null_effect
SYN-004463,treatment,1,1,1,synthetic,near_null_effect
SYN-004464,control,1,1,0,synthetic,near_null_effect
SYN-004465,treatment,1,1,0,synthetic,near_null_effect
SYN-004466,treatment,1,1,0,synthetic,near_null_effect
SYN-004467,treatment,1,1,1,synthetic,near_null_effect
SYN-004468,control,1,1,1,synthetic,near_null_effect
SYN-004469,treatment,1,1,0,synthetic,near_null_effect
SYN-004470,treatment,1,1,0,synthetic,near_null_effect
SYN-004471,control,1,1,0,synthetic,near_null_effect
SYN-004472,treatment,1,1,0,synthetic,near_null_effect
SYN-004473,treatment,1,1,0,synthetic,near_null_effect
SYN-004474,treatment,1,1,0,synthetic,near_null_effect
SYN-004475,treatment,1,1,0,synthetic,near_null_effect
SYN-004476,control,1,1,0,synthetic,near_null_effect
SYN-004477,control,1,1,0,synthetic,near_null_effect
SYN-004478,control,1,1,0,synthetic,near_null_effect
SYN-004479,treatment,1,1,0,synthetic,near_null_effect
SYN-004480,treatment,1,1,0,synthetic,near_null_effect
SYN-004481,treatment,1,1,0,synthetic,near_null_effect
SYN-004482,control,1,1,0,synthetic,near_null_effect
SYN-004483,control,1,1,0,synthetic,near_null_effect
SYN-004484,treatment,1,1,1,synthetic,near_null_effect
SYN-004485,control,1,1,0,synthetic,near_null_effect
SYN-004486,control,1,1,0,synthetic,near_null_effect
SYN-004487,control,1,1,0,synthetic,near_null_effect
SYN-004488,control,1,1,1,synthetic,near_null_effect
SYN-004489,treatment,1,1,0,synthetic,near_null_effect
SYN-004490,treatment,1,1,0,synthetic,near_null_effect
SYN-004491,control,1,1,0,synthetic,near_null_effect
SYN-004492,control,1,1,0,synthetic,near_null_effect
SYN-004493,control,1,1,1,synthetic,near_null_effect
SYN-004494,control,1,1,0,synthetic,near_null_effect
SYN-004495,treatment,1,1,1,synthetic,near_null_effect
SYN-004496,treatment,1,1,0,synthetic,near_null_effect
SYN-004497,control,1,1,0,synthetic,near_null_effect
SYN-004498,control,1,1,0,synthetic,near_null_effect
SYN-004499,treatment,1,1,1,synthetic,near_null_effect
SYN-004500,treatment,1,1,0,synthetic,near_null_effect
SYN-004501,treatment,1,1,0,synthetic,near_null_effect
SYN-004502,treatment,1,1,0,synthetic,near_null_effect
SYN-004503,control,1,1,0,synthetic,near_null_effect
SYN-004504,control,1,1,0,synthetic,near_null_effect
SYN-004505,treatment,1,1,0,synthetic,near_null_effect
SYN-004506,treatment,1,1,0,synthetic,near_null_effect
SYN-004507,control,1,1,0,synthetic,near_null_effect
SYN-004508,treatment,1,1,0,synthetic,near_null_effect
SYN-004509,treatment,1,1,1,synthetic,near_null_effect
SYN-004510,control,1,1,1,synthetic,near_null_effect
SYN-004511,control,1,1,0,synthetic,near_null_effect
SYN-004512,treatment,1,1,0,synthetic,near_null_effect
SYN-004513,treatment,1,1,0,synthetic,near_null_effect
SYN-004514,control,1,1,0,synthetic,near_null_effect
SYN-004515,treatment,1,1,0,synthetic,near_null_effect
SYN-004516,treatment,1,1,0,synthetic,near_null_effect
SYN-004517,treatment,1,1,0,synthetic,near_null_effect
SYN-004518,control,1,1,0,synthetic,near_null_effect
SYN-004519,treatment,1,1,0,synthetic,near_null_effect
SYN-004520,control,1,1,0,synthetic,near_null_effect
SYN-004521,treatment,1,1,0,synthetic,near_null_effect
SYN-004522,treatment,1,1,0,synthetic,near_null_effect
SYN-004523,control,1,1,0,synthetic,near_null_effect
SYN-004524,control,1,1,0,synthetic,near_null_effect
SYN-004525,treatment,1,1,0,synthetic,near_null_effect
SYN-004526,treatment,1,1,0,synthetic,near_null_effect
SYN-004527,treatment,1,1,0,synthetic,near_null_effect
SYN-004528,treatment,1,1,0,synthetic,near_null_effect
SYN-004529,treatment,1,1,1,synthetic,near_null_effect
SYN-004530,treatment,1,1,0,synthetic,near_null_effect
SYN-004531,control,1,1,1,synthetic,near_null_effect
SYN-004532,control,1,1,0,synthetic,near_null_effect
SYN-004533,treatment,1,1,0,synthetic,near_null_effect
SYN-004534,treatment,1,1,0,synthetic,near_null_effect
SYN-004535,control,1,1,0,synthetic,near_null_effect
SYN-004536,control,1,1,0,synthetic,near_null_effect
SYN-004537,treatment,1,1,0,synthetic,near_null_effect
SYN-004538,treatment,1,1,0,synthetic,near_null_effect
SYN-004539,treatment,1,1,0,synthetic,near_null_effect
SYN-004540,control,1,1,0,synthetic,near_null_effect
SYN-004541,treatment,1,1,0,synthetic,near_null_effect
SYN-004542,treatment,1,1,0,synthetic,near_null_effect
SYN-004543,control,1,1,0,synthetic,near_null_effect
SYN-004544,control,1,1,0,synthetic,near_null_effect
SYN-004545,control,1,1,0,synthetic,near_null_effect
SYN-004546,treatment,1,1,1,synthetic,near_null_effect
SYN-004547,treatment,1,1,0,synthetic,near_null_effect
SYN-004548,control,1,1,0,synthetic,near_null_effect
SYN-004549,treatment,1,1,0,synthetic,near_null_effect
SYN-004550,control,1,1,0,synthetic,near_null_effect
SYN-004551,treatment,1,1,0,synthetic,near_null_effect
SYN-004552,treatment,1,1,0,synthetic,near_null_effect
SYN-004553,treatment,1,1,0,synthetic,near_null_effect
SYN-004554,control,1,1,0,synthetic,near_null_effect
SYN-004555,control,1,1,0,synthetic,near_null_effect
SYN-004556,treatment,1,1,0,synthetic,near_null_effect
SYN-004557,treatment,1,1,0,synthetic,near_null_effect
SYN-004558,control,1,1,0,synthetic,near_null_effect
SYN-004559,control,1,1,0,synthetic,near_null_effect
SYN-004560,control,1,1,1,synthetic,near_null_effect
SYN-004561,control,1,1,0,synthetic,near_null_effect
SYN-004562,control,1,1,0,synthetic,near_null_effect
SYN-004563,control,1,1,1,synthetic,near_null_effect
SYN-004564,treatment,1,1,0,synthetic,near_null_effect
SYN-004565,control,1,1,0,synthetic,near_null_effect
SYN-004566,treatment,1,1,0,synthetic,near_null_effect
SYN-004567,treatment,1,1,0,synthetic,near_null_effect
SYN-004568,control,1,1,0,synthetic,near_null_effect
SYN-004569,treatment,1,1,0,synthetic,near_null_effect
SYN-004570,control,1,1,0,synthetic,near_null_effect
SYN-004571,treatment,1,1,0,synthetic,near_null_effect
SYN-004572,treatment,1,1,0,synthetic,near_null_effect
SYN-004573,control,1,1,0,synthetic,near_null_effect
SYN-004574,control,1,1,0,synthetic,near_null_effect
SYN-004575,control,1,1,0,synthetic,near_null_effect
SYN-004576,control,1,1,0,synthetic,near_null_effect
SYN-004577,control,1,1,0,synthetic,near_null_effect
SYN-004578,control,1,1,0,synthetic,near_null_effect
SYN-004579,control,1,1,0,synthetic,near_null_effect
SYN-004580,treatment,1,1,0,synthetic,near_null_effect
SYN-004581,treatment,1,1,0,synthetic,near_null_effect
SYN-004582,control,1,1,0,synthetic,near_null_effect
SYN-004583,control,1,1,0,synthetic,near_null_effect
SYN-004584,control,1,1,0,synthetic,near_null_effect
SYN-004585,control,1,1,0,synthetic,near_null_effect
SYN-004586,control,1,1,0,synthetic,near_null_effect
SYN-004587,control,1,1,0,synthetic,near_null_effect
SYN-004588,control,1,1,0,synthetic,near_null_effect
SYN-004589,control,1,1,0,synthetic,near_null_effect
SYN-004590,treatment,1,1,0,synthetic,near_null_effect
SYN-004591,control,1,1,0,synthetic,near_null_effect
SYN-004592,control,1,1,0,synthetic,near_null_effect
SYN-004593,treatment,1,1,0,synthetic,near_null_effect
SYN-004594,treatment,1,1,0,synthetic,near_null_effect
SYN-004595,treatment,1,1,0,synthetic,near_null_effect
SYN-004596,treatment,1,1,0,synthetic,near_null_effect
SYN-004597,control,1,1,0,synthetic,near_null_effect
SYN-004598,control,1,1,0,synthetic,near_null_effect
SYN-004599,control,1,1,0,synthetic,near_null_effect
SYN-004600,control,1,1,0,synthetic,near_null_effect
SYN-004601,control,1,1,1,synthetic,near_null_effect
SYN-004602,control,1,1,0,synthetic,near_null_effect
SYN-004603,control,1,1,0,synthetic,near_null_effect
SYN-004604,treatment,1,1,0,synthetic,near_null_effect
SYN-004605,treatment,1,1,0,synthetic,near_null_effect
SYN-004606,control,1,1,0,synthetic,near_null_effect
SYN-004607,treatment,1,1,0,synthetic,near_null_effect
SYN-004608,treatment,1,1,0,synthetic,near_null_effect
SYN-004609,treatment,1,1,0,synthetic,near_null_effect
SYN-004610,treatment,1,1,0,synthetic,near_null_effect
SYN-004611,treatment,1,1,0,synthetic,near_null_effect
SYN-004612,treatment,1,1,0,synthetic,near_null_effect
SYN-004613,control,1,1,0,synthetic,near_null_effect
SYN-004614,treatment,1,1,0,synthetic,near_null_effect
SYN-004615,control,1,1,0,synthetic,near_null_effect
SYN-004616,control,1,1,0,synthetic,near_null_effect
SYN-004617,control,1,1,1,synthetic,near_null_effect
SYN-004618,treatment,1,1,0,synthetic,near_null_effect
SYN-004619,control,1,1,1,synthetic,near_null_effect
SYN-004620,control,1,1,0,synthetic,near_null_effect
SYN-004621,treatment,1,1,1,synthetic,near_null_effect
SYN-004622,treatment,1,1,0,synthetic,near_null_effect
SYN-004623,treatment,1,1,1,synthetic,near_null_effect
SYN-004624,control,1,1,1,synthetic,near_null_effect
SYN-004625,control,1,1,0,synthetic,near_null_effect
SYN-004626,control,1,1,0,synthetic,near_null_effect
SYN-004627,treatment,1,1,0,synthetic,near_null_effect
SYN-004628,treatment,1,1,0,synthetic,near_null_effect
SYN-004629,control,1,1,0,synthetic,near_null_effect
SYN-004630,control,1,1,0,synthetic,near_null_effect
SYN-004631,control,1,1,0,synthetic,near_null_effect
SYN-004632,treatment,1,1,0,synthetic,near_null_effect
SYN-004633,treatment,1,1,0,synthetic,near_null_effect
SYN-004634,control,1,1,0,synthetic,near_null_effect
SYN-004635,treatment,1,1,0,synthetic,near_null_effect
SYN-004636,treatment,1,1,0,synthetic,near_null_effect
SYN-004637,control,1,1,0,synthetic,near_null_effect
SYN-004638,treatment,1,1,0,synthetic,near_null_effect
SYN-004639,treatment,1,1,0,synthetic,near_null_effect
SYN-004640,control,1,1,0,synthetic,near_null_effect
SYN-004641,control,1,1,0,synthetic,near_null_effect
SYN-004642,treatment,1,1,0,synthetic,near_null_effect
SYN-004643,treatment,1,1,0,synthetic,near_null_effect
SYN-004644,treatment,1,1,0,synthetic,near_null_effect
SYN-004645,treatment,1,1,0,synthetic,near_null_effect
SYN-004646,control,1,1,0,synthetic,near_null_effect
SYN-004647,control,1,1,0,synthetic,near_null_effect
SYN-004648,control,1,1,0,synthetic,near_null_effect
SYN-004649,control,1,1,0,synthetic,near_null_effect
SYN-004650,treatment,1,1,1,synthetic,near_null_effect
SYN-004651,treatment,1,1,0,synthetic,near_null_effect
SYN-004652,control,1,1,0,synthetic,near_null_effect
SYN-004653,control,1,1,0,synthetic,near_null_effect
SYN-004654,control,1,1,0,synthetic,near_null_effect
SYN-004655,control,1,1,0,synthetic,near_null_effect
SYN-004656,control,1,1,0,synthetic,near_null_effect
SYN-004657,control,1,1,1,synthetic,near_null_effect
SYN-004658,treatment,1,1,0,synthetic,near_null_effect
SYN-004659,treatment,1,1,0,synthetic,near_null_effect
SYN-004660,control,1,1,0,synthetic,near_null_effect
SYN-004661,control,1,1,0,synthetic,near_null_effect
SYN-004662,treatment,1,1,0,synthetic,near_null_effect
SYN-004663,treatment,1,1,0,synthetic,near_null_effect
SYN-004664,treatment,1,1,0,synthetic,near_null_effect
SYN-004665,treatment,1,1,0,synthetic,near_null_effect
SYN-004666,treatment,1,1,0,synthetic,near_null_effect
SYN-004667,control,1,1,0,synthetic,near_null_effect
SYN-004668,treatment,1,1,0,synthetic,near_null_effect
SYN-004669,control,1,1,1,synthetic,near_null_effect
SYN-004670,control,1,1,1,synthetic,near_null_effect
SYN-004671,treatment,1,1,0,synthetic,near_null_effect
SYN-004672,treatment,1,1,0,synthetic,near_null_effect
SYN-004673,treatment,1,1,0,synthetic,near_null_effect
SYN-004674,treatment,1,1,0,synthetic,near_null_effect
SYN-004675,control,1,1,1,synthetic,near_null_effect
SYN-004676,control,1,1,0,synthetic,near_null_effect
SYN-004677,treatment,1,1,1,synthetic,near_null_effect
SYN-004678,treatment,1,1,0,synthetic,near_null_effect
SYN-004679,treatment,1,1,0,synthetic,near_null_effect
SYN-004680,control,1,1,0,synthetic,near_null_effect
SYN-004681,control,1,1,0,synthetic,near_null_effect
SYN-004682,treatment,1,1,0,synthetic,near_null_effect
SYN-004683,treatment,1,1,1,synthetic,near_null_effect
SYN-004684,treatment,1,1,1,synthetic,near_null_effect
SYN-004685,treatment,1,1,0,synthetic,near_null_effect
SYN-004686,treatment,1,1,0,synthetic,near_null_effect
SYN-004687,control,1,1,0,synthetic,near_null_effect
SYN-004688,control,1,1,0,synthetic,near_null_effect
SYN-004689,control,1,1,0,synthetic,near_null_effect
SYN-004690,control,1,1,0,synthetic,near_null_effect
SYN-004691,control,1,1,1,synthetic,near_null_effect
SYN-004692,control,1,1,0,synthetic,near_null_effect
SYN-004693,treatment,1,1,0,synthetic,near_null_effect
SYN-004694,treatment,1,1,0,synthetic,near_null_effect
SYN-004695,control,1,1,0,synthetic,near_null_effect
SYN-004696,control,1,1,0,synthetic,near_null_effect
SYN-004697,control,1,1,0,synthetic,near_null_effect
SYN-004698,control,1,1,0,synthetic,near_null_effect
SYN-004699,control,1,1,0,synthetic,near_null_effect
SYN-004700,treatment,1,1,0,synthetic,near_null_effect
SYN-004701,control,1,1,0,synthetic,near_null_effect
SYN-004702,control,1,1,0,synthetic,near_null_effect
SYN-004703,treatment,1,1,0,synthetic,near_null_effect
SYN-004704,control,1,1,0,synthetic,near_null_effect
SYN-004705,control,1,1,0,synthetic,near_null_effect
SYN-004706,control,1,1,0,synthetic,near_null_effect
SYN-004707,treatment,1,1,0,synthetic,near_null_effect
SYN-004708,treatment,1,1,0,synthetic,near_null_effect
SYN-004709,treatment,1,1,0,synthetic,near_null_effect
SYN-004710,treatment,1,1,1,synthetic,near_null_effect
SYN-004711,control,1,1,0,synthetic,near_null_effect
SYN-004712,treatment,1,1,0,synthetic,near_null_effect
SYN-004713,treatment,1,1,0,synthetic,near_null_effect
SYN-004714,control,1,1,1,synthetic,near_null_effect
SYN-004715,control,1,1,0,synthetic,near_null_effect
SYN-004716,treatment,1,1,0,synthetic,near_null_effect
SYN-004717,control,1,1,0,synthetic,near_null_effect
SYN-004718,control,1,1,0,synthetic,near_null_effect
SYN-004719,treatment,1,1,0,synthetic,near_null_effect
SYN-004720,control,1,1,0,synthetic,near_null_effect
SYN-004721,treatment,1,1,0,synthetic,near_null_effect
SYN-004722,treatment,1,1,0,synthetic,near_null_effect
SYN-004723,treatment,1,1,0,synthetic,near_null_effect
SYN-004724,treatment,1,1,0,synthetic,near_null_effect
SYN-004725,treatment,1,1,0,synthetic,near_null_effect
SYN-004726,control,1,1,0,synthetic,near_null_effect
SYN-004727,treatment,1,1,0,synthetic,near_null_effect
SYN-004728,control,1,1,0,synthetic,near_null_effect
SYN-004729,control,1,1,0,synthetic,near_null_effect
SYN-004730,control,1,1,0,synthetic,near_null_effect
SYN-004731,control,1,1,0,synthetic,near_null_effect
SYN-004732,treatment,1,1,0,synthetic,near_null_effect
SYN-004733,control,1,1,0,synthetic,near_null_effect
SYN-004734,treatment,1,1,0,synthetic,near_null_effect
SYN-004735,control,1,1,1,synthetic,near_null_effect
SYN-004736,control,1,1,0,synthetic,near_null_effect
SYN-004737,control,1,1,0,synthetic,near_null_effect
SYN-004738,treatment,1,1,0,synthetic,near_null_effect
SYN-004739,treatment,1,1,0,synthetic,near_null_effect
SYN-004740,treatment,1,1,0,synthetic,near_null_effect
SYN-004741,control,1,1,0,synthetic,near_null_effect
SYN-004742,control,1,1,0,synthetic,near_null_effect
SYN-004743,treatment,1,1,0,synthetic,near_null_effect
SYN-004744,treatment,1,1,0,synthetic,near_null_effect
SYN-004745,control,1,1,0,synthetic,near_null_effect
SYN-004746,treatment,1,1,0,synthetic,near_null_effect
SYN-004747,control,1,1,0,synthetic,near_null_effect
SYN-004748,treatment,1,1,0,synthetic,near_null_effect
SYN-004749,control,1,1,0,synthetic,near_null_effect
SYN-004750,control,1,1,0,synthetic,near_null_effect
SYN-004751,control,1,1,0,synthetic,near_null_effect
SYN-004752,treatment,1,1,0,synthetic,near_null_effect
SYN-004753,control,1,1,0,synthetic,near_null_effect
SYN-004754,control,1,1,0,synthetic,near_null_effect
SYN-004755,treatment,1,1,0,synthetic,near_null_effect
SYN-004756,treatment,1,1,0,synthetic,near_null_effect
SYN-004757,treatment,1,1,1,synthetic,near_null_effect
SYN-004758,control,1,1,0,synthetic,near_null_effect
SYN-004759,control,1,1,0,synthetic,near_null_effect
SYN-004760,treatment,1,1,0,synthetic,near_null_effect
SYN-004761,control,1,1,1,synthetic,near_null_effect
SYN-004762,control,1,1,0,synthetic,near_null_effect
SYN-004763,treatment,1,1,1,synthetic,near_null_effect
SYN-004764,control,1,1,0,synthetic,near_null_effect
SYN-004765,treatment,1,1,0,synthetic,near_null_effect
SYN-004766,treatment,1,1,0,synthetic,near_null_effect
SYN-004767,treatment,1,1,0,synthetic,near_null_effect
SYN-004768,control,1,1,0,synthetic,near_null_effect
SYN-004769,control,1,1,0,synthetic,near_null_effect
SYN-004770,treatment,1,1,0,synthetic,near_null_effect
SYN-004771,control,1,1,0,synthetic,near_null_effect
SYN-004772,treatment,1,1,0,synthetic,near_null_effect
SYN-004773,control,1,1,0,synthetic,near_null_effect
SYN-004774,control,1,1,0,synthetic,near_null_effect
SYN-004775,treatment,1,1,0,synthetic,near_null_effect
SYN-004776,treatment,1,1,0,synthetic,near_null_effect
SYN-004777,treatment,1,1,0,synthetic,near_null_effect
SYN-004778,treatment,1,1,0,synthetic,near_null_effect
SYN-004779,treatment,1,1,0,synthetic,near_null_effect
SYN-004780,treatment,1,1,0,synthetic,near_null_effect
SYN-004781,treatment,1,1,0,synthetic,near_null_effect
SYN-004782,treatment,1,1,0,synthetic,near_null_effect
SYN-004783,treatment,1,1,0,synthetic,near_null_effect
SYN-004784,control,1,1,0,synthetic,near_null_effect
SYN-004785,treatment,1,1,0,synthetic,near_null_effect
SYN-004786,control,1,1,0,synthetic,near_null_effect
SYN-004787,control,1,1,0,synthetic,near_null_effect
SYN-004788,control,1,1,0,synthetic,near_null_effect
SYN-004789,control,1,1,0,synthetic,near_null_effect
SYN-004790,treatment,1,1,0,synthetic,near_null_effect
SYN-004791,treatment,1,1,0,synthetic,near_null_effect
SYN-004792,treatment,1,1,0,synthetic,near_null_effect
SYN-004793,control,1,1,0,synthetic,near_null_effect
SYN-004794,treatment,1,1,0,synthetic,near_null_effect
SYN-004795,treatment,1,1,0,synthetic,near_null_effect
SYN-004796,treatment,1,1,0,synthetic,near_null_effect
SYN-004797,treatment,1,1,0,synthetic,near_null_effect
SYN-004798,treatment,1,1,0,synthetic,near_null_effect
SYN-004799,treatment,1,1,0,synthetic,near_null_effect
SYN-004800,treatment,1,1,0,synthetic,near_null_effect
SYN-004801,treatment,1,1,0,synthetic,near_null_effect
SYN-004802,control,1,1,0,synthetic,near_null_effect
SYN-004803,control,1,1,0,synthetic,near_null_effect
SYN-004804,treatment,1,1,0,synthetic,near_null_effect
SYN-004805,control,1,1,1,synthetic,near_null_effect
SYN-004806,treatment,1,1,0,synthetic,near_null_effect
SYN-004807,treatment,1,1,0,synthetic,near_null_effect
SYN-004808,treatment,1,1,1,synthetic,near_null_effect
SYN-004809,control,1,1,0,synthetic,near_null_effect
SYN-004810,control,1,1,0,synthetic,near_null_effect
SYN-004811,control,1,1,0,synthetic,near_null_effect
SYN-004812,treatment,1,1,0,synthetic,near_null_effect
SYN-004813,control,1,1,0,synthetic,near_null_effect
SYN-004814,treatment,1,1,0,synthetic,near_null_effect
SYN-004815,treatment,1,1,0,synthetic,near_null_effect
SYN-004816,control,1,1,0,synthetic,near_null_effect
SYN-004817,treatment,1,1,0,synthetic,near_null_effect
SYN-004818,treatment,1,1,0,synthetic,near_null_effect
SYN-004819,treatment,1,1,0,synthetic,near_null_effect
SYN-004820,treatment,1,1,0,synthetic,near_null_effect
SYN-004821,treatment,1,1,0,synthetic,near_null_effect
SYN-004822,treatment,1,1,1,synthetic,near_null_effect
SYN-004823,control,1,1,0,synthetic,near_null_effect
SYN-004824,treatment,1,1,0,synthetic,near_null_effect
SYN-004825,control,1,1,0,synthetic,near_null_effect
SYN-004826,treatment,1,1,0,synthetic,near_null_effect
SYN-004827,treatment,1,1,0,synthetic,near_null_effect
SYN-004828,treatment,1,1,0,synthetic,near_null_effect
SYN-004829,control,1,1,0,synthetic,near_null_effect
SYN-004830,control,1,1,0,synthetic,near_null_effect
SYN-004831,control,1,1,0,synthetic,near_null_effect
SYN-004832,treatment,1,1,0,synthetic,near_null_effect
SYN-004833,treatment,1,1,0,synthetic,near_null_effect
SYN-004834,control,1,1,0,synthetic,near_null_effect
SYN-004835,treatment,1,1,0,synthetic,near_null_effect
SYN-004836,treatment,1,1,0,synthetic,near_null_effect
SYN-004837,control,1,1,1,synthetic,near_null_effect
SYN-004838,treatment,1,1,1,synthetic,near_null_effect
SYN-004839,control,1,1,0,synthetic,near_null_effect
SYN-004840,control,1,1,0,synthetic,near_null_effect
SYN-004841,control,1,1,0,synthetic,near_null_effect
SYN-004842,treatment,1,1,1,synthetic,near_null_effect
SYN-004843,treatment,1,1,0,synthetic,near_null_effect
SYN-004844,treatment,1,1,0,synthetic,near_null_effect
SYN-004845,control,1,1,0,synthetic,near_null_effect
SYN-004846,treatment,1,1,0,synthetic,near_null_effect
SYN-004847,treatment,1,1,0,synthetic,near_null_effect
SYN-004848,control,1,1,0,synthetic,near_null_effect
SYN-004849,treatment,1,1,0,synthetic,near_null_effect
SYN-004850,control,1,1,0,synthetic,near_null_effect
SYN-004851,control,1,1,0,synthetic,near_null_effect
SYN-004852,treatment,1,1,0,synthetic,near_null_effect
SYN-004853,control,1,1,1,synthetic,near_null_effect
SYN-004854,control,1,1,0,synthetic,near_null_effect
SYN-004855,control,1,1,0,synthetic,near_null_effect
SYN-004856,treatment,1,1,0,synthetic,near_null_effect
SYN-004857,treatment,1,1,0,synthetic,near_null_effect
SYN-004858,treatment,1,1,0,synthetic,near_null_effect
SYN-004859,control,1,1,0,synthetic,near_null_effect
SYN-004860,control,1,1,0,synthetic,near_null_effect
SYN-004861,control,1,1,0,synthetic,near_null_effect
SYN-004862,control,1,1,0,synthetic,near_null_effect
SYN-004863,control,1,1,0,synthetic,near_null_effect
SYN-004864,control,1,1,0,synthetic,near_null_effect
SYN-004865,control,1,1,0,synthetic,near_null_effect
SYN-004866,control,1,1,0,synthetic,near_null_effect
SYN-004867,control,1,1,0,synthetic,near_null_effect
SYN-004868,treatment,1,1,0,synthetic,near_null_effect
SYN-004869,control,1,1,0,synthetic,near_null_effect
SYN-004870,control,1,1,0,synthetic,near_null_effect
SYN-004871,control,1,1,0,synthetic,near_null_effect
SYN-004872,control,1,1,0,synthetic,near_null_effect
SYN-004873,control,1,1,0,synthetic,near_null_effect
SYN-004874,treatment,1,1,0,synthetic,near_null_effect
SYN-004875,treatment,1,1,1,synthetic,near_null_effect
SYN-004876,control,1,1,0,synthetic,near_null_effect
SYN-004877,treatment,1,1,0,synthetic,near_null_effect
SYN-004878,control,1,1,0,synthetic,near_null_effect
SYN-004879,control,1,1,0,synthetic,near_null_effect
SYN-004880,treatment,1,1,0,synthetic,near_null_effect
SYN-004881,control,1,1,0,synthetic,near_null_effect
SYN-004882,control,1,1,0,synthetic,near_null_effect
SYN-004883,control,1,1,0,synthetic,near_null_effect
SYN-004884,treatment,1,1,0,synthetic,near_null_effect
SYN-004885,treatment,1,1,0,synthetic,near_null_effect
SYN-004886,control,1,1,1,synthetic,near_null_effect
SYN-004887,control,1,1,0,synthetic,near_null_effect
SYN-004888,treatment,1,1,0,synthetic,near_null_effect
SYN-004889,treatment,1,1,0,synthetic,near_null_effect
SYN-004890,control,1,1,0,synthetic,near_null_effect
SYN-004891,control,1,1,0,synthetic,near_null_effect
SYN-004892,control,1,1,0,synthetic,near_null_effect
SYN-004893,treatment,1,1,1,synthetic,near_null_effect
SYN-004894,treatment,1,1,0,synthetic,near_null_effect
SYN-004895,control,1,1,0,synthetic,near_null_effect
SYN-004896,control,1,1,0,synthetic,near_null_effect
SYN-004897,control,1,1,0,synthetic,near_null_effect
SYN-004898,treatment,1,1,0,synthetic,near_null_effect
SYN-004899,control,1,1,1,synthetic,near_null_effect
SYN-004900,treatment,1,1,0,synthetic,near_null_effect
SYN-004901,control,1,1,0,synthetic,near_null_effect
SYN-004902,treatment,1,1,0,synthetic,near_null_effect
SYN-004903,treatment,1,1,0,synthetic,near_null_effect
SYN-004904,control,1,1,0,synthetic,near_null_effect
SYN-004905,treatment,1,1,0,synthetic,near_null_effect
SYN-004906,treatment,1,1,0,synthetic,near_null_effect
SYN-004907,control,1,1,0,synthetic,near_null_effect
SYN-004908,treatment,1,1,0,synthetic,near_null_effect
SYN-004909,control,1,1,0,synthetic,near_null_effect
SYN-004910,control,1,1,0,synthetic,near_null_effect
SYN-004911,treatment,1,1,0,synthetic,near_null_effect
SYN-004912,control,1,1,0,synthetic,near_null_effect
SYN-004913,treatment,1,1,0,synthetic,near_null_effect
SYN-004914,treatment,1,1,0,synthetic,near_null_effect
SYN-004915,treatment,1,1,0,synthetic,near_null_effect
SYN-004916,control,1,1,0,synthetic,near_null_effect
SYN-004917,control,1,1,0,synthetic,near_null_effect
SYN-004918,control,1,1,0,synthetic,near_null_effect
SYN-004919,treatment,1,1,0,synthetic,near_null_effect
SYN-004920,treatment,1,1,0,synthetic,near_null_effect
SYN-004921,control,1,1,0,synthetic,near_null_effect
SYN-004922,treatment,1,1,0,synthetic,near_null_effect
SYN-004923,control,1,1,0,synthetic,near_null_effect
SYN-004924,treatment,1,1,0,synthetic,near_null_effect
SYN-004925,control,1,1,0,synthetic,near_null_effect
SYN-004926,treatment,1,1,0,synthetic,near_null_effect
SYN-004927,control,1,1,0,synthetic,near_null_effect
SYN-004928,control,1,1,0,synthetic,near_null_effect
SYN-004929,treatment,1,1,0,synthetic,near_null_effect
SYN-004930,treatment,1,1,0,synthetic,near_null_effect
SYN-004931,control,1,1,0,synthetic,near_null_effect
SYN-004932,control,1,1,0,synthetic,near_null_effect
SYN-004933,control,1,1,0,synthetic,near_null_effect
SYN-004934,control,1,1,0,synthetic,near_null_effect
SYN-004935,treatment,1,1,0,synthetic,near_null_effect
SYN-004936,control,1,1,0,synthetic,near_null_effect
SYN-004937,control,1,1,0,synthetic,near_null_effect
SYN-004938,control,1,1,0,synthetic,near_null_effect
SYN-004939,control,1,1,0,synthetic,near_null_effect
SYN-004940,treatment,1,1,0,synthetic,near_null_effect
SYN-004941,control,1,1,0,synthetic,near_null_effect
SYN-004942,treatment,1,1,0,synthetic,near_null_effect
SYN-004943,treatment,1,1,0,synthetic,near_null_effect
SYN-004944,treatment,1,1,0,synthetic,near_null_effect
SYN-004945,control,1,1,0,synthetic,near_null_effect
SYN-004946,control,1,1,0,synthetic,near_null_effect
SYN-004947,control,1,1,0,synthetic,near_null_effect
SYN-004948,control,1,1,0,synthetic,near_null_effect
SYN-004949,treatment,1,1,1,synthetic,near_null_effect
SYN-004950,control,1,1,1,synthetic,near_null_effect
SYN-004951,treatment,1,1,0,synthetic,near_null_effect
SYN-004952,control,1,1,0,synthetic,near_null_effect
SYN-004953,control,1,1,0,synthetic,near_null_effect
SYN-004954,treatment,1,1,0,synthetic,near_null_effect
SYN-004955,control,1,1,0,synthetic,near_null_effect
SYN-004956,treatment,1,1,0,synthetic,near_null_effect
SYN-004957,treatment,1,1,0,synthetic,near_null_effect
SYN-004958,treatment,1,1,0,synthetic,near_null_effect
SYN-004959,treatment,1,1,0,synthetic,near_null_effect
SYN-004960,treatment,1,1,0,synthetic,near_null_effect
SYN-004961,treatment,1,1,0,synthetic,near_null_effect
SYN-004962,control,1,1,0,synthetic,near_null_effect
SYN-004963,treatment,1,1,0,synthetic,near_null_effect
SYN-004964,control,1,1,0,synthetic,near_null_effect
SYN-004965,treatment,1,1,0,synthetic,near_null_effect
SYN-004966,control,1,1,0,synthetic,near_null_effect
SYN-004967,control,1,1,0,synthetic,near_null_effect
SYN-004968,control,1,1,0,synthetic,near_null_effect
SYN-004969,treatment,1,1,0,synthetic,near_null_effect
SYN-004970,treatment,1,1,0,synthetic,near_null_effect
SYN-004971,control,1,1,0,synthetic,near_null_effect
SYN-004972,control,1,1,0,synthetic,near_null_effect
SYN-004973,control,1,1,0,synthetic,near_null_effect
SYN-004974,control,1,1,0,synthetic,near_null_effect
SYN-004975,treatment,1,1,0,synthetic,near_null_effect
SYN-004976,control,1,1,0,synthetic,near_null_effect
SYN-004977,treatment,1,1,0,synthetic,near_null_effect
SYN-004978,control,1,1,0,synthetic,near_null_effect
SYN-004979,control,1,1,0,synthetic,near_null_effect
SYN-004980,control,1,1,0,synthetic,near_null_effect
SYN-004981,control,1,1,0,synthetic,near_null_effect
SYN-004982,treatment,1,1,0,synthetic,near_null_effect
SYN-004983,treatment,1,1,0,synthetic,near_null_effect
SYN-004984,control,1,1,0,synthetic,near_null_effect
SYN-004985,treatment,1,1,1,synthetic,near_null_effect
SYN-004986,treatment,1,1,0,synthetic,near_null_effect
SYN-004987,control,1,1,1,synthetic,near_null_effect
SYN-004988,treatment,1,1,0,synthetic,near_null_effect
SYN-004989,treatment,1,1,0,synthetic,near_null_effect
SYN-004990,control,1,1,0,synthetic,near_null_effect
SYN-004991,control,1,1,1,synthetic,near_null_effect
SYN-004992,control,1,1,0,synthetic,near_null_effect
SYN-004993,control,1,1,1,synthetic,near_null_effect
SYN-004994,control,1,1,0,synthetic,near_null_effect
SYN-004995,treatment,1,1,0,synthetic,near_null_effect
SYN-004996,treatment,1,1,0,synthetic,near_null_effect
SYN-004997,treatment,1,1,0,synthetic,near_null_effect
SYN-004998,control,1,1,0,synthetic,near_null_effect
SYN-004999,control,1,1,0,synthetic,near_null_effect
SYN-005000,treatment,1,1,0,synthetic,near_null_effect
SYN-005001,control,1,1,0,synthetic,near_null_effect
SYN-005002,control,1,1,0,synthetic,near_null_effect
SYN-005003,treatment,1,1,0,synthetic,near_null_effect
SYN-005004,treatment,1,1,0,synthetic,near_null_effect
SYN-005005,treatment,1,1,0,synthetic,near_null_effect
SYN-005006,control,1,1,0,synthetic,near_null_effect
SYN-005007,treatment,1,1,0,synthetic,near_null_effect
SYN-005008,control,1,1,0,synthetic,near_null_effect
SYN-005009,treatment,1,1,0,synthetic,near_null_effect
SYN-005010,control,1,1,0,synthetic,near_null_effect
SYN-005011,control,1,1,0,synthetic,near_null_effect
SYN-005012,control,1,1,0,synthetic,near_null_effect
SYN-005013,treatment,1,1,0,synthetic,near_null_effect
SYN-005014,treatment,1,1,0,synthetic,near_null_effect
SYN-005015,control,1,1,0,synthetic,near_null_effect
SYN-005016,treatment,1,1,0,synthetic,near_null_effect
SYN-005017,control,1,1,0,synthetic,near_null_effect
SYN-005018,treatment,1,1,0,synthetic,near_null_effect
SYN-005019,control,1,1,0,synthetic,near_null_effect
SYN-005020,control,1,1,0,synthetic,near_null_effect
SYN-005021,treatment,1,1,1,synthetic,near_null_effect
SYN-005022,control,1,1,0,synthetic,near_null_effect
SYN-005023,control,1,1,0,synthetic,near_null_effect
SYN-005024,treatment,1,1,0,synthetic,near_null_effect
SYN-005025,treatment,1,1,0,synthetic,near_null_effect
SYN-005026,control,1,1,0,synthetic,near_null_effect
SYN-005027,treatment,1,1,0,synthetic,near_null_effect
SYN-005028,treatment,1,1,0,synthetic,near_null_effect
SYN-005029,control,1,1,0,synthetic,near_null_effect
SYN-005030,treatment,1,1,0,synthetic,near_null_effect
SYN-005031,treatment,1,1,1,synthetic,near_null_effect
SYN-005032,control,1,1,0,synthetic,near_null_effect
SYN-005033,treatment,1,1,0,synthetic,near_null_effect
SYN-005034,control,1,1,0,synthetic,near_null_effect
SYN-005035,treatment,1,1,0,synthetic,near_null_effect
SYN-005036,control,1,1,0,synthetic,near_null_effect
SYN-005037,control,1,1,0,synthetic,near_null_effect
SYN-005038,treatment,1,1,0,synthetic,near_null_effect
SYN-005039,treatment,1,1,0,synthetic,near_null_effect
SYN-005040,treatment,1,1,0,synthetic,near_null_effect
SYN-005041,treatment,1,1,0,synthetic,near_null_effect
SYN-005042,treatment,1,1,0,synthetic,near_null_effect
SYN-005043,treatment,1,1,0,synthetic,near_null_effect
SYN-005044,treatment,1,1,0,synthetic,near_null_effect
SYN-005045,control,1,1,0,synthetic,near_null_effect
SYN-005046,control,1,1,0,synthetic,near_null_effect
SYN-005047,control,1,1,0,synthetic,near_null_effect
SYN-005048,control,1,1,0,synthetic,near_null_effect
SYN-005049,treatment,1,1,0,synthetic,near_null_effect
SYN-005050,treatment,1,1,0,synthetic,near_null_effect
SYN-005051,control,1,1,0,synthetic,near_null_effect
SYN-005052,control,1,1,0,synthetic,near_null_effect
SYN-005053,control,1,1,0,synthetic,near_null_effect
SYN-005054,treatment,1,1,1,synthetic,near_null_effect
SYN-005055,control,1,1,0,synthetic,near_null_effect
SYN-005056,treatment,1,1,0,synthetic,near_null_effect
SYN-005057,control,1,1,0,synthetic,near_null_effect
SYN-005058,control,1,1,0,synthetic,near_null_effect
SYN-005059,control,1,1,0,synthetic,near_null_effect
SYN-005060,control,1,1,0,synthetic,near_null_effect
SYN-005061,treatment,1,1,0,synthetic,near_null_effect
SYN-005062,treatment,1,1,0,synthetic,near_null_effect
SYN-005063,treatment,1,1,0,synthetic,near_null_effect
SYN-005064,treatment,1,1,0,synthetic,near_null_effect
SYN-005065,control,1,1,0,synthetic,near_null_effect
SYN-005066,treatment,1,1,0,synthetic,near_null_effect
SYN-005067,treatment,1,1,0,synthetic,near_null_effect
SYN-005068,treatment,1,1,0,synthetic,near_null_effect
SYN-005069,control,1,1,0,synthetic,near_null_effect
SYN-005070,control,1,1,0,synthetic,near_null_effect
SYN-005071,treatment,1,1,0,synthetic,near_null_effect
SYN-005072,treatment,1,1,1,synthetic,near_null_effect
SYN-005073,treatment,1,1,0,synthetic,near_null_effect
SYN-005074,treatment,1,1,0,synthetic,near_null_effect
SYN-005075,treatment,1,1,0,synthetic,near_null_effect
SYN-005076,control,1,1,1,synthetic,near_null_effect
SYN-005077,control,1,1,0,synthetic,near_null_effect
SYN-005078,control,1,1,0,synthetic,near_null_effect
SYN-005079,treatment,1,1,0,synthetic,near_null_effect
SYN-005080,treatment,1,1,1,synthetic,near_null_effect
SYN-005081,treatment,1,1,0,synthetic,near_null_effect
SYN-005082,treatment,1,1,0,synthetic,near_null_effect
SYN-005083,treatment,1,1,0,synthetic,near_null_effect
SYN-005084,treatment,1,1,0,synthetic,near_null_effect
SYN-005085,treatment,1,1,0,synthetic,near_null_effect
SYN-005086,treatment,1,1,0,synthetic,near_null_effect
SYN-005087,treatment,1,1,0,synthetic,near_null_effect
SYN-005088,treatment,1,1,0,synthetic,near_null_effect
SYN-005089,control,1,1,0,synthetic,near_null_effect
SYN-005090,control,1,1,0,synthetic,near_null_effect
SYN-005091,treatment,1,1,0,synthetic,near_null_effect
SYN-005092,treatment,1,1,0,synthetic,near_null_effect
SYN-005093,treatment,1,1,1,synthetic,near_null_effect
SYN-005094,treatment,1,1,0,synthetic,near_null_effect
SYN-005095,control,1,1,1,synthetic,near_null_effect
SYN-005096,control,1,1,1,synthetic,near_null_effect
SYN-005097,treatment,1,1,0,synthetic,near_null_effect
SYN-005098,treatment,1,1,0,synthetic,near_null_effect
SYN-005099,treatment,1,1,0,synthetic,near_null_effect
SYN-005100,control,1,1,0,synthetic,near_null_effect
SYN-005101,control,1,1,0,synthetic,near_null_effect
SYN-005102,treatment,1,1,0,synthetic,near_null_effect
SYN-005103,treatment,1,1,0,synthetic,near_null_effect
SYN-005104,treatment,1,1,0,synthetic,near_null_effect
SYN-005105,control,1,1,0,synthetic,near_null_effect
SYN-005106,treatment,1,1,0,synthetic,near_null_effect
SYN-005107,treatment,1,1,0,synthetic,near_null_effect
SYN-005108,treatment,1,1,0,synthetic,near_null_effect
SYN-005109,control,1,1,0,synthetic,near_null_effect
SYN-005110,control,1,1,0,synthetic,near_null_effect
SYN-005111,control,1,1,0,synthetic,near_null_effect
SYN-005112,control,1,1,0,synthetic,near_null_effect
SYN-005113,control,1,1,0,synthetic,near_null_effect
SYN-005114,treatment,1,1,0,synthetic,near_null_effect
SYN-005115,treatment,1,1,1,synthetic,near_null_effect
SYN-005116,control,1,1,0,synthetic,near_null_effect
SYN-005117,treatment,1,1,0,synthetic,near_null_effect
SYN-005118,treatment,1,1,0,synthetic,near_null_effect
SYN-005119,control,1,1,1,synthetic,near_null_effect
SYN-005120,treatment,1,1,0,synthetic,near_null_effect
SYN-005121,control,1,1,0,synthetic,near_null_effect
SYN-005122,treatment,1,1,0,synthetic,near_null_effect
SYN-005123,treatment,1,1,0,synthetic,near_null_effect
SYN-005124,treatment,1,1,0,synthetic,near_null_effect
SYN-005125,treatment,1,1,0,synthetic,near_null_effect
SYN-005126,control,1,1,0,synthetic,near_null_effect
SYN-005127,treatment,1,1,0,synthetic,near_null_effect
SYN-005128,control,1,1,0,synthetic,near_null_effect
SYN-005129,control,1,1,0,synthetic,near_null_effect
SYN-005130,treatment,1,1,0,synthetic,near_null_effect
SYN-005131,treatment,1,1,0,synthetic,near_null_effect
SYN-005132,treatment,1,1,0,synthetic,near_null_effect
SYN-005133,control,1,1,0,synthetic,near_null_effect
SYN-005134,control,1,1,0,synthetic,near_null_effect
SYN-005135,control,1,1,0,synthetic,near_null_effect
SYN-005136,treatment,1,1,1,synthetic,near_null_effect
SYN-005137,treatment,1,1,0,synthetic,near_null_effect
SYN-005138,treatment,1,1,0,synthetic,near_null_effect
SYN-005139,control,1,1,0,synthetic,near_null_effect
SYN-005140,treatment,1,1,0,synthetic,near_null_effect
SYN-005141,control,1,1,0,synthetic,near_null_effect
SYN-005142,control,1,1,0,synthetic,near_null_effect
SYN-005143,control,1,1,0,synthetic,near_null_effect
SYN-005144,treatment,1,1,0,synthetic,near_null_effect
SYN-005145,control,1,1,0,synthetic,near_null_effect
SYN-005146,treatment,1,1,0,synthetic,near_null_effect
SYN-005147,control,1,1,0,synthetic,near_null_effect
SYN-005148,treatment,1,1,1,synthetic,near_null_effect
SYN-005149,treatment,1,1,0,synthetic,near_null_effect
SYN-005150,control,1,1,0,synthetic,near_null_effect
SYN-005151,control,1,1,0,synthetic,near_null_effect
SYN-005152,treatment,1,1,1,synthetic,near_null_effect
SYN-005153,control,1,1,0,synthetic,near_null_effect
SYN-005154,control,1,1,0,synthetic,near_null_effect
SYN-005155,treatment,1,1,1,synthetic,near_null_effect
SYN-005156,treatment,1,1,0,synthetic,near_null_effect
SYN-005157,control,1,1,0,synthetic,near_null_effect
SYN-005158,control,1,1,0,synthetic,near_null_effect
SYN-005159,treatment,1,1,0,synthetic,near_null_effect
SYN-005160,treatment,1,1,0,synthetic,near_null_effect
SYN-005161,control,1,1,0,synthetic,near_null_effect
SYN-005162,control,1,1,0,synthetic,near_null_effect
SYN-005163,treatment,1,1,0,synthetic,near_null_effect
SYN-005164,control,1,1,0,synthetic,near_null_effect
SYN-005165,control,1,1,0,synthetic,near_null_effect
SYN-005166,control,1,1,0,synthetic,near_null_effect
SYN-005167,control,1,1,0,synthetic,near_null_effect
SYN-005168,treatment,1,1,0,synthetic,near_null_effect
SYN-005169,treatment,1,1,0,synthetic,near_null_effect
SYN-005170,treatment,1,1,0,synthetic,near_null_effect
SYN-005171,treatment,1,1,0,synthetic,near_null_effect
SYN-005172,control,1,1,0,synthetic,near_null_effect
SYN-005173,control,1,1,1,synthetic,near_null_effect
SYN-005174,treatment,1,1,1,synthetic,near_null_effect
SYN-005175,control,1,1,0,synthetic,near_null_effect
SYN-005176,control,1,1,0,synthetic,near_null_effect
SYN-005177,treatment,1,1,0,synthetic,near_null_effect
SYN-005178,treatment,1,1,0,synthetic,near_null_effect
SYN-005179,control,1,1,0,synthetic,near_null_effect
SYN-005180,treatment,1,1,1,synthetic,near_null_effect
SYN-005181,control,1,1,0,synthetic,near_null_effect
SYN-005182,control,1,1,0,synthetic,near_null_effect
SYN-005183,control,1,1,0,synthetic,near_null_effect
SYN-005184,control,1,1,0,synthetic,near_null_effect
SYN-005185,control,1,1,0,synthetic,near_null_effect
SYN-005186,control,1,1,0,synthetic,near_null_effect
SYN-005187,control,1,1,0,synthetic,near_null_effect
SYN-005188,control,1,1,0,synthetic,near_null_effect
SYN-005189,control,1,1,0,synthetic,near_null_effect
SYN-005190,control,1,1,0,synthetic,near_null_effect
SYN-005191,control,1,1,0,synthetic,near_null_effect
SYN-005192,control,1,1,0,synthetic,near_null_effect
SYN-005193,control,1,1,1,synthetic,near_null_effect
SYN-005194,treatment,1,1,0,synthetic,near_null_effect
SYN-005195,treatment,1,1,1,synthetic,near_null_effect
SYN-005196,control,1,1,0,synthetic,near_null_effect
SYN-005197,treatment,1,1,0,synthetic,near_null_effect
SYN-005198,control,1,1,0,synthetic,near_null_effect
SYN-005199,control,1,1,0,synthetic,near_null_effect
SYN-005200,control,1,1,0,synthetic,near_null_effect
SYN-005201,treatment,1,1,0,synthetic,near_null_effect
SYN-005202,treatment,1,1,0,synthetic,near_null_effect
SYN-005203,control,1,1,1,synthetic,near_null_effect
SYN-005204,treatment,1,1,0,synthetic,near_null_effect
SYN-005205,control,1,1,0,synthetic,near_null_effect
SYN-005206,treatment,1,1,0,synthetic,near_null_effect
SYN-005207,treatment,1,1,0,synthetic,near_null_effect
SYN-005208,control,1,1,0,synthetic,near_null_effect
SYN-005209,control,1,1,1,synthetic,near_null_effect
SYN-005210,control,1,1,0,synthetic,near_null_effect
SYN-005211,control,1,1,1,synthetic,near_null_effect
SYN-005212,treatment,1,1,0,synthetic,near_null_effect
SYN-005213,control,1,1,0,synthetic,near_null_effect
SYN-005214,control,1,1,0,synthetic,near_null_effect
SYN-005215,treatment,1,1,0,synthetic,near_null_effect
SYN-005216,control,1,1,0,synthetic,near_null_effect
SYN-005217,treatment,1,1,0,synthetic,near_null_effect
SYN-005218,control,1,1,0,synthetic,near_null_effect
SYN-005219,control,1,1,0,synthetic,near_null_effect
SYN-005220,control,1,1,0,synthetic,near_null_effect
SYN-005221,control,1,1,0,synthetic,near_null_effect
SYN-005222,control,1,1,0,synthetic,near_null_effect
SYN-005223,treatment,1,1,0,synthetic,near_null_effect
SYN-005224,control,1,1,0,synthetic,near_null_effect
SYN-005225,control,1,1,0,synthetic,near_null_effect
SYN-005226,control,1,1,0,synthetic,near_null_effect
SYN-005227,control,1,1,0,synthetic,near_null_effect
SYN-005228,treatment,1,1,0,synthetic,near_null_effect
SYN-005229,treatment,1,1,0,synthetic,near_null_effect
SYN-005230,control,1,1,0,synthetic,near_null_effect
SYN-005231,treatment,1,1,0,synthetic,near_null_effect
SYN-005232,control,1,1,0,synthetic,near_null_effect
SYN-005233,treatment,1,1,1,synthetic,near_null_effect
SYN-005234,control,1,1,0,synthetic,near_null_effect
SYN-005235,treatment,1,1,0,synthetic,near_null_effect
SYN-005236,control,1,1,0,synthetic,near_null_effect
SYN-005237,treatment,1,1,0,synthetic,near_null_effect
SYN-005238,control,1,1,0,synthetic,near_null_effect
SYN-005239,treatment,1,1,0,synthetic,near_null_effect
SYN-005240,treatment,1,1,0,synthetic,near_null_effect
SYN-005241,control,1,1,0,synthetic,near_null_effect
SYN-005242,treatment,1,1,0,synthetic,near_null_effect
SYN-005243,control,1,1,1,synthetic,near_null_effect
SYN-005244,treatment,1,1,0,synthetic,near_null_effect
SYN-005245,control,1,1,0,synthetic,near_null_effect
SYN-005246,treatment,1,1,0,synthetic,near_null_effect
SYN-005247,control,1,1,1,synthetic,near_null_effect
SYN-005248,control,1,1,0,synthetic,near_null_effect
SYN-005249,treatment,1,1,0,synthetic,near_null_effect
SYN-005250,treatment,1,1,1,synthetic,near_null_effect
SYN-005251,treatment,1,1,1,synthetic,near_null_effect
SYN-005252,treatment,1,1,1,synthetic,near_null_effect
SYN-005253,treatment,1,1,0,synthetic,near_null_effect
SYN-005254,treatment,1,1,1,synthetic,near_null_effect
SYN-005255,control,1,1,1,synthetic,near_null_effect
SYN-005256,treatment,1,1,0,synthetic,near_null_effect
SYN-005257,treatment,1,1,0,synthetic,near_null_effect
SYN-005258,treatment,1,1,0,synthetic,near_null_effect
SYN-005259,treatment,1,1,0,synthetic,near_null_effect
SYN-005260,control,1,1,0,synthetic,near_null_effect
SYN-005261,control,1,1,0,synthetic,near_null_effect
SYN-005262,treatment,1,1,0,synthetic,near_null_effect
SYN-005263,control,1,1,0,synthetic,near_null_effect
SYN-005264,control,1,1,0,synthetic,near_null_effect
SYN-005265,treatment,1,1,0,synthetic,near_null_effect
SYN-005266,control,1,1,0,synthetic,near_null_effect
SYN-005267,control,1,1,1,synthetic,near_null_effect
SYN-005268,treatment,1,1,0,synthetic,near_null_effect
SYN-005269,treatment,1,1,0,synthetic,near_null_effect
SYN-005270,control,1,1,0,synthetic,near_null_effect
SYN-005271,treatment,1,1,0,synthetic,near_null_effect
SYN-005272,treatment,1,1,0,synthetic,near_null_effect
SYN-005273,control,1,1,0,synthetic,near_null_effect
SYN-005274,treatment,1,1,0,synthetic,near_null_effect
SYN-005275,treatment,1,1,1,synthetic,near_null_effect
SYN-005276,control,1,1,0,synthetic,near_null_effect
SYN-005277,control,1,1,0,synthetic,near_null_effect
SYN-005278,treatment,1,1,0,synthetic,near_null_effect
SYN-005279,control,1,1,0,synthetic,near_null_effect
SYN-005280,control,1,1,0,synthetic,near_null_effect
SYN-005281,treatment,1,1,0,synthetic,near_null_effect
SYN-005282,control,1,1,0,synthetic,near_null_effect
SYN-005283,treatment,1,1,0,synthetic,near_null_effect
SYN-005284,control,1,1,0,synthetic,near_null_effect
SYN-005285,treatment,1,1,1,synthetic,near_null_effect
SYN-005286,control,1,1,0,synthetic,near_null_effect
SYN-005287,control,1,1,0,synthetic,near_null_effect
SYN-005288,control,1,1,0,synthetic,near_null_effect
SYN-005289,treatment,1,1,0,synthetic,near_null_effect
SYN-005290,treatment,1,1,1,synthetic,near_null_effect
SYN-005291,control,1,1,0,synthetic,near_null_effect
SYN-005292,treatment,1,1,0,synthetic,near_null_effect
SYN-005293,treatment,1,1,0,synthetic,near_null_effect
SYN-005294,control,1,1,0,synthetic,near_null_effect
SYN-005295,control,1,1,0,synthetic,near_null_effect
SYN-005296,treatment,1,1,0,synthetic,near_null_effect
SYN-005297,control,1,1,0,synthetic,near_null_effect
SYN-005298,control,1,1,0,synthetic,near_null_effect
SYN-005299,treatment,1,1,0,synthetic,near_null_effect
SYN-005300,control,1,1,0,synthetic,near_null_effect
SYN-005301,treatment,1,1,0,synthetic,near_null_effect
SYN-005302,treatment,1,1,0,synthetic,near_null_effect
SYN-005303,treatment,1,1,0,synthetic,near_null_effect
SYN-005304,treatment,1,1,0,synthetic,near_null_effect
SYN-005305,control,1,1,0,synthetic,near_null_effect
SYN-005306,treatment,1,1,0,synthetic,near_null_effect
SYN-005307,treatment,1,1,0,synthetic,near_null_effect
SYN-005308,treatment,1,1,0,synthetic,near_null_effect
SYN-005309,control,1,1,0,synthetic,near_null_effect
SYN-005310,control,1,1,1,synthetic,near_null_effect
SYN-005311,treatment,1,1,0,synthetic,near_null_effect
SYN-005312,control,1,1,0,synthetic,near_null_effect
SYN-005313,control,1,1,0,synthetic,near_null_effect
SYN-005314,control,1,1,0,synthetic,near_null_effect
SYN-005315,control,1,1,0,synthetic,near_null_effect
SYN-005316,treatment,1,1,0,synthetic,near_null_effect
SYN-005317,treatment,1,1,0,synthetic,near_null_effect
SYN-005318,control,1,1,0,synthetic,near_null_effect
SYN-005319,control,1,1,0,synthetic,near_null_effect
SYN-005320,control,1,1,0,synthetic,near_null_effect
SYN-005321,control,1,1,0,synthetic,near_null_effect
SYN-005322,control,1,1,0,synthetic,near_null_effect
SYN-005323,control,1,1,0,synthetic,near_null_effect
SYN-005324,treatment,1,1,0,synthetic,near_null_effect
SYN-005325,treatment,1,1,0,synthetic,near_null_effect
SYN-005326,treatment,1,1,0,synthetic,near_null_effect
SYN-005327,treatment,1,1,0,synthetic,near_null_effect
SYN-005328,treatment,1,1,0,synthetic,near_null_effect
SYN-005329,treatment,1,1,0,synthetic,near_null_effect
SYN-005330,treatment,1,1,0,synthetic,near_null_effect
SYN-005331,treatment,1,1,0,synthetic,near_null_effect
SYN-005332,treatment,1,1,0,synthetic,near_null_effect
SYN-005333,treatment,1,1,0,synthetic,near_null_effect
SYN-005334,treatment,1,1,0,synthetic,near_null_effect
SYN-005335,treatment,1,1,0,synthetic,near_null_effect
SYN-005336,control,1,1,1,synthetic,near_null_effect
SYN-005337,treatment,1,1,0,synthetic,near_null_effect
SYN-005338,treatment,1,1,0,synthetic,near_null_effect
SYN-005339,control,1,1,0,synthetic,near_null_effect
SYN-005340,control,1,1,0,synthetic,near_null_effect
SYN-005341,treatment,1,1,0,synthetic,near_null_effect
SYN-005342,treatment,1,1,1,synthetic,near_null_effect
SYN-005343,control,1,1,0,synthetic,near_null_effect
SYN-005344,control,1,1,0,synthetic,near_null_effect
SYN-005345,treatment,1,1,0,synthetic,near_null_effect
SYN-005346,treatment,1,1,0,synthetic,near_null_effect
SYN-005347,control,1,1,0,synthetic,near_null_effect
SYN-005348,control,1,1,0,synthetic,near_null_effect
SYN-005349,control,1,1,1,synthetic,near_null_effect
SYN-005350,control,1,1,0,synthetic,near_null_effect
SYN-005351,control,1,1,1,synthetic,near_null_effect
SYN-005352,control,1,1,0,synthetic,near_null_effect
SYN-005353,control,1,1,0,synthetic,near_null_effect
SYN-005354,control,1,1,0,synthetic,near_null_effect
SYN-005355,control,1,1,0,synthetic,near_null_effect
SYN-005356,treatment,1,1,1,synthetic,near_null_effect
SYN-005357,treatment,1,1,0,synthetic,near_null_effect
SYN-005358,treatment,1,1,0,synthetic,near_null_effect
SYN-005359,control,1,1,0,synthetic,near_null_effect
SYN-005360,treatment,1,1,0,synthetic,near_null_effect
SYN-005361,control,1,1,0,synthetic,near_null_effect
SYN-005362,control,1,1,0,synthetic,near_null_effect
SYN-005363,control,1,1,0,synthetic,near_null_effect
SYN-005364,control,1,1,0,synthetic,near_null_effect
SYN-005365,control,1,1,0,synthetic,near_null_effect
SYN-005366,treatment,1,1,0,synthetic,near_null_effect
SYN-005367,treatment,1,1,0,synthetic,near_null_effect
SYN-005368,control,1,1,0,synthetic,near_null_effect
SYN-005369,control,1,1,0,synthetic,near_null_effect
SYN-005370,control,1,1,0,synthetic,near_null_effect
SYN-005371,control,1,1,0,synthetic,near_null_effect
SYN-005372,treatment,1,1,0,synthetic,near_null_effect
SYN-005373,treatment,1,1,0,synthetic,near_null_effect
SYN-005374,control,1,1,0,synthetic,near_null_effect
SYN-005375,treatment,1,1,0,synthetic,near_null_effect
SYN-005376,control,1,1,0,synthetic,near_null_effect
SYN-005377,treatment,1,1,0,synthetic,near_null_effect
SYN-005378,treatment,1,1,0,synthetic,near_null_effect
SYN-005379,control,1,1,0,synthetic,near_null_effect
SYN-005380,control,1,1,1,synthetic,near_null_effect
SYN-005381,control,1,1,0,synthetic,near_null_effect
SYN-005382,control,1,1,0,synthetic,near_null_effect
SYN-005383,control,1,1,0,synthetic,near_null_effect
SYN-005384,control,1,1,0,synthetic,near_null_effect
SYN-005385,treatment,1,1,1,synthetic,near_null_effect
SYN-005386,control,1,1,0,synthetic,near_null_effect
SYN-005387,control,1,1,0,synthetic,near_null_effect
SYN-005388,treatment,1,1,0,synthetic,near_null_effect
SYN-005389,control,1,1,0,synthetic,near_null_effect
SYN-005390,treatment,1,1,0,synthetic,near_null_effect
SYN-005391,control,1,1,1,synthetic,near_null_effect
SYN-005392,treatment,1,1,0,synthetic,near_null_effect
SYN-005393,treatment,1,1,0,synthetic,near_null_effect
SYN-005394,treatment,1,1,0,synthetic,near_null_effect
SYN-005395,control,1,1,1,synthetic,near_null_effect
SYN-005396,treatment,1,1,0,synthetic,near_null_effect
SYN-005397,treatment,1,1,0,synthetic,near_null_effect
SYN-005398,control,1,1,0,synthetic,near_null_effect
SYN-005399,control,1,1,0,synthetic,near_null_effect
SYN-005400,treatment,1,1,0,synthetic,near_null_effect
SYN-005401,control,1,1,0,synthetic,near_null_effect
SYN-005402,treatment,1,1,1,synthetic,near_null_effect
SYN-005403,treatment,1,1,0,synthetic,near_null_effect
SYN-005404,treatment,1,1,0,synthetic,near_null_effect
SYN-005405,control,1,1,0,synthetic,near_null_effect
SYN-005406,treatment,1,1,0,synthetic,near_null_effect
SYN-005407,treatment,1,1,0,synthetic,near_null_effect
SYN-005408,treatment,1,1,0,synthetic,near_null_effect
SYN-005409,control,1,1,0,synthetic,near_null_effect
SYN-005410,control,1,1,0,synthetic,near_null_effect
SYN-005411,control,1,1,0,synthetic,near_null_effect
SYN-005412,treatment,1,1,0,synthetic,near_null_effect
SYN-005413,treatment,1,1,0,synthetic,near_null_effect
SYN-005414,treatment,1,1,0,synthetic,near_null_effect
SYN-005415,treatment,1,1,0,synthetic,near_null_effect
SYN-005416,control,1,1,0,synthetic,near_null_effect
SYN-005417,control,1,1,0,synthetic,near_null_effect
SYN-005418,control,1,1,0,synthetic,near_null_effect
SYN-005419,control,1,1,0,synthetic,near_null_effect
SYN-005420,control,1,1,0,synthetic,near_null_effect
SYN-005421,treatment,1,1,0,synthetic,near_null_effect
SYN-005422,control,1,1,1,synthetic,near_null_effect
SYN-005423,treatment,1,1,0,synthetic,near_null_effect
SYN-005424,control,1,1,0,synthetic,near_null_effect
SYN-005425,treatment,1,1,0,synthetic,near_null_effect
SYN-005426,control,1,1,0,synthetic,near_null_effect
SYN-005427,treatment,1,1,0,synthetic,near_null_effect
SYN-005428,treatment,1,1,0,synthetic,near_null_effect
SYN-005429,treatment,1,1,0,synthetic,near_null_effect
SYN-005430,treatment,1,1,0,synthetic,near_null_effect
SYN-005431,treatment,1,1,1,synthetic,near_null_effect
SYN-005432,treatment,1,1,0,synthetic,near_null_effect
SYN-005433,treatment,1,1,0,synthetic,near_null_effect
SYN-005434,control,1,1,0,synthetic,near_null_effect
SYN-005435,treatment,1,1,0,synthetic,near_null_effect
SYN-005436,control,1,1,0,synthetic,near_null_effect
SYN-005437,control,1,1,0,synthetic,near_null_effect
SYN-005438,treatment,1,1,0,synthetic,near_null_effect
SYN-005439,control,1,1,1,synthetic,near_null_effect
SYN-005440,control,1,1,0,synthetic,near_null_effect
SYN-005441,control,1,1,0,synthetic,near_null_effect
SYN-005442,treatment,1,1,1,synthetic,near_null_effect
SYN-005443,treatment,1,1,0,synthetic,near_null_effect
SYN-005444,control,1,1,0,synthetic,near_null_effect
SYN-005445,control,1,1,0,synthetic,near_null_effect
SYN-005446,treatment,1,1,0,synthetic,near_null_effect
SYN-005447,treatment,1,1,0,synthetic,near_null_effect
SYN-005448,control,1,1,0,synthetic,near_null_effect
SYN-005449,treatment,1,1,0,synthetic,near_null_effect
SYN-005450,control,1,1,0,synthetic,near_null_effect
SYN-005451,control,1,1,1,synthetic,near_null_effect
SYN-005452,treatment,1,1,0,synthetic,near_null_effect
SYN-005453,treatment,1,1,0,synthetic,near_null_effect
SYN-005454,treatment,1,1,0,synthetic,near_null_effect
SYN-005455,control,1,1,0,synthetic,near_null_effect
SYN-005456,treatment,1,1,1,synthetic,near_null_effect
SYN-005457,treatment,1,1,1,synthetic,near_null_effect
SYN-005458,treatment,1,1,0,synthetic,near_null_effect
SYN-005459,treatment,1,1,1,synthetic,near_null_effect
SYN-005460,control,1,1,0,synthetic,near_null_effect
SYN-005461,treatment,1,1,0,synthetic,near_null_effect
SYN-005462,control,1,1,0,synthetic,near_null_effect
SYN-005463,treatment,1,1,0,synthetic,near_null_effect
SYN-005464,control,1,1,1,synthetic,near_null_effect
SYN-005465,control,1,1,1,synthetic,near_null_effect
SYN-005466,treatment,1,1,0,synthetic,near_null_effect
SYN-005467,control,1,1,0,synthetic,near_null_effect
SYN-005468,control,1,1,0,synthetic,near_null_effect
SYN-005469,treatment,1,1,0,synthetic,near_null_effect
SYN-005470,control,1,1,0,synthetic,near_null_effect
SYN-005471,treatment,1,1,0,synthetic,near_null_effect
SYN-005472,treatment,1,1,0,synthetic,near_null_effect
SYN-005473,treatment,1,1,0,synthetic,near_null_effect
SYN-005474,control,1,1,0,synthetic,near_null_effect
SYN-005475,treatment,1,1,0,synthetic,near_null_effect
SYN-005476,control,1,1,0,synthetic,near_null_effect
SYN-005477,treatment,1,1,0,synthetic,near_null_effect
SYN-005478,control,1,1,0,synthetic,near_null_effect
SYN-005479,control,1,1,0,synthetic,near_null_effect
SYN-005480,control,1,1,0,synthetic,near_null_effect
SYN-005481,control,1,1,0,synthetic,near_null_effect
SYN-005482,treatment,1,1,0,synthetic,near_null_effect
SYN-005483,control,1,1,0,synthetic,near_null_effect
SYN-005484,treatment,1,1,0,synthetic,near_null_effect
SYN-005485,control,1,1,1,synthetic,near_null_effect
SYN-005486,treatment,1,1,0,synthetic,near_null_effect
SYN-005487,control,1,1,0,synthetic,near_null_effect
SYN-005488,treatment,1,1,0,synthetic,near_null_effect
SYN-005489,treatment,1,1,0,synthetic,near_null_effect
SYN-005490,control,1,1,0,synthetic,near_null_effect
SYN-005491,treatment,1,1,1,synthetic,near_null_effect
SYN-005492,control,1,1,0,synthetic,near_null_effect
SYN-005493,treatment,1,1,0,synthetic,near_null_effect
SYN-005494,control,1,1,0,synthetic,near_null_effect
SYN-005495,treatment,1,1,0,synthetic,near_null_effect
SYN-005496,treatment,1,1,0,synthetic,near_null_effect
SYN-005497,treatment,1,1,1,synthetic,near_null_effect
SYN-005498,control,1,1,0,synthetic,near_null_effect
SYN-005499,treatment,1,1,0,synthetic,near_null_effect
SYN-005500,control,1,1,0,synthetic,near_null_effect
SYN-005501,treatment,1,1,0,synthetic,near_null_effect
SYN-005502,control,1,1,0,synthetic,near_null_effect
SYN-005503,treatment,1,1,0,synthetic,near_null_effect
SYN-005504,control,1,1,1,synthetic,near_null_effect
SYN-005505,treatment,1,1,0,synthetic,near_null_effect
SYN-005506,control,1,1,0,synthetic,near_null_effect
SYN-005507,treatment,1,1,0,synthetic,near_null_effect
SYN-005508,control,1,1,0,synthetic,near_null_effect
SYN-005509,control,1,1,0,synthetic,near_null_effect
SYN-005510,treatment,1,1,0,synthetic,near_null_effect
SYN-005511,control,1,1,0,synthetic,near_null_effect
SYN-005512,treatment,1,1,0,synthetic,near_null_effect
SYN-005513,control,1,1,0,synthetic,near_null_effect
SYN-005514,treatment,1,1,0,synthetic,near_null_effect
SYN-005515,control,1,1,0,synthetic,near_null_effect
SYN-005516,treatment,1,1,0,synthetic,near_null_effect
SYN-005517,treatment,1,1,0,synthetic,near_null_effect
SYN-005518,treatment,1,1,0,synthetic,near_null_effect
SYN-005519,treatment,1,1,0,synthetic,near_null_effect
SYN-005520,control,1,1,0,synthetic,near_null_effect
SYN-005521,control,1,1,0,synthetic,near_null_effect
SYN-005522,treatment,1,1,0,synthetic,near_null_effect
SYN-005523,control,1,1,0,synthetic,near_null_effect
SYN-005524,control,1,1,0,synthetic,near_null_effect
SYN-005525,control,1,1,0,synthetic,near_null_effect
SYN-005526,treatment,1,1,0,synthetic,near_null_effect
SYN-005527,treatment,1,1,0,synthetic,near_null_effect
SYN-005528,control,1,1,1,synthetic,near_null_effect
SYN-005529,control,1,1,0,synthetic,near_null_effect
SYN-005530,control,1,1,1,synthetic,near_null_effect
SYN-005531,control,1,1,0,synthetic,near_null_effect
SYN-005532,control,1,1,0,synthetic,near_null_effect
SYN-005533,treatment,1,1,0,synthetic,near_null_effect
SYN-005534,treatment,1,1,0,synthetic,near_null_effect
SYN-005535,treatment,1,1,0,synthetic,near_null_effect
SYN-005536,treatment,1,1,0,synthetic,near_null_effect
SYN-005537,control,1,1,0,synthetic,near_null_effect
SYN-005538,control,1,1,0,synthetic,near_null_effect
SYN-005539,control,1,1,0,synthetic,near_null_effect
SYN-005540,treatment,1,1,0,synthetic,near_null_effect
SYN-005541,control,1,1,0,synthetic,near_null_effect
SYN-005542,treatment,1,1,0,synthetic,near_null_effect
SYN-005543,treatment,1,1,1,synthetic,near_null_effect
SYN-005544,control,1,1,0,synthetic,near_null_effect
SYN-005545,control,1,1,0,synthetic,near_null_effect
SYN-005546,control,1,1,0,synthetic,near_null_effect
SYN-005547,control,1,1,0,synthetic,near_null_effect
SYN-005548,treatment,1,1,0,synthetic,near_null_effect
SYN-005549,control,1,1,0,synthetic,near_null_effect
SYN-005550,control,1,1,0,synthetic,near_null_effect
SYN-005551,control,1,1,0,synthetic,near_null_effect
SYN-005552,treatment,1,1,0,synthetic,near_null_effect
SYN-005553,control,1,1,0,synthetic,near_null_effect
SYN-005554,control,1,1,0,synthetic,near_null_effect
SYN-005555,control,1,1,1,synthetic,near_null_effect
SYN-005556,treatment,1,1,0,synthetic,near_null_effect
SYN-005557,treatment,1,1,0,synthetic,near_null_effect
SYN-005558,treatment,1,1,0,synthetic,near_null_effect
SYN-005559,treatment,1,1,0,synthetic,near_null_effect
SYN-005560,treatment,1,1,0,synthetic,near_null_effect
SYN-005561,control,1,1,0,synthetic,near_null_effect
SYN-005562,treatment,1,1,0,synthetic,near_null_effect
SYN-005563,control,1,1,0,synthetic,near_null_effect
SYN-005564,treatment,1,1,0,synthetic,near_null_effect
SYN-005565,treatment,1,1,0,synthetic,near_null_effect
SYN-005566,control,1,1,0,synthetic,near_null_effect
SYN-005567,control,1,1,0,synthetic,near_null_effect
SYN-005568,treatment,1,1,0,synthetic,near_null_effect
SYN-005569,control,1,1,0,synthetic,near_null_effect
SYN-005570,treatment,1,1,0,synthetic,near_null_effect
SYN-005571,treatment,1,1,0,synthetic,near_null_effect
SYN-005572,treatment,1,1,0,synthetic,near_null_effect
SYN-005573,control,1,1,0,synthetic,near_null_effect
SYN-005574,treatment,1,1,0,synthetic,near_null_effect
SYN-005575,control,1,1,0,synthetic,near_null_effect
SYN-005576,treatment,1,1,0,synthetic,near_null_effect
SYN-005577,control,1,1,0,synthetic,near_null_effect
SYN-005578,treatment,1,1,0,synthetic,near_null_effect
SYN-005579,treatment,1,1,0,synthetic,near_null_effect
SYN-005580,control,1,1,0,synthetic,near_null_effect
SYN-005581,treatment,1,1,0,synthetic,near_null_effect
SYN-005582,treatment,1,1,1,synthetic,near_null_effect
SYN-005583,treatment,1,1,0,synthetic,near_null_effect
SYN-005584,treatment,1,1,0,synthetic,near_null_effect
SYN-005585,treatment,1,1,0,synthetic,near_null_effect
SYN-005586,control,1,1,0,synthetic,near_null_effect
SYN-005587,control,1,1,1,synthetic,near_null_effect
SYN-005588,control,1,1,0,synthetic,near_null_effect
SYN-005589,treatment,1,1,0,synthetic,near_null_effect
SYN-005590,treatment,1,1,0,synthetic,near_null_effect
SYN-005591,control,1,1,0,synthetic,near_null_effect
SYN-005592,control,1,1,0,synthetic,near_null_effect
SYN-005593,control,1,1,1,synthetic,near_null_effect
SYN-005594,control,1,1,0,synthetic,near_null_effect
SYN-005595,control,1,1,0,synthetic,near_null_effect
SYN-005596,treatment,1,1,0,synthetic,near_null_effect
SYN-005597,treatment,1,1,0,synthetic,near_null_effect
SYN-005598,treatment,1,1,0,synthetic,near_null_effect
SYN-005599,treatment,1,1,0,synthetic,near_null_effect
SYN-005600,treatment,1,1,0,synthetic,near_null_effect
SYN-005601,treatment,1,1,0,synthetic,near_null_effect
SYN-005602,control,1,1,0,synthetic,near_null_effect
SYN-005603,control,1,1,0,synthetic,near_null_effect
SYN-005604,treatment,1,1,0,synthetic,near_null_effect
SYN-005605,treatment,1,1,0,synthetic,near_null_effect
SYN-005606,control,1,1,0,synthetic,near_null_effect
SYN-005607,treatment,1,1,0,synthetic,near_null_effect
SYN-005608,treatment,1,1,0,synthetic,near_null_effect
SYN-005609,treatment,1,1,0,synthetic,near_null_effect
SYN-005610,control,1,1,1,synthetic,near_null_effect
SYN-005611,treatment,1,1,0,synthetic,near_null_effect
SYN-005612,treatment,1,1,0,synthetic,near_null_effect
SYN-005613,treatment,1,1,0,synthetic,near_null_effect
SYN-005614,control,1,1,0,synthetic,near_null_effect
SYN-005615,control,1,1,0,synthetic,near_null_effect
SYN-005616,control,1,1,0,synthetic,near_null_effect
SYN-005617,treatment,1,1,0,synthetic,near_null_effect
SYN-005618,control,1,1,0,synthetic,near_null_effect
SYN-005619,treatment,1,1,0,synthetic,near_null_effect
SYN-005620,control,1,1,0,synthetic,near_null_effect
SYN-005621,treatment,1,1,0,synthetic,near_null_effect
SYN-005622,treatment,1,1,0,synthetic,near_null_effect
SYN-005623,control,1,1,0,synthetic,near_null_effect
SYN-005624,control,1,1,1,synthetic,near_null_effect
SYN-005625,treatment,1,1,0,synthetic,near_null_effect
SYN-005626,control,1,1,0,synthetic,near_null_effect
SYN-005627,control,1,1,0,synthetic,near_null_effect
SYN-005628,treatment,1,1,0,synthetic,near_null_effect
SYN-005629,treatment,1,1,0,synthetic,near_null_effect
SYN-005630,control,1,1,0,synthetic,near_null_effect
SYN-005631,treatment,1,1,0,synthetic,near_null_effect
SYN-005632,control,1,1,1,synthetic,near_null_effect
SYN-005633,treatment,1,1,1,synthetic,near_null_effect
SYN-005634,treatment,1,1,0,synthetic,near_null_effect
SYN-005635,treatment,1,1,0,synthetic,near_null_effect
SYN-005636,treatment,1,1,0,synthetic,near_null_effect
SYN-005637,treatment,1,1,0,synthetic,near_null_effect
SYN-005638,control,1,1,0,synthetic,near_null_effect
SYN-005639,treatment,1,1,0,synthetic,near_null_effect
SYN-005640,control,1,1,0,synthetic,near_null_effect
SYN-005641,treatment,1,1,0,synthetic,near_null_effect
SYN-005642,treatment,1,1,0,synthetic,near_null_effect
SYN-005643,control,1,1,0,synthetic,near_null_effect
SYN-005644,treatment,1,1,0,synthetic,near_null_effect
SYN-005645,control,1,1,1,synthetic,near_null_effect
SYN-005646,control,1,1,0,synthetic,near_null_effect
SYN-005647,treatment,1,1,1,synthetic,near_null_effect
SYN-005648,treatment,1,1,0,synthetic,near_null_effect
SYN-005649,treatment,1,1,0,synthetic,near_null_effect
SYN-005650,treatment,1,1,0,synthetic,near_null_effect
SYN-005651,control,1,1,0,synthetic,near_null_effect
SYN-005652,control,1,1,0,synthetic,near_null_effect
SYN-005653,treatment,1,1,0,synthetic,near_null_effect
SYN-005654,treatment,1,1,0,synthetic,near_null_effect
SYN-005655,control,1,1,0,synthetic,near_null_effect
SYN-005656,control,1,1,0,synthetic,near_null_effect
SYN-005657,control,1,1,0,synthetic,near_null_effect
SYN-005658,treatment,1,1,0,synthetic,near_null_effect
SYN-005659,control,1,1,0,synthetic,near_null_effect
SYN-005660,treatment,1,1,0,synthetic,near_null_effect
SYN-005661,treatment,1,1,0,synthetic,near_null_effect
SYN-005662,control,1,1,0,synthetic,near_null_effect
SYN-005663,control,1,1,0,synthetic,near_null_effect
SYN-005664,control,1,1,0,synthetic,near_null_effect
SYN-005665,treatment,1,1,0,synthetic,near_null_effect
SYN-005666,control,1,1,0,synthetic,near_null_effect
SYN-005667,treatment,1,1,0,synthetic,near_null_effect
SYN-005668,control,1,1,1,synthetic,near_null_effect
SYN-005669,treatment,1,1,0,synthetic,near_null_effect
SYN-005670,control,1,1,0,synthetic,near_null_effect
SYN-005671,treatment,1,1,0,synthetic,near_null_effect
SYN-005672,treatment,1,1,0,synthetic,near_null_effect
SYN-005673,treatment,1,1,0,synthetic,near_null_effect
SYN-005674,control,1,1,0,synthetic,near_null_effect
SYN-005675,treatment,1,1,0,synthetic,near_null_effect
SYN-005676,control,1,1,1,synthetic,near_null_effect
SYN-005677,control,1,1,0,synthetic,near_null_effect
SYN-005678,treatment,1,1,0,synthetic,near_null_effect
SYN-005679,control,1,1,0,synthetic,near_null_effect
SYN-005680,control,1,1,0,synthetic,near_null_effect
SYN-005681,treatment,1,1,0,synthetic,near_null_effect
SYN-005682,treatment,1,1,0,synthetic,near_null_effect
SYN-005683,control,1,1,0,synthetic,near_null_effect
SYN-005684,control,1,1,0,synthetic,near_null_effect
SYN-005685,treatment,1,1,0,synthetic,near_null_effect
SYN-005686,treatment,1,1,0,synthetic,near_null_effect
SYN-005687,control,1,1,0,synthetic,near_null_effect
SYN-005688,treatment,1,1,0,synthetic,near_null_effect
SYN-005689,treatment,1,1,0,synthetic,near_null_effect
SYN-005690,control,1,1,0,synthetic,near_null_effect
SYN-005691,treatment,1,1,1,synthetic,near_null_effect
SYN-005692,control,1,1,1,synthetic,near_null_effect
SYN-005693,control,1,1,0,synthetic,near_null_effect
SYN-005694,control,1,1,1,synthetic,near_null_effect
SYN-005695,control,1,1,0,synthetic,near_null_effect
SYN-005696,treatment,1,1,0,synthetic,near_null_effect
SYN-005697,treatment,1,1,0,synthetic,near_null_effect
SYN-005698,control,1,1,0,synthetic,near_null_effect
SYN-005699,treatment,1,1,0,synthetic,near_null_effect
SYN-005700,treatment,1,1,0,synthetic,near_null_effect
SYN-005701,treatment,1,1,0,synthetic,near_null_effect
SYN-005702,treatment,1,1,0,synthetic,near_null_effect
SYN-005703,treatment,1,1,0,synthetic,near_null_effect
SYN-005704,control,1,1,0,synthetic,near_null_effect
SYN-005705,control,1,1,0,synthetic,near_null_effect
SYN-005706,treatment,1,1,0,synthetic,near_null_effect
SYN-005707,treatment,1,1,0,synthetic,near_null_effect
SYN-005708,control,1,1,0,synthetic,near_null_effect
SYN-005709,treatment,1,1,0,synthetic,near_null_effect
SYN-005710,treatment,1,1,0,synthetic,near_null_effect
SYN-005711,treatment,1,1,0,synthetic,near_null_effect
SYN-005712,treatment,1,1,0,synthetic,near_null_effect
SYN-005713,treatment,1,1,0,synthetic,near_null_effect
SYN-005714,treatment,1,1,0,synthetic,near_null_effect
SYN-005715,treatment,1,1,0,synthetic,near_null_effect
SYN-005716,treatment,1,1,0,synthetic,near_null_effect
SYN-005717,treatment,1,1,1,synthetic,near_null_effect
SYN-005718,treatment,1,1,0,synthetic,near_null_effect
SYN-005719,control,1,1,0,synthetic,near_null_effect
SYN-005720,treatment,1,1,0,synthetic,near_null_effect
SYN-005721,control,1,1,0,synthetic,near_null_effect
SYN-005722,treatment,1,1,0,synthetic,near_null_effect
SYN-005723,control,1,1,0,synthetic,near_null_effect
SYN-005724,treatment,1,1,0,synthetic,near_null_effect
SYN-005725,treatment,1,1,0,synthetic,near_null_effect
SYN-005726,treatment,1,1,0,synthetic,near_null_effect
SYN-005727,control,1,1,0,synthetic,near_null_effect
SYN-005728,treatment,1,1,0,synthetic,near_null_effect
SYN-005729,treatment,1,1,0,synthetic,near_null_effect
SYN-005730,control,1,1,0,synthetic,near_null_effect
SYN-005731,control,1,1,0,synthetic,near_null_effect
SYN-005732,control,1,1,0,synthetic,near_null_effect
SYN-005733,treatment,1,1,0,synthetic,near_null_effect
SYN-005734,control,1,1,0,synthetic,near_null_effect
SYN-005735,control,1,1,0,synthetic,near_null_effect
SYN-005736,treatment,1,1,0,synthetic,near_null_effect
SYN-005737,treatment,1,1,0,synthetic,near_null_effect
SYN-005738,treatment,1,1,0,synthetic,near_null_effect
SYN-005739,treatment,1,1,0,synthetic,near_null_effect
SYN-005740,treatment,1,1,1,synthetic,near_null_effect
SYN-005741,treatment,1,1,0,synthetic,near_null_effect
SYN-005742,treatment,1,1,0,synthetic,near_null_effect
SYN-005743,treatment,1,1,1,synthetic,near_null_effect
SYN-005744,control,1,1,0,synthetic,near_null_effect
SYN-005745,control,1,1,0,synthetic,near_null_effect
SYN-005746,treatment,1,1,0,synthetic,near_null_effect
SYN-005747,treatment,1,1,0,synthetic,near_null_effect
SYN-005748,control,1,1,0,synthetic,near_null_effect
SYN-005749,control,1,1,0,synthetic,near_null_effect
SYN-005750,control,1,1,0,synthetic,near_null_effect
SYN-005751,control,1,1,0,synthetic,near_null_effect
SYN-005752,control,1,1,0,synthetic,near_null_effect
SYN-005753,treatment,1,1,0,synthetic,near_null_effect
SYN-005754,treatment,1,1,0,synthetic,near_null_effect
SYN-005755,control,1,1,0,synthetic,near_null_effect
SYN-005756,control,1,1,0,synthetic,near_null_effect
SYN-005757,control,1,1,0,synthetic,near_null_effect
SYN-005758,treatment,1,1,0,synthetic,near_null_effect
SYN-005759,treatment,1,1,1,synthetic,near_null_effect
SYN-005760,control,1,1,1,synthetic,near_null_effect
SYN-005761,control,1,1,0,synthetic,near_null_effect
SYN-005762,treatment,1,1,0,synthetic,near_null_effect
SYN-005763,control,1,1,0,synthetic,near_null_effect
SYN-005764,treatment,1,1,0,synthetic,near_null_effect
SYN-005765,treatment,1,1,0,synthetic,near_null_effect
SYN-005766,control,1,1,0,synthetic,near_null_effect
SYN-005767,control,1,1,0,synthetic,near_null_effect
SYN-005768,control,1,1,1,synthetic,near_null_effect
SYN-005769,control,1,1,0,synthetic,near_null_effect
SYN-005770,control,1,1,0,synthetic,near_null_effect
SYN-005771,control,1,1,0,synthetic,near_null_effect
SYN-005772,treatment,1,1,0,synthetic,near_null_effect
SYN-005773,treatment,1,1,0,synthetic,near_null_effect
SYN-005774,control,1,1,0,synthetic,near_null_effect
SYN-005775,treatment,1,1,0,synthetic,near_null_effect
SYN-005776,control,1,1,0,synthetic,near_null_effect
SYN-005777,treatment,1,1,0,synthetic,near_null_effect
SYN-005778,control,1,1,0,synthetic,near_null_effect
SYN-005779,control,1,1,0,synthetic,near_null_effect
SYN-005780,treatment,1,1,0,synthetic,near_null_effect
SYN-005781,treatment,1,1,0,synthetic,near_null_effect
SYN-005782,control,1,1,0,synthetic,near_null_effect
SYN-005783,treatment,1,1,0,synthetic,near_null_effect
SYN-005784,treatment,1,1,0,synthetic,near_null_effect
SYN-005785,control,1,1,0,synthetic,near_null_effect
SYN-005786,treatment,1,1,0,synthetic,near_null_effect
SYN-005787,control,1,1,0,synthetic,near_null_effect
SYN-005788,treatment,1,1,0,synthetic,near_null_effect
SYN-005789,treatment,1,1,0,synthetic,near_null_effect
SYN-005790,treatment,1,1,0,synthetic,near_null_effect
SYN-005791,treatment,1,1,1,synthetic,near_null_effect
SYN-005792,control,1,1,0,synthetic,near_null_effect
SYN-005793,control,1,1,1,synthetic,near_null_effect
SYN-005794,treatment,1,1,0,synthetic,near_null_effect
SYN-005795,control,1,1,0,synthetic,near_null_effect
SYN-005796,control,1,1,0,synthetic,near_null_effect
SYN-005797,control,1,1,0,synthetic,near_null_effect
SYN-005798,treatment,1,1,0,synthetic,near_null_effect
SYN-005799,treatment,1,1,0,synthetic,near_null_effect
SYN-005800,treatment,1,1,0,synthetic,near_null_effect
SYN-005801,control,1,1,0,synthetic,near_null_effect
SYN-005802,control,1,1,0,synthetic,near_null_effect
SYN-005803,control,1,1,1,synthetic,near_null_effect
SYN-005804,treatment,1,1,0,synthetic,near_null_effect
SYN-005805,control,1,1,0,synthetic,near_null_effect
SYN-005806,treatment,1,1,0,synthetic,near_null_effect
SYN-005807,treatment,1,1,0,synthetic,near_null_effect
SYN-005808,control,1,1,1,synthetic,near_null_effect
SYN-005809,control,1,1,0,synthetic,near_null_effect
SYN-005810,control,1,1,0,synthetic,near_null_effect
SYN-005811,control,1,1,0,synthetic,near_null_effect
SYN-005812,control,1,1,0,synthetic,near_null_effect
SYN-005813,control,1,1,0,synthetic,near_null_effect
SYN-005814,treatment,1,1,0,synthetic,near_null_effect
SYN-005815,treatment,1,1,0,synthetic,near_null_effect
SYN-005816,treatment,1,1,1,synthetic,near_null_effect
SYN-005817,treatment,1,1,0,synthetic,near_null_effect
SYN-005818,treatment,1,1,0,synthetic,near_null_effect
SYN-005819,control,1,1,0,synthetic,near_null_effect
SYN-005820,control,1,1,0,synthetic,near_null_effect
SYN-005821,treatment,1,1,0,synthetic,near_null_effect
SYN-005822,control,1,1,0,synthetic,near_null_effect
SYN-005823,treatment,1,1,0,synthetic,near_null_effect
SYN-005824,control,1,1,0,synthetic,near_null_effect
SYN-005825,control,1,1,1,synthetic,near_null_effect
SYN-005826,treatment,1,1,0,synthetic,near_null_effect
SYN-005827,treatment,1,1,0,synthetic,near_null_effect
SYN-005828,treatment,1,1,0,synthetic,near_null_effect
SYN-005829,treatment,1,1,0,synthetic,near_null_effect
SYN-005830,treatment,1,1,0,synthetic,near_null_effect
SYN-005831,treatment,1,1,0,synthetic,near_null_effect
SYN-005832,control,1,1,1,synthetic,near_null_effect
SYN-005833,treatment,1,1,0,synthetic,near_null_effect
SYN-005834,control,1,1,0,synthetic,near_null_effect
SYN-005835,treatment,1,1,0,synthetic,near_null_effect
SYN-005836,treatment,1,1,0,synthetic,near_null_effect
SYN-005837,treatment,1,1,0,synthetic,near_null_effect
SYN-005838,treatment,1,1,0,synthetic,near_null_effect
SYN-005839,treatment,1,1,0,synthetic,near_null_effect
SYN-005840,treatment,1,1,0,synthetic,near_null_effect
SYN-005841,control,1,1,0,synthetic,near_null_effect
SYN-005842,treatment,1,1,0,synthetic,near_null_effect
SYN-005843,treatment,1,1,0,synthetic,near_null_effect
SYN-005844,control,1,1,1,synthetic,near_null_effect
SYN-005845,control,1,1,0,synthetic,near_null_effect
SYN-005846,treatment,1,1,0,synthetic,near_null_effect
SYN-005847,control,1,1,0,synthetic,near_null_effect
SYN-005848,control,1,1,0,synthetic,near_null_effect
SYN-005849,control,1,1,0,synthetic,near_null_effect
SYN-005850,control,1,1,0,synthetic,near_null_effect
SYN-005851,treatment,1,1,0,synthetic,near_null_effect
SYN-005852,control,1,1,0,synthetic,near_null_effect
SYN-005853,treatment,1,1,0,synthetic,near_null_effect
SYN-005854,treatment,1,1,0,synthetic,near_null_effect
SYN-005855,control,1,1,0,synthetic,near_null_effect
SYN-005856,control,1,1,0,synthetic,near_null_effect
SYN-005857,treatment,1,1,0,synthetic,near_null_effect
SYN-005858,treatment,1,1,1,synthetic,near_null_effect
SYN-005859,treatment,1,1,0,synthetic,near_null_effect
SYN-005860,treatment,1,1,0,synthetic,near_null_effect
SYN-005861,control,1,1,0,synthetic,near_null_effect
SYN-005862,control,1,1,0,synthetic,near_null_effect
SYN-005863,treatment,1,1,0,synthetic,near_null_effect
SYN-005864,control,1,1,0,synthetic,near_null_effect
SYN-005865,treatment,1,1,1,synthetic,near_null_effect
SYN-005866,treatment,1,1,0,synthetic,near_null_effect
SYN-005867,treatment,1,1,0,synthetic,near_null_effect
SYN-005868,treatment,1,1,0,synthetic,near_null_effect
SYN-005869,treatment,1,1,0,synthetic,near_null_effect
SYN-005870,control,1,1,0,synthetic,near_null_effect
SYN-005871,control,1,1,0,synthetic,near_null_effect
SYN-005872,treatment,1,1,0,synthetic,near_null_effect
SYN-005873,treatment,1,1,0,synthetic,near_null_effect
SYN-005874,control,1,1,0,synthetic,near_null_effect
SYN-005875,control,1,1,1,synthetic,near_null_effect
SYN-005876,treatment,1,1,0,synthetic,near_null_effect
SYN-005877,control,1,1,1,synthetic,near_null_effect
SYN-005878,treatment,1,1,0,synthetic,near_null_effect
SYN-005879,treatment,1,1,1,synthetic,near_null_effect
SYN-005880,treatment,1,1,0,synthetic,near_null_effect
SYN-005881,treatment,1,1,0,synthetic,near_null_effect
SYN-005882,control,1,1,0,synthetic,near_null_effect
SYN-005883,control,1,1,0,synthetic,near_null_effect
SYN-005884,treatment,1,1,0,synthetic,near_null_effect
SYN-005885,control,1,1,0,synthetic,near_null_effect
SYN-005886,control,1,1,0,synthetic,near_null_effect
SYN-005887,treatment,1,1,1,synthetic,near_null_effect
SYN-005888,control,1,1,0,synthetic,near_null_effect
SYN-005889,treatment,1,1,0,synthetic,near_null_effect
SYN-005890,treatment,1,1,0,synthetic,near_null_effect
SYN-005891,treatment,1,1,0,synthetic,near_null_effect
SYN-005892,treatment,1,1,0,synthetic,near_null_effect
SYN-005893,control,1,1,0,synthetic,near_null_effect
SYN-005894,control,1,1,1,synthetic,near_null_effect
SYN-005895,control,1,1,0,synthetic,near_null_effect
SYN-005896,treatment,1,1,1,synthetic,near_null_effect
SYN-005897,treatment,1,1,0,synthetic,near_null_effect
SYN-005898,control,1,1,0,synthetic,near_null_effect
SYN-005899,control,1,1,0,synthetic,near_null_effect
SYN-005900,treatment,1,1,0,synthetic,near_null_effect
SYN-005901,control,1,1,1,synthetic,near_null_effect
SYN-005902,control,1,1,0,synthetic,near_null_effect
SYN-005903,treatment,1,1,0,synthetic,near_null_effect
SYN-005904,treatment,1,1,0,synthetic,near_null_effect
SYN-005905,control,1,1,0,synthetic,near_null_effect
SYN-005906,control,1,1,0,synthetic,near_null_effect
SYN-005907,treatment,1,1,0,synthetic,near_null_effect
SYN-005908,control,1,1,0,synthetic,near_null_effect
SYN-005909,control,1,1,0,synthetic,near_null_effect
SYN-005910,control,1,1,0,synthetic,near_null_effect
SYN-005911,treatment,1,1,0,synthetic,near_null_effect
SYN-005912,treatment,1,1,0,synthetic,near_null_effect
SYN-005913,treatment,1,1,0,synthetic,near_null_effect
SYN-005914,control,1,1,0,synthetic,near_null_effect
SYN-005915,control,1,1,1,synthetic,near_null_effect
SYN-005916,control,1,1,0,synthetic,near_null_effect
SYN-005917,control,1,1,0,synthetic,near_null_effect
SYN-005918,treatment,1,1,0,synthetic,near_null_effect
SYN-005919,control,1,1,0,synthetic,near_null_effect
SYN-005920,treatment,1,1,0,synthetic,near_null_effect
SYN-005921,control,1,1,0,synthetic,near_null_effect
SYN-005922,treatment,1,1,0,synthetic,near_null_effect
SYN-005923,control,1,1,0,synthetic,near_null_effect
SYN-005924,control,1,1,0,synthetic,near_null_effect
SYN-005925,control,1,1,0,synthetic,near_null_effect
SYN-005926,treatment,1,1,1,synthetic,near_null_effect
SYN-005927,control,1,1,0,synthetic,near_null_effect
SYN-005928,treatment,1,1,0,synthetic,near_null_effect
SYN-005929,control,1,1,0,synthetic,near_null_effect
SYN-005930,treatment,1,1,0,synthetic,near_null_effect
SYN-005931,control,1,1,0,synthetic,near_null_effect
SYN-005932,treatment,1,1,0,synthetic,near_null_effect
SYN-005933,treatment,1,1,0,synthetic,near_null_effect
SYN-005934,treatment,1,1,0,synthetic,near_null_effect
SYN-005935,treatment,1,1,0,synthetic,near_null_effect
SYN-005936,control,1,1,1,synthetic,near_null_effect
SYN-005937,treatment,1,1,0,synthetic,near_null_effect
SYN-005938,control,1,1,0,synthetic,near_null_effect
SYN-005939,control,1,1,1,synthetic,near_null_effect
SYN-005940,treatment,1,1,0,synthetic,near_null_effect
SYN-005941,control,1,1,0,synthetic,near_null_effect
SYN-005942,control,1,1,0,synthetic,near_null_effect
SYN-005943,control,1,1,0,synthetic,near_null_effect
SYN-005944,treatment,1,1,0,synthetic,near_null_effect
SYN-005945,control,1,1,0,synthetic,near_null_effect
SYN-005946,control,1,1,1,synthetic,near_null_effect
SYN-005947,treatment,1,1,0,synthetic,near_null_effect
SYN-005948,control,1,1,0,synthetic,near_null_effect
SYN-005949,control,1,1,0,synthetic,near_null_effect
SYN-005950,treatment,1,1,0,synthetic,near_null_effect
SYN-005951,treatment,1,1,0,synthetic,near_null_effect
SYN-005952,control,1,1,0,synthetic,near_null_effect
SYN-005953,control,1,1,0,synthetic,near_null_effect
SYN-005954,control,1,1,0,synthetic,near_null_effect
SYN-005955,treatment,1,1,0,synthetic,near_null_effect
SYN-005956,treatment,1,1,0,synthetic,near_null_effect
SYN-005957,control,1,1,0,synthetic,near_null_effect
SYN-005958,control,1,1,0,synthetic,near_null_effect
SYN-005959,control,1,1,0,synthetic,near_null_effect
SYN-005960,control,1,1,0,synthetic,near_null_effect
SYN-005961,treatment,1,1,0,synthetic,near_null_effect
SYN-005962,control,1,1,0,synthetic,near_null_effect
SYN-005963,treatment,1,1,1,synthetic,near_null_effect
SYN-005964,treatment,1,1,0,synthetic,near_null_effect
SYN-005965,control,1,1,0,synthetic,near_null_effect
SYN-005966,control,1,1,0,synthetic,near_null_effect
SYN-005967,control,1,1,0,synthetic,near_null_effect
SYN-005968,control,1,1,0,synthetic,near_null_effect
SYN-005969,treatment,1,1,0,synthetic,near_null_effect
SYN-005970,control,1,1,0,synthetic,near_null_effect
SYN-005971,control,1,1,0,synthetic,near_null_effect
SYN-005972,treatment,1,1,0,synthetic,near_null_effect
SYN-005973,control,1,1,0,synthetic,near_null_effect
SYN-005974,control,1,1,0,synthetic,near_null_effect
SYN-005975,control,1,1,0,synthetic,near_null_effect
SYN-005976,control,1,1,0,synthetic,near_null_effect
SYN-005977,treatment,1,1,0,synthetic,near_null_effect
SYN-005978,treatment,1,1,0,synthetic,near_null_effect
SYN-005979,control,1,1,0,synthetic,near_null_effect
SYN-005980,control,1,1,0,synthetic,near_null_effect
SYN-005981,treatment,1,1,0,synthetic,near_null_effect
SYN-005982,treatment,1,1,0,synthetic,near_null_effect
SYN-005983,treatment,1,1,0,synthetic,near_null_effect
SYN-005984,treatment,1,1,0,synthetic,near_null_effect
SYN-005985,treatment,1,1,0,synthetic,near_null_effect
SYN-005986,control,1,1,0,synthetic,near_null_effect
SYN-005987,control,1,1,0,synthetic,near_null_effect
SYN-005988,control,1,1,0,synthetic,near_null_effect
SYN-005989,control,1,1,0,synthetic,near_null_effect
SYN-005990,control,1,1,0,synthetic,near_null_effect
SYN-005991,treatment,1,1,0,synthetic,near_null_effect
SYN-005992,control,1,1,1,synthetic,near_null_effect
SYN-005993,control,1,1,0,synthetic,near_null_effect
SYN-005994,treatment,1,1,0,synthetic,near_null_effect
SYN-005995,treatment,1,1,0,synthetic,near_null_effect
SYN-005996,treatment,1,1,0,synthetic,near_null_effect
SYN-005997,treatment,1,1,0,synthetic,near_null_effect
SYN-005998,control,1,1,0,synthetic,near_null_effect
SYN-005999,control,1,1,0,synthetic,near_null_effect
SYN-006000,treatment,1,1,0,synthetic,near_null_effect
SYN-006001,treatment,1,1,0,synthetic,near_null_effect
SYN-006002,treatment,1,1,1,synthetic,near_null_effect
SYN-006003,treatment,1,1,0,synthetic,near_null_effect
SYN-006004,treatment,1,1,0,synthetic,near_null_effect
SYN-006005,treatment,1,1,1,synthetic,near_null_effect
SYN-006006,control,1,1,0,synthetic,near_null_effect
SYN-006007,control,1,1,1,synthetic,near_null_effect
SYN-006008,treatment,1,1,0,synthetic,near_null_effect
SYN-006009,control,1,1,0,synthetic,near_null_effect
SYN-006010,treatment,1,1,0,synthetic,near_null_effect
SYN-006011,treatment,1,1,0,synthetic,near_null_effect
SYN-006012,control,1,1,0,synthetic,near_null_effect
SYN-006013,treatment,1,1,0,synthetic,near_null_effect
SYN-006014,control,1,1,0,synthetic,near_null_effect
SYN-006015,control,1,1,0,synthetic,near_null_effect
SYN-006016,control,1,1,0,synthetic,near_null_effect
SYN-006017,control,1,1,0,synthetic,near_null_effect
SYN-006018,treatment,1,1,0,synthetic,near_null_effect
SYN-006019,treatment,1,1,0,synthetic,near_null_effect
SYN-006020,control,1,1,0,synthetic,near_null_effect
SYN-006021,control,1,1,0,synthetic,near_null_effect
SYN-006022,control,1,1,0,synthetic,near_null_effect
SYN-006023,treatment,1,1,0,synthetic,near_null_effect
SYN-006024,control,1,1,0,synthetic,near_null_effect
SYN-006025,control,1,1,0,synthetic,near_null_effect
SYN-006026,treatment,1,1,0,synthetic,near_null_effect
SYN-006027,control,1,1,0,synthetic,near_null_effect
SYN-006028,control,1,1,0,synthetic,near_null_effect
SYN-006029,control,1,1,1,synthetic,near_null_effect
SYN-006030,treatment,1,1,0,synthetic,near_null_effect
SYN-006031,control,1,1,0,synthetic,near_null_effect
SYN-006032,control,1,1,0,synthetic,near_null_effect
SYN-006033,control,1,1,0,synthetic,near_null_effect
SYN-006034,treatment,1,1,0,synthetic,near_null_effect
SYN-006035,treatment,1,1,1,synthetic,near_null_effect
SYN-006036,control,1,1,0,synthetic,near_null_effect
SYN-006037,treatment,1,1,0,synthetic,near_null_effect
SYN-006038,control,1,1,0,synthetic,near_null_effect
SYN-006039,control,1,1,0,synthetic,near_null_effect
SYN-006040,control,1,1,0,synthetic,near_null_effect
SYN-006041,control,1,1,0,synthetic,near_null_effect
SYN-006042,control,1,1,0,synthetic,near_null_effect
SYN-006043,control,1,1,0,synthetic,near_null_effect
SYN-006044,control,1,1,0,synthetic,near_null_effect
SYN-006045,treatment,1,1,0,synthetic,near_null_effect
SYN-006046,control,1,1,0,synthetic,near_null_effect
SYN-006047,treatment,1,1,1,synthetic,near_null_effect
SYN-006048,treatment,1,1,0,synthetic,near_null_effect
SYN-006049,control,1,1,1,synthetic,near_null_effect
SYN-006050,control,1,1,0,synthetic,near_null_effect
SYN-006051,treatment,1,1,0,synthetic,near_null_effect
SYN-006052,treatment,1,1,0,synthetic,near_null_effect
SYN-006053,treatment,1,1,0,synthetic,near_null_effect
SYN-006054,control,1,1,0,synthetic,near_null_effect
SYN-006055,control,1,1,0,synthetic,near_null_effect
SYN-006056,treatment,1,1,0,synthetic,near_null_effect
SYN-006057,treatment,1,1,0,synthetic,near_null_effect
SYN-006058,control,1,1,0,synthetic,near_null_effect
SYN-006059,control,1,1,0,synthetic,near_null_effect
SYN-006060,treatment,1,1,0,synthetic,near_null_effect
SYN-006061,treatment,1,1,0,synthetic,near_null_effect
SYN-006062,treatment,1,1,0,synthetic,near_null_effect
SYN-006063,treatment,1,1,0,synthetic,near_null_effect
SYN-006064,control,1,1,0,synthetic,near_null_effect
SYN-006065,treatment,1,1,0,synthetic,near_null_effect
SYN-006066,treatment,1,1,0,synthetic,near_null_effect
SYN-006067,control,1,1,0,synthetic,near_null_effect
SYN-006068,control,1,1,0,synthetic,near_null_effect
SYN-006069,control,1,1,0,synthetic,near_null_effect
SYN-006070,control,1,1,0,synthetic,near_null_effect
SYN-006071,control,1,1,0,synthetic,near_null_effect
SYN-006072,treatment,1,1,0,synthetic,near_null_effect
SYN-006073,control,1,1,1,synthetic,near_null_effect
SYN-006074,treatment,1,1,0,synthetic,near_null_effect
SYN-006075,control,1,1,0,synthetic,near_null_effect
SYN-006076,treatment,1,1,0,synthetic,near_null_effect
SYN-006077,control,1,1,0,synthetic,near_null_effect
SYN-006078,treatment,1,1,0,synthetic,near_null_effect
SYN-006079,treatment,1,1,0,synthetic,near_null_effect
SYN-006080,treatment,1,1,0,synthetic,near_null_effect
SYN-006081,treatment,1,1,0,synthetic,near_null_effect
SYN-006082,treatment,1,1,0,synthetic,near_null_effect
SYN-006083,treatment,1,1,0,synthetic,near_null_effect
SYN-006084,control,1,1,0,synthetic,near_null_effect
SYN-006085,treatment,1,1,0,synthetic,near_null_effect
SYN-006086,control,1,1,0,synthetic,near_null_effect
SYN-006087,control,1,1,0,synthetic,near_null_effect
SYN-006088,control,1,1,0,synthetic,near_null_effect
SYN-006089,control,1,1,0,synthetic,near_null_effect
SYN-006090,treatment,1,1,0,synthetic,near_null_effect
SYN-006091,treatment,1,1,0,synthetic,near_null_effect
SYN-006092,treatment,1,1,1,synthetic,near_null_effect
SYN-006093,treatment,1,1,0,synthetic,near_null_effect
SYN-006094,control,1,1,0,synthetic,near_null_effect
SYN-006095,treatment,1,1,0,synthetic,near_null_effect
SYN-006096,control,1,1,0,synthetic,near_null_effect
SYN-006097,treatment,1,1,0,synthetic,near_null_effect
SYN-006098,treatment,1,1,1,synthetic,near_null_effect
SYN-006099,control,1,1,0,synthetic,near_null_effect
SYN-006100,treatment,1,1,0,synthetic,near_null_effect
SYN-006101,treatment,1,1,0,synthetic,near_null_effect
SYN-006102,treatment,1,1,0,synthetic,near_null_effect
SYN-006103,treatment,1,1,0,synthetic,near_null_effect
SYN-006104,control,1,1,0,synthetic,near_null_effect
SYN-006105,control,1,1,0,synthetic,near_null_effect
SYN-006106,control,1,1,0,synthetic,near_null_effect
SYN-006107,control,1,1,0,synthetic,near_null_effect
SYN-006108,treatment,1,1,0,synthetic,near_null_effect
SYN-006109,treatment,1,1,0,synthetic,near_null_effect
SYN-006110,control,1,1,0,synthetic,near_null_effect
SYN-006111,control,1,1,0,synthetic,near_null_effect
SYN-006112,control,1,1,0,synthetic,near_null_effect
SYN-006113,treatment,1,1,0,synthetic,near_null_effect
SYN-006114,control,1,1,0,synthetic,near_null_effect
SYN-006115,treatment,1,1,0,synthetic,near_null_effect
SYN-006116,treatment,1,1,0,synthetic,near_null_effect
SYN-006117,control,1,1,0,synthetic,near_null_effect
SYN-006118,control,1,1,0,synthetic,near_null_effect
SYN-006119,treatment,1,1,0,synthetic,near_null_effect
SYN-006120,control,1,1,0,synthetic,near_null_effect
SYN-006121,treatment,1,1,0,synthetic,near_null_effect
SYN-006122,control,1,1,0,synthetic,near_null_effect
SYN-006123,control,1,1,0,synthetic,near_null_effect
SYN-006124,treatment,1,1,0,synthetic,near_null_effect
SYN-006125,control,1,1,0,synthetic,near_null_effect
SYN-006126,treatment,1,1,0,synthetic,near_null_effect
SYN-006127,treatment,1,1,0,synthetic,near_null_effect
SYN-006128,treatment,1,1,1,synthetic,near_null_effect
SYN-006129,control,1,1,1,synthetic,near_null_effect
SYN-006130,treatment,1,1,0,synthetic,near_null_effect
SYN-006131,treatment,1,1,0,synthetic,near_null_effect
SYN-006132,control,1,1,0,synthetic,near_null_effect
SYN-006133,treatment,1,1,1,synthetic,near_null_effect
SYN-006134,control,1,1,0,synthetic,near_null_effect
SYN-006135,treatment,1,1,0,synthetic,near_null_effect
SYN-006136,control,1,1,0,synthetic,near_null_effect
SYN-006137,treatment,1,1,0,synthetic,near_null_effect
SYN-006138,control,1,1,0,synthetic,near_null_effect
SYN-006139,control,1,1,0,synthetic,near_null_effect
SYN-006140,control,1,1,0,synthetic,near_null_effect
SYN-006141,control,1,1,0,synthetic,near_null_effect
SYN-006142,control,1,1,0,synthetic,near_null_effect
SYN-006143,control,1,1,0,synthetic,near_null_effect
SYN-006144,control,1,1,0,synthetic,near_null_effect
SYN-006145,control,1,1,0,synthetic,near_null_effect
SYN-006146,control,1,1,0,synthetic,near_null_effect
SYN-006147,treatment,1,1,0,synthetic,near_null_effect
SYN-006148,treatment,1,1,0,synthetic,near_null_effect
SYN-006149,control,1,1,0,synthetic,near_null_effect
SYN-006150,treatment,1,1,0,synthetic,near_null_effect
SYN-006151,control,1,1,0,synthetic,near_null_effect
SYN-006152,treatment,1,1,0,synthetic,near_null_effect
SYN-006153,treatment,1,1,0,synthetic,near_null_effect
SYN-006154,treatment,1,1,0,synthetic,near_null_effect
SYN-006155,treatment,1,1,0,synthetic,near_null_effect
SYN-006156,control,1,1,0,synthetic,near_null_effect
SYN-006157,control,1,1,0,synthetic,near_null_effect
SYN-006158,treatment,1,1,0,synthetic,near_null_effect
SYN-006159,treatment,1,1,0,synthetic,near_null_effect
SYN-006160,treatment,1,1,1,synthetic,near_null_effect
SYN-006161,control,1,1,0,synthetic,near_null_effect
SYN-006162,control,1,1,0,synthetic,near_null_effect
SYN-006163,treatment,1,1,0,synthetic,near_null_effect
SYN-006164,treatment,1,1,0,synthetic,near_null_effect
SYN-006165,control,1,1,0,synthetic,near_null_effect
SYN-006166,control,1,1,0,synthetic,near_null_effect
SYN-006167,treatment,1,1,0,synthetic,near_null_effect
SYN-006168,control,1,1,0,synthetic,near_null_effect
SYN-006169,treatment,1,1,0,synthetic,near_null_effect
SYN-006170,treatment,1,1,0,synthetic,near_null_effect
SYN-006171,treatment,1,1,1,synthetic,near_null_effect
SYN-006172,treatment,1,1,0,synthetic,near_null_effect
SYN-006173,control,1,1,0,synthetic,near_null_effect
SYN-006174,control,1,1,0,synthetic,near_null_effect
SYN-006175,control,1,1,1,synthetic,near_null_effect
SYN-006176,control,1,1,0,synthetic,near_null_effect
SYN-006177,control,1,1,0,synthetic,near_null_effect
SYN-006178,control,1,1,0,synthetic,near_null_effect
SYN-006179,treatment,1,1,0,synthetic,near_null_effect
SYN-006180,control,1,1,0,synthetic,near_null_effect
SYN-006181,control,1,1,0,synthetic,near_null_effect
SYN-006182,treatment,1,1,0,synthetic,near_null_effect
SYN-006183,treatment,1,1,0,synthetic,near_null_effect
SYN-006184,treatment,1,1,0,synthetic,near_null_effect
SYN-006185,treatment,1,1,1,synthetic,near_null_effect
SYN-006186,control,1,1,0,synthetic,near_null_effect
SYN-006187,control,1,1,1,synthetic,near_null_effect
SYN-006188,control,1,1,0,synthetic,near_null_effect
SYN-006189,treatment,1,1,1,synthetic,near_null_effect
SYN-006190,control,1,1,0,synthetic,near_null_effect
SYN-006191,treatment,1,1,0,synthetic,near_null_effect
SYN-006192,control,1,1,0,synthetic,near_null_effect
SYN-006193,treatment,1,1,0,synthetic,near_null_effect
SYN-006194,control,1,1,0,synthetic,near_null_effect
SYN-006195,treatment,1,1,0,synthetic,near_null_effect
SYN-006196,control,1,1,0,synthetic,near_null_effect
SYN-006197,control,1,1,0,synthetic,near_null_effect
SYN-006198,control,1,1,0,synthetic,near_null_effect
SYN-006199,treatment,1,1,0,synthetic,near_null_effect
SYN-006200,treatment,1,1,0,synthetic,near_null_effect
SYN-006201,control,1,1,0,synthetic,near_null_effect
SYN-006202,treatment,1,1,0,synthetic,near_null_effect
SYN-006203,treatment,1,1,0,synthetic,near_null_effect
SYN-006204,control,1,1,0,synthetic,near_null_effect
SYN-006205,treatment,1,1,0,synthetic,near_null_effect
SYN-006206,control,1,1,0,synthetic,near_null_effect
SYN-006207,control,1,1,0,synthetic,near_null_effect
SYN-006208,treatment,1,1,0,synthetic,near_null_effect
SYN-006209,control,1,1,1,synthetic,near_null_effect
SYN-006210,treatment,1,1,0,synthetic,near_null_effect
SYN-006211,control,1,1,0,synthetic,near_null_effect
SYN-006212,control,1,1,1,synthetic,near_null_effect
SYN-006213,treatment,1,1,0,synthetic,near_null_effect
SYN-006214,treatment,1,1,0,synthetic,near_null_effect
SYN-006215,control,1,1,0,synthetic,near_null_effect
SYN-006216,control,1,1,0,synthetic,near_null_effect
SYN-006217,treatment,1,1,0,synthetic,near_null_effect
SYN-006218,control,1,1,0,synthetic,near_null_effect
SYN-006219,treatment,1,1,0,synthetic,near_null_effect
SYN-006220,control,1,1,0,synthetic,near_null_effect
SYN-006221,treatment,1,1,1,synthetic,near_null_effect
SYN-006222,control,1,1,1,synthetic,near_null_effect
SYN-006223,control,1,1,0,synthetic,near_null_effect
SYN-006224,control,1,1,1,synthetic,near_null_effect
SYN-006225,treatment,1,1,0,synthetic,near_null_effect
SYN-006226,control,1,1,0,synthetic,near_null_effect
SYN-006227,treatment,1,1,0,synthetic,near_null_effect
SYN-006228,treatment,1,1,0,synthetic,near_null_effect
SYN-006229,treatment,1,1,0,synthetic,near_null_effect
SYN-006230,control,1,1,0,synthetic,near_null_effect
SYN-006231,treatment,1,1,0,synthetic,near_null_effect
SYN-006232,control,1,1,0,synthetic,near_null_effect
SYN-006233,control,1,1,0,synthetic,near_null_effect
SYN-006234,control,1,1,0,synthetic,near_null_effect
SYN-006235,treatment,1,1,0,synthetic,near_null_effect
SYN-006236,control,1,1,0,synthetic,near_null_effect
SYN-006237,treatment,1,1,0,synthetic,near_null_effect
SYN-006238,control,1,1,0,synthetic,near_null_effect
SYN-006239,treatment,1,1,0,synthetic,near_null_effect
SYN-006240,control,1,1,0,synthetic,near_null_effect
SYN-006241,treatment,1,1,0,synthetic,near_null_effect
SYN-006242,control,1,1,0,synthetic,near_null_effect
SYN-006243,treatment,1,1,0,synthetic,near_null_effect
SYN-006244,control,1,1,1,synthetic,near_null_effect
SYN-006245,control,1,1,0,synthetic,near_null_effect
SYN-006246,control,1,1,1,synthetic,near_null_effect
SYN-006247,control,1,1,0,synthetic,near_null_effect
SYN-006248,treatment,1,1,0,synthetic,near_null_effect
SYN-006249,control,1,1,0,synthetic,near_null_effect
SYN-006250,treatment,1,1,0,synthetic,near_null_effect
SYN-006251,treatment,1,1,1,synthetic,near_null_effect
SYN-006252,treatment,1,1,0,synthetic,near_null_effect
SYN-006253,treatment,1,1,0,synthetic,near_null_effect
SYN-006254,treatment,1,1,0,synthetic,near_null_effect
SYN-006255,treatment,1,1,0,synthetic,near_null_effect
SYN-006256,control,1,1,0,synthetic,near_null_effect
SYN-006257,control,1,1,0,synthetic,near_null_effect
SYN-006258,treatment,1,1,0,synthetic,near_null_effect
SYN-006259,treatment,1,1,0,synthetic,near_null_effect
SYN-006260,treatment,1,1,0,synthetic,near_null_effect
SYN-006261,control,1,1,0,synthetic,near_null_effect
SYN-006262,treatment,1,1,0,synthetic,near_null_effect
SYN-006263,control,1,1,1,synthetic,near_null_effect
SYN-006264,control,1,1,0,synthetic,near_null_effect
SYN-006265,control,1,1,0,synthetic,near_null_effect
SYN-006266,control,1,1,0,synthetic,near_null_effect
SYN-006267,control,1,1,0,synthetic,near_null_effect
SYN-006268,treatment,1,1,0,synthetic,near_null_effect
SYN-006269,treatment,1,1,1,synthetic,near_null_effect
SYN-006270,control,1,1,0,synthetic,near_null_effect
SYN-006271,control,1,1,0,synthetic,near_null_effect
SYN-006272,treatment,1,1,0,synthetic,near_null_effect
SYN-006273,treatment,1,1,0,synthetic,near_null_effect
SYN-006274,treatment,1,1,0,synthetic,near_null_effect
SYN-006275,control,1,1,0,synthetic,near_null_effect
SYN-006276,treatment,1,1,0,synthetic,near_null_effect
SYN-006277,treatment,1,1,0,synthetic,near_null_effect
SYN-006278,treatment,1,1,0,synthetic,near_null_effect
SYN-006279,control,1,1,0,synthetic,near_null_effect
SYN-006280,treatment,1,1,0,synthetic,near_null_effect
SYN-006281,control,1,1,0,synthetic,near_null_effect
SYN-006282,control,1,1,0,synthetic,near_null_effect
SYN-006283,control,1,1,0,synthetic,near_null_effect
SYN-006284,treatment,1,1,0,synthetic,near_null_effect
SYN-006285,treatment,1,1,0,synthetic,near_null_effect
SYN-006286,control,1,1,0,synthetic,near_null_effect
SYN-006287,control,1,1,0,synthetic,near_null_effect
SYN-006288,treatment,1,1,0,synthetic,near_null_effect
SYN-006289,treatment,1,1,0,synthetic,near_null_effect
SYN-006290,treatment,1,1,0,synthetic,near_null_effect
SYN-006291,control,1,1,1,synthetic,near_null_effect
SYN-006292,control,1,1,0,synthetic,near_null_effect
SYN-006293,control,1,1,0,synthetic,near_null_effect
SYN-006294,control,1,1,0,synthetic,near_null_effect
SYN-006295,control,1,1,1,synthetic,near_null_effect
SYN-006296,treatment,1,1,0,synthetic,near_null_effect
SYN-006297,treatment,1,1,1,synthetic,near_null_effect
SYN-006298,treatment,1,1,0,synthetic,near_null_effect
SYN-006299,control,1,1,0,synthetic,near_null_effect
SYN-006300,treatment,1,1,0,synthetic,near_null_effect
SYN-006301,control,1,1,0,synthetic,near_null_effect
SYN-006302,control,1,1,0,synthetic,near_null_effect
SYN-006303,treatment,1,1,0,synthetic,near_null_effect
SYN-006304,control,1,1,0,synthetic,near_null_effect
SYN-006305,treatment,1,1,0,synthetic,near_null_effect
SYN-006306,control,1,1,0,synthetic,near_null_effect
SYN-006307,treatment,1,1,0,synthetic,near_null_effect
SYN-006308,treatment,1,1,0,synthetic,near_null_effect
SYN-006309,control,1,1,0,synthetic,near_null_effect
SYN-006310,treatment,1,1,0,synthetic,near_null_effect
SYN-006311,control,1,1,0,synthetic,near_null_effect
SYN-006312,treatment,1,1,0,synthetic,near_null_effect
SYN-006313,control,1,1,0,synthetic,near_null_effect
SYN-006314,control,1,1,0,synthetic,near_null_effect
SYN-006315,treatment,1,1,0,synthetic,near_null_effect
SYN-006316,treatment,1,1,0,synthetic,near_null_effect
SYN-006317,treatment,1,1,0,synthetic,near_null_effect
SYN-006318,treatment,1,1,0,synthetic,near_null_effect
SYN-006319,control,1,1,0,synthetic,near_null_effect
SYN-006320,control,1,1,0,synthetic,near_null_effect
SYN-006321,treatment,1,1,0,synthetic,near_null_effect
SYN-006322,treatment,1,1,1,synthetic,near_null_effect
SYN-006323,control,1,1,0,synthetic,near_null_effect
SYN-006324,treatment,1,1,0,synthetic,near_null_effect
SYN-006325,treatment,1,1,0,synthetic,near_null_effect
SYN-006326,control,1,1,0,synthetic,near_null_effect
SYN-006327,control,1,1,0,synthetic,near_null_effect
SYN-006328,control,1,1,0,synthetic,near_null_effect
SYN-006329,control,1,1,0,synthetic,near_null_effect
SYN-006330,treatment,1,1,0,synthetic,near_null_effect
SYN-006331,control,1,1,0,synthetic,near_null_effect
SYN-006332,treatment,1,1,0,synthetic,near_null_effect
SYN-006333,treatment,1,1,0,synthetic,near_null_effect
SYN-006334,control,1,1,1,synthetic,near_null_effect
SYN-006335,treatment,1,1,0,synthetic,near_null_effect
SYN-006336,treatment,1,1,0,synthetic,near_null_effect
SYN-006337,treatment,1,1,0,synthetic,near_null_effect
SYN-006338,control,1,1,0,synthetic,near_null_effect
SYN-006339,treatment,1,1,0,synthetic,near_null_effect
SYN-006340,treatment,1,1,0,synthetic,near_null_effect
SYN-006341,control,1,1,0,synthetic,near_null_effect
SYN-006342,treatment,1,1,0,synthetic,near_null_effect
SYN-006343,control,1,1,0,synthetic,near_null_effect
SYN-006344,treatment,1,1,0,synthetic,near_null_effect
SYN-006345,treatment,1,1,0,synthetic,near_null_effect
SYN-006346,control,1,1,0,synthetic,near_null_effect
SYN-006347,treatment,1,1,0,synthetic,near_null_effect
SYN-006348,treatment,1,1,0,synthetic,near_null_effect
SYN-006349,treatment,1,1,0,synthetic,near_null_effect
SYN-006350,treatment,1,1,0,synthetic,near_null_effect
SYN-006351,treatment,1,1,0,synthetic,near_null_effect
SYN-006352,treatment,1,1,0,synthetic,near_null_effect
SYN-006353,treatment,1,1,0,synthetic,near_null_effect
SYN-006354,control,1,1,1,synthetic,near_null_effect
SYN-006355,control,1,1,0,synthetic,near_null_effect
SYN-006356,treatment,1,1,0,synthetic,near_null_effect
SYN-006357,treatment,1,1,0,synthetic,near_null_effect
SYN-006358,treatment,1,1,0,synthetic,near_null_effect
SYN-006359,treatment,1,1,0,synthetic,near_null_effect
SYN-006360,treatment,1,1,0,synthetic,near_null_effect
SYN-006361,control,1,1,1,synthetic,near_null_effect
SYN-006362,control,1,1,0,synthetic,near_null_effect
SYN-006363,control,1,1,1,synthetic,near_null_effect
SYN-006364,control,1,1,0,synthetic,near_null_effect
SYN-006365,control,1,1,0,synthetic,near_null_effect
SYN-006366,treatment,1,1,0,synthetic,near_null_effect
SYN-006367,treatment,1,1,0,synthetic,near_null_effect
SYN-006368,treatment,1,1,0,synthetic,near_null_effect
SYN-006369,control,1,1,0,synthetic,near_null_effect
SYN-006370,treatment,1,1,0,synthetic,near_null_effect
SYN-006371,treatment,1,1,0,synthetic,near_null_effect
SYN-006372,control,1,1,0,synthetic,near_null_effect
SYN-006373,treatment,1,1,0,synthetic,near_null_effect
SYN-006374,treatment,1,1,0,synthetic,near_null_effect
SYN-006375,treatment,1,1,0,synthetic,near_null_effect
SYN-006376,control,1,1,0,synthetic,near_null_effect
SYN-006377,control,1,1,0,synthetic,near_null_effect
SYN-006378,treatment,1,1,0,synthetic,near_null_effect
SYN-006379,control,1,1,0,synthetic,near_null_effect
SYN-006380,treatment,1,1,0,synthetic,near_null_effect
SYN-006381,control,1,1,0,synthetic,near_null_effect
SYN-006382,treatment,1,1,0,synthetic,near_null_effect
SYN-006383,treatment,1,1,0,synthetic,near_null_effect
SYN-006384,control,1,1,0,synthetic,near_null_effect
SYN-006385,treatment,1,1,0,synthetic,near_null_effect
SYN-006386,treatment,1,1,0,synthetic,near_null_effect
SYN-006387,treatment,1,1,0,synthetic,near_null_effect
SYN-006388,treatment,1,1,0,synthetic,near_null_effect
SYN-006389,control,1,1,1,synthetic,near_null_effect
SYN-006390,control,1,1,0,synthetic,near_null_effect
SYN-006391,treatment,1,1,0,synthetic,near_null_effect
SYN-006392,treatment,1,1,0,synthetic,near_null_effect
SYN-006393,treatment,1,1,0,synthetic,near_null_effect
SYN-006394,control,1,1,0,synthetic,near_null_effect
SYN-006395,treatment,1,1,0,synthetic,near_null_effect
SYN-006396,treatment,1,1,0,synthetic,near_null_effect
SYN-006397,control,1,1,0,synthetic,near_null_effect
SYN-006398,treatment,1,1,0,synthetic,near_null_effect
SYN-006399,treatment,1,1,0,synthetic,near_null_effect
SYN-006400,control,1,1,0,synthetic,near_null_effect
SYN-006401,control,1,1,0,synthetic,near_null_effect
SYN-006402,control,1,1,0,synthetic,near_null_effect
SYN-006403,control,1,1,0,synthetic,near_null_effect
SYN-006404,treatment,1,1,1,synthetic,near_null_effect
SYN-006405,control,1,1,0,synthetic,near_null_effect
SYN-006406,control,1,1,0,synthetic,near_null_effect
SYN-006407,control,1,1,0,synthetic,near_null_effect
SYN-006408,treatment,1,1,0,synthetic,near_null_effect
SYN-006409,control,1,1,1,synthetic,near_null_effect
SYN-006410,treatment,1,1,0,synthetic,near_null_effect
SYN-006411,control,1,1,0,synthetic,near_null_effect
SYN-006412,treatment,1,1,0,synthetic,near_null_effect
SYN-006413,treatment,1,1,0,synthetic,near_null_effect
SYN-006414,control,1,1,0,synthetic,near_null_effect
SYN-006415,control,1,1,0,synthetic,near_null_effect
SYN-006416,treatment,1,1,0,synthetic,near_null_effect
SYN-006417,treatment,1,1,0,synthetic,near_null_effect
SYN-006418,control,1,1,0,synthetic,near_null_effect
SYN-006419,control,1,1,0,synthetic,near_null_effect
SYN-006420,control,1,1,0,synthetic,near_null_effect
SYN-006421,control,1,1,0,synthetic,near_null_effect
SYN-006422,treatment,1,1,0,synthetic,near_null_effect
SYN-006423,control,1,1,0,synthetic,near_null_effect
SYN-006424,treatment,1,1,0,synthetic,near_null_effect
SYN-006425,treatment,1,1,0,synthetic,near_null_effect
SYN-006426,control,1,1,0,synthetic,near_null_effect
SYN-006427,control,1,1,0,synthetic,near_null_effect
SYN-006428,treatment,1,1,0,synthetic,near_null_effect
SYN-006429,control,1,1,0,synthetic,near_null_effect
SYN-006430,control,1,1,0,synthetic,near_null_effect
SYN-006431,treatment,1,1,0,synthetic,near_null_effect
SYN-006432,treatment,1,1,0,synthetic,near_null_effect
SYN-006433,control,1,1,1,synthetic,near_null_effect
SYN-006434,control,1,1,0,synthetic,near_null_effect
SYN-006435,treatment,1,1,0,synthetic,near_null_effect
SYN-006436,control,1,1,0,synthetic,near_null_effect
SYN-006437,control,1,1,1,synthetic,near_null_effect
SYN-006438,control,1,1,0,synthetic,near_null_effect
SYN-006439,treatment,1,1,0,synthetic,near_null_effect
SYN-006440,treatment,1,1,0,synthetic,near_null_effect
SYN-006441,treatment,1,1,1,synthetic,near_null_effect
SYN-006442,control,1,1,0,synthetic,near_null_effect
SYN-006443,treatment,1,1,1,synthetic,near_null_effect
SYN-006444,control,1,1,1,synthetic,near_null_effect
SYN-006445,treatment,1,1,0,synthetic,near_null_effect
SYN-006446,treatment,1,1,0,synthetic,near_null_effect
SYN-006447,treatment,1,1,0,synthetic,near_null_effect
SYN-006448,treatment,1,1,0,synthetic,near_null_effect
SYN-006449,treatment,1,1,0,synthetic,near_null_effect
SYN-006450,control,1,1,0,synthetic,near_null_effect
SYN-006451,control,1,1,0,synthetic,near_null_effect
SYN-006452,control,1,1,1,synthetic,near_null_effect
SYN-006453,treatment,1,1,0,synthetic,near_null_effect
SYN-006454,treatment,1,1,0,synthetic,near_null_effect
SYN-006455,treatment,1,1,0,synthetic,near_null_effect
SYN-006456,control,1,1,0,synthetic,near_null_effect
SYN-006457,control,1,1,0,synthetic,near_null_effect
SYN-006458,control,1,1,0,synthetic,near_null_effect
SYN-006459,control,1,1,0,synthetic,near_null_effect
SYN-006460,control,1,1,0,synthetic,near_null_effect
SYN-006461,control,1,1,0,synthetic,near_null_effect
SYN-006462,control,1,1,0,synthetic,near_null_effect
SYN-006463,treatment,1,1,1,synthetic,near_null_effect
SYN-006464,treatment,1,1,0,synthetic,near_null_effect
SYN-006465,control,1,1,0,synthetic,near_null_effect
SYN-006466,control,1,1,1,synthetic,near_null_effect
SYN-006467,control,1,1,0,synthetic,near_null_effect
SYN-006468,control,1,1,0,synthetic,near_null_effect
SYN-006469,control,1,1,0,synthetic,near_null_effect
SYN-006470,control,1,1,0,synthetic,near_null_effect
SYN-006471,treatment,1,1,0,synthetic,near_null_effect
SYN-006472,treatment,1,1,0,synthetic,near_null_effect
SYN-006473,treatment,1,1,0,synthetic,near_null_effect
SYN-006474,control,1,1,0,synthetic,near_null_effect
SYN-006475,treatment,1,1,0,synthetic,near_null_effect
SYN-006476,control,1,1,0,synthetic,near_null_effect
SYN-006477,treatment,1,1,0,synthetic,near_null_effect
SYN-006478,control,1,1,0,synthetic,near_null_effect
SYN-006479,control,1,1,0,synthetic,near_null_effect
SYN-006480,control,1,1,0,synthetic,near_null_effect
SYN-006481,treatment,1,1,0,synthetic,near_null_effect
SYN-006482,treatment,1,1,0,synthetic,near_null_effect
SYN-006483,treatment,1,1,0,synthetic,near_null_effect
SYN-006484,control,1,1,0,synthetic,near_null_effect
SYN-006485,control,1,1,0,synthetic,near_null_effect
SYN-006486,control,1,1,0,synthetic,near_null_effect
SYN-006487,treatment,1,1,0,synthetic,near_null_effect
SYN-006488,control,1,1,0,synthetic,near_null_effect
SYN-006489,control,1,1,0,synthetic,near_null_effect
SYN-006490,treatment,1,1,0,synthetic,near_null_effect
SYN-006491,treatment,1,1,0,synthetic,near_null_effect
SYN-006492,control,1,1,0,synthetic,near_null_effect
SYN-006493,treatment,1,1,0,synthetic,near_null_effect
SYN-006494,control,1,1,0,synthetic,near_null_effect
SYN-006495,control,1,1,0,synthetic,near_null_effect
SYN-006496,control,1,1,0,synthetic,near_null_effect
SYN-006497,treatment,1,1,0,synthetic,near_null_effect
SYN-006498,treatment,1,1,0,synthetic,near_null_effect
SYN-006499,treatment,1,1,0,synthetic,near_null_effect
SYN-006500,control,1,1,0,synthetic,near_null_effect
SYN-006501,control,1,1,0,synthetic,near_null_effect
SYN-006502,treatment,1,1,0,synthetic,near_null_effect
SYN-006503,treatment,1,1,0,synthetic,near_null_effect
SYN-006504,control,1,1,0,synthetic,near_null_effect
SYN-006505,treatment,1,1,0,synthetic,near_null_effect
SYN-006506,treatment,1,1,0,synthetic,near_null_effect
SYN-006507,treatment,1,1,0,synthetic,near_null_effect
SYN-006508,control,1,1,0,synthetic,near_null_effect
SYN-006509,control,1,1,0,synthetic,near_null_effect
SYN-006510,control,1,1,0,synthetic,near_null_effect
SYN-006511,treatment,1,1,0,synthetic,near_null_effect
SYN-006512,control,1,1,0,synthetic,near_null_effect
SYN-006513,control,1,1,0,synthetic,near_null_effect
SYN-006514,control,1,1,0,synthetic,near_null_effect
SYN-006515,treatment,1,1,0,synthetic,near_null_effect
SYN-006516,treatment,1,1,0,synthetic,near_null_effect
SYN-006517,treatment,1,1,0,synthetic,near_null_effect
SYN-006518,treatment,1,1,0,synthetic,near_null_effect
SYN-006519,treatment,1,1,1,synthetic,near_null_effect
SYN-006520,control,1,1,0,synthetic,near_null_effect
SYN-006521,control,1,1,0,synthetic,near_null_effect
SYN-006522,control,1,1,0,synthetic,near_null_effect
SYN-006523,control,1,1,0,synthetic,near_null_effect
SYN-006524,treatment,1,1,0,synthetic,near_null_effect
SYN-006525,treatment,1,1,0,synthetic,near_null_effect
SYN-006526,treatment,1,1,1,synthetic,near_null_effect
SYN-006527,treatment,1,1,1,synthetic,near_null_effect
SYN-006528,treatment,1,1,0,synthetic,near_null_effect
SYN-006529,treatment,1,1,1,synthetic,near_null_effect
SYN-006530,treatment,1,1,1,synthetic,near_null_effect
SYN-006531,treatment,1,1,0,synthetic,near_null_effect
SYN-006532,treatment,1,1,0,synthetic,near_null_effect
SYN-006533,treatment,1,1,1,synthetic,near_null_effect
SYN-006534,control,1,1,0,synthetic,near_null_effect
SYN-006535,control,1,1,0,synthetic,near_null_effect
SYN-006536,treatment,1,1,0,synthetic,near_null_effect
SYN-006537,control,1,1,0,synthetic,near_null_effect
SYN-006538,treatment,1,1,0,synthetic,near_null_effect
SYN-006539,treatment,1,1,0,synthetic,near_null_effect
SYN-006540,treatment,1,1,0,synthetic,near_null_effect
SYN-006541,control,1,1,0,synthetic,near_null_effect
SYN-006542,control,1,1,0,synthetic,near_null_effect
SYN-006543,control,1,1,0,synthetic,near_null_effect
SYN-006544,control,1,1,0,synthetic,near_null_effect
SYN-006545,treatment,1,1,0,synthetic,near_null_effect
SYN-006546,control,1,1,0,synthetic,near_null_effect
SYN-006547,control,1,1,0,synthetic,near_null_effect
SYN-006548,treatment,1,1,0,synthetic,near_null_effect
SYN-006549,control,1,1,0,synthetic,near_null_effect
SYN-006550,treatment,1,1,0,synthetic,near_null_effect
SYN-006551,treatment,1,1,1,synthetic,near_null_effect
SYN-006552,control,1,1,0,synthetic,near_null_effect
SYN-006553,treatment,1,1,0,synthetic,near_null_effect
SYN-006554,treatment,1,1,0,synthetic,near_null_effect
SYN-006555,treatment,1,1,0,synthetic,near_null_effect
SYN-006556,treatment,1,1,0,synthetic,near_null_effect
SYN-006557,control,1,1,0,synthetic,near_null_effect
SYN-006558,control,1,1,0,synthetic,near_null_effect
SYN-006559,treatment,1,1,0,synthetic,near_null_effect
SYN-006560,treatment,1,1,0,synthetic,near_null_effect
SYN-006561,treatment,1,1,0,synthetic,near_null_effect
SYN-006562,control,1,1,0,synthetic,near_null_effect
SYN-006563,control,1,1,0,synthetic,near_null_effect
SYN-006564,control,1,1,0,synthetic,near_null_effect
SYN-006565,treatment,1,1,0,synthetic,near_null_effect
SYN-006566,treatment,1,1,1,synthetic,near_null_effect
SYN-006567,control,1,1,1,synthetic,near_null_effect
SYN-006568,control,1,1,0,synthetic,near_null_effect
SYN-006569,treatment,1,1,0,synthetic,near_null_effect
SYN-006570,control,1,1,0,synthetic,near_null_effect
SYN-006571,treatment,1,1,0,synthetic,near_null_effect
SYN-006572,treatment,1,1,0,synthetic,near_null_effect
SYN-006573,treatment,1,1,0,synthetic,near_null_effect
SYN-006574,treatment,1,1,0,synthetic,near_null_effect
SYN-006575,treatment,1,1,0,synthetic,near_null_effect
SYN-006576,control,1,1,0,synthetic,near_null_effect
SYN-006577,control,1,1,0,synthetic,near_null_effect
SYN-006578,treatment,1,1,0,synthetic,near_null_effect
SYN-006579,treatment,1,1,0,synthetic,near_null_effect
SYN-006580,treatment,1,1,0,synthetic,near_null_effect
SYN-006581,treatment,1,1,1,synthetic,near_null_effect
SYN-006582,control,1,1,0,synthetic,near_null_effect
SYN-006583,treatment,1,1,0,synthetic,near_null_effect
SYN-006584,control,1,1,0,synthetic,near_null_effect
SYN-006585,control,1,1,0,synthetic,near_null_effect
SYN-006586,control,1,1,0,synthetic,near_null_effect
SYN-006587,control,1,1,0,synthetic,near_null_effect
SYN-006588,control,1,1,0,synthetic,near_null_effect
SYN-006589,control,1,1,1,synthetic,near_null_effect
SYN-006590,treatment,1,1,0,synthetic,near_null_effect
SYN-006591,control,1,1,0,synthetic,near_null_effect
SYN-006592,control,1,1,0,synthetic,near_null_effect
SYN-006593,control,1,1,0,synthetic,near_null_effect
SYN-006594,treatment,1,1,0,synthetic,near_null_effect
SYN-006595,treatment,1,1,0,synthetic,near_null_effect
SYN-006596,control,1,1,1,synthetic,near_null_effect
SYN-006597,control,1,1,0,synthetic,near_null_effect
SYN-006598,treatment,1,1,0,synthetic,near_null_effect
SYN-006599,treatment,1,1,1,synthetic,near_null_effect
SYN-006600,treatment,1,1,0,synthetic,near_null_effect
SYN-006601,control,1,1,0,synthetic,near_null_effect
SYN-006602,treatment,1,1,0,synthetic,near_null_effect
SYN-006603,control,1,1,0,synthetic,near_null_effect
SYN-006604,control,1,1,0,synthetic,near_null_effect
SYN-006605,treatment,1,1,0,synthetic,near_null_effect
SYN-006606,control,1,1,0,synthetic,near_null_effect
SYN-006607,treatment,1,1,0,synthetic,near_null_effect
SYN-006608,treatment,1,1,0,synthetic,near_null_effect
SYN-006609,treatment,1,1,0,synthetic,near_null_effect
SYN-006610,treatment,1,1,0,synthetic,near_null_effect
SYN-006611,control,1,1,0,synthetic,near_null_effect
SYN-006612,control,1,1,0,synthetic,near_null_effect
SYN-006613,treatment,1,1,0,synthetic,near_null_effect
SYN-006614,control,1,1,0,synthetic,near_null_effect
SYN-006615,control,1,1,0,synthetic,near_null_effect
SYN-006616,treatment,1,1,0,synthetic,near_null_effect
SYN-006617,control,1,1,0,synthetic,near_null_effect
SYN-006618,treatment,1,1,0,synthetic,near_null_effect
SYN-006619,control,1,1,0,synthetic,near_null_effect
SYN-006620,treatment,1,1,0,synthetic,near_null_effect
SYN-006621,control,1,1,1,synthetic,near_null_effect
SYN-006622,treatment,1,1,0,synthetic,near_null_effect
SYN-006623,control,1,1,0,synthetic,near_null_effect
SYN-006624,treatment,1,1,0,synthetic,near_null_effect
SYN-006625,control,1,1,0,synthetic,near_null_effect
SYN-006626,treatment,1,1,0,synthetic,near_null_effect
SYN-006627,control,1,1,0,synthetic,near_null_effect
SYN-006628,treatment,1,1,0,synthetic,near_null_effect
SYN-006629,treatment,1,1,0,synthetic,near_null_effect
SYN-006630,control,1,1,0,synthetic,near_null_effect
SYN-006631,control,1,1,0,synthetic,near_null_effect
SYN-006632,control,1,1,0,synthetic,near_null_effect
SYN-006633,treatment,1,1,0,synthetic,near_null_effect
SYN-006634,treatment,1,1,0,synthetic,near_null_effect
SYN-006635,treatment,1,1,1,synthetic,near_null_effect
SYN-006636,treatment,1,1,0,synthetic,near_null_effect
SYN-006637,treatment,1,1,0,synthetic,near_null_effect
SYN-006638,control,1,1,0,synthetic,near_null_effect
SYN-006639,control,1,1,0,synthetic,near_null_effect
SYN-006640,treatment,1,1,0,synthetic,near_null_effect
SYN-006641,treatment,1,1,0,synthetic,near_null_effect
SYN-006642,control,1,1,0,synthetic,near_null_effect
SYN-006643,control,1,1,0,synthetic,near_null_effect
SYN-006644,control,1,1,1,synthetic,near_null_effect
SYN-006645,control,1,1,0,synthetic,near_null_effect
SYN-006646,treatment,1,1,0,synthetic,near_null_effect
SYN-006647,treatment,1,1,0,synthetic,near_null_effect
SYN-006648,control,1,1,1,synthetic,near_null_effect
SYN-006649,control,1,1,0,synthetic,near_null_effect
SYN-006650,treatment,1,1,0,synthetic,near_null_effect
SYN-006651,control,1,1,0,synthetic,near_null_effect
SYN-006652,treatment,1,1,0,synthetic,near_null_effect
SYN-006653,treatment,1,1,0,synthetic,near_null_effect
SYN-006654,treatment,1,1,0,synthetic,near_null_effect
SYN-006655,treatment,1,1,0,synthetic,near_null_effect
SYN-006656,control,1,1,0,synthetic,near_null_effect
SYN-006657,treatment,1,1,0,synthetic,near_null_effect
SYN-006658,treatment,1,1,0,synthetic,near_null_effect
SYN-006659,treatment,1,1,0,synthetic,near_null_effect
SYN-006660,control,1,1,0,synthetic,near_null_effect
SYN-006661,control,1,1,1,synthetic,near_null_effect
SYN-006662,treatment,1,1,0,synthetic,near_null_effect
SYN-006663,treatment,1,1,1,synthetic,near_null_effect
SYN-006664,control,1,1,0,synthetic,near_null_effect
SYN-006665,control,1,1,0,synthetic,near_null_effect
SYN-006666,treatment,1,1,0,synthetic,near_null_effect
SYN-006667,control,1,1,0,synthetic,near_null_effect
SYN-006668,control,1,1,0,synthetic,near_null_effect
SYN-006669,control,1,1,0,synthetic,near_null_effect
SYN-006670,treatment,1,1,0,synthetic,near_null_effect
SYN-006671,control,1,1,0,synthetic,near_null_effect
SYN-006672,treatment,1,1,0,synthetic,near_null_effect
SYN-006673,treatment,1,1,0,synthetic,near_null_effect
SYN-006674,control,1,1,0,synthetic,near_null_effect
SYN-006675,control,1,1,0,synthetic,near_null_effect
SYN-006676,control,1,1,0,synthetic,near_null_effect
SYN-006677,treatment,1,1,0,synthetic,near_null_effect
SYN-006678,control,1,1,1,synthetic,near_null_effect
SYN-006679,treatment,1,1,1,synthetic,near_null_effect
SYN-006680,control,1,1,0,synthetic,near_null_effect
SYN-006681,treatment,1,1,1,synthetic,near_null_effect
SYN-006682,control,1,1,0,synthetic,near_null_effect
SYN-006683,control,1,1,0,synthetic,near_null_effect
SYN-006684,control,1,1,0,synthetic,near_null_effect
SYN-006685,treatment,1,1,0,synthetic,near_null_effect
SYN-006686,treatment,1,1,0,synthetic,near_null_effect
SYN-006687,treatment,1,1,0,synthetic,near_null_effect
SYN-006688,control,1,1,0,synthetic,near_null_effect
SYN-006689,control,1,1,0,synthetic,near_null_effect
SYN-006690,treatment,1,1,0,synthetic,near_null_effect
SYN-006691,treatment,1,1,0,synthetic,near_null_effect
SYN-006692,treatment,1,1,0,synthetic,near_null_effect
SYN-006693,treatment,1,1,1,synthetic,near_null_effect
SYN-006694,treatment,1,1,1,synthetic,near_null_effect
SYN-006695,control,1,1,0,synthetic,near_null_effect
SYN-006696,treatment,1,1,0,synthetic,near_null_effect
SYN-006697,treatment,1,1,0,synthetic,near_null_effect
SYN-006698,treatment,1,1,0,synthetic,near_null_effect
SYN-006699,treatment,1,1,0,synthetic,near_null_effect
SYN-006700,treatment,1,1,0,synthetic,near_null_effect
SYN-006701,control,1,1,0,synthetic,near_null_effect
SYN-006702,treatment,1,1,0,synthetic,near_null_effect
SYN-006703,control,1,1,0,synthetic,near_null_effect
SYN-006704,treatment,1,1,0,synthetic,near_null_effect
SYN-006705,treatment,1,1,0,synthetic,near_null_effect
SYN-006706,treatment,1,1,0,synthetic,near_null_effect
SYN-006707,control,1,1,0,synthetic,near_null_effect
SYN-006708,treatment,1,1,0,synthetic,near_null_effect
SYN-006709,treatment,1,1,0,synthetic,near_null_effect
SYN-006710,control,1,1,0,synthetic,near_null_effect
SYN-006711,treatment,1,1,0,synthetic,near_null_effect
SYN-006712,control,1,1,0,synthetic,near_null_effect
SYN-006713,control,1,1,0,synthetic,near_null_effect
SYN-006714,control,1,1,1,synthetic,near_null_effect
SYN-006715,control,1,1,0,synthetic,near_null_effect
SYN-006716,treatment,1,1,0,synthetic,near_null_effect
SYN-006717,treatment,1,1,0,synthetic,near_null_effect
SYN-006718,treatment,1,1,0,synthetic,near_null_effect
SYN-006719,treatment,1,1,1,synthetic,near_null_effect
SYN-006720,treatment,1,1,0,synthetic,near_null_effect
SYN-006721,control,1,1,0,synthetic,near_null_effect
SYN-006722,control,1,1,0,synthetic,near_null_effect
SYN-006723,treatment,1,1,0,synthetic,near_null_effect
SYN-006724,control,1,1,1,synthetic,near_null_effect
SYN-006725,treatment,1,1,0,synthetic,near_null_effect
SYN-006726,control,1,1,0,synthetic,near_null_effect
SYN-006727,treatment,1,1,0,synthetic,near_null_effect
SYN-006728,treatment,1,1,0,synthetic,near_null_effect
SYN-006729,treatment,1,1,0,synthetic,near_null_effect
SYN-006730,treatment,1,1,0,synthetic,near_null_effect
SYN-006731,treatment,1,1,1,synthetic,near_null_effect
SYN-006732,control,1,1,0,synthetic,near_null_effect
SYN-006733,control,1,1,0,synthetic,near_null_effect
SYN-006734,control,1,1,0,synthetic,near_null_effect
SYN-006735,treatment,1,1,1,synthetic,near_null_effect
SYN-006736,treatment,1,1,0,synthetic,near_null_effect
SYN-006737,treatment,1,1,0,synthetic,near_null_effect
SYN-006738,treatment,1,1,0,synthetic,near_null_effect
SYN-006739,control,1,1,0,synthetic,near_null_effect
SYN-006740,control,1,1,0,synthetic,near_null_effect
SYN-006741,control,1,1,0,synthetic,near_null_effect
SYN-006742,treatment,1,1,0,synthetic,near_null_effect
SYN-006743,control,1,1,0,synthetic,near_null_effect
SYN-006744,control,1,1,0,synthetic,near_null_effect
SYN-006745,treatment,1,1,0,synthetic,near_null_effect
SYN-006746,treatment,1,1,0,synthetic,near_null_effect
SYN-006747,control,1,1,1,synthetic,near_null_effect
SYN-006748,control,1,1,0,synthetic,near_null_effect
SYN-006749,treatment,1,1,0,synthetic,near_null_effect
SYN-006750,treatment,1,1,0,synthetic,near_null_effect
SYN-006751,treatment,1,1,0,synthetic,near_null_effect
SYN-006752,control,1,1,0,synthetic,near_null_effect
SYN-006753,treatment,1,1,0,synthetic,near_null_effect
SYN-006754,control,1,1,0,synthetic,near_null_effect
SYN-006755,control,1,1,0,synthetic,near_null_effect
SYN-006756,control,1,1,0,synthetic,near_null_effect
SYN-006757,treatment,1,1,0,synthetic,near_null_effect
SYN-006758,control,1,1,0,synthetic,near_null_effect
SYN-006759,control,1,1,0,synthetic,near_null_effect
SYN-006760,control,1,1,0,synthetic,near_null_effect
SYN-006761,treatment,1,1,0,synthetic,near_null_effect
SYN-006762,treatment,1,1,0,synthetic,near_null_effect
SYN-006763,treatment,1,1,0,synthetic,near_null_effect
SYN-006764,control,1,1,1,synthetic,near_null_effect
SYN-006765,treatment,1,1,0,synthetic,near_null_effect
SYN-006766,treatment,1,1,0,synthetic,near_null_effect
SYN-006767,control,1,1,0,synthetic,near_null_effect
SYN-006768,control,1,1,0,synthetic,near_null_effect
SYN-006769,control,1,1,0,synthetic,near_null_effect
SYN-006770,control,1,1,0,synthetic,near_null_effect
SYN-006771,treatment,1,1,0,synthetic,near_null_effect
SYN-006772,control,1,1,0,synthetic,near_null_effect
SYN-006773,control,1,1,0,synthetic,near_null_effect
SYN-006774,control,1,1,0,synthetic,near_null_effect
SYN-006775,control,1,1,0,synthetic,near_null_effect
SYN-006776,control,1,1,0,synthetic,near_null_effect
SYN-006777,treatment,1,1,0,synthetic,near_null_effect
SYN-006778,control,1,1,0,synthetic,near_null_effect
SYN-006779,control,1,1,0,synthetic,near_null_effect
SYN-006780,control,1,1,0,synthetic,near_null_effect
SYN-006781,treatment,1,1,0,synthetic,near_null_effect
SYN-006782,treatment,1,1,0,synthetic,near_null_effect
SYN-006783,control,1,1,0,synthetic,near_null_effect
SYN-006784,control,1,1,0,synthetic,near_null_effect
SYN-006785,control,1,1,0,synthetic,near_null_effect
SYN-006786,treatment,1,1,0,synthetic,near_null_effect
SYN-006787,treatment,1,1,0,synthetic,near_null_effect
SYN-006788,control,1,1,0,synthetic,near_null_effect
SYN-006789,treatment,1,1,1,synthetic,near_null_effect
SYN-006790,control,1,1,0,synthetic,near_null_effect
SYN-006791,treatment,1,1,0,synthetic,near_null_effect
SYN-006792,treatment,1,1,0,synthetic,near_null_effect
SYN-006793,treatment,1,1,0,synthetic,near_null_effect
SYN-006794,treatment,1,1,0,synthetic,near_null_effect
SYN-006795,control,1,1,0,synthetic,near_null_effect
SYN-006796,control,1,1,0,synthetic,near_null_effect
SYN-006797,control,1,1,0,synthetic,near_null_effect
SYN-006798,control,1,1,0,synthetic,near_null_effect
SYN-006799,control,1,1,0,synthetic,near_null_effect
SYN-006800,control,1,1,0,synthetic,near_null_effect
SYN-006801,control,1,1,1,synthetic,near_null_effect
SYN-006802,control,1,1,0,synthetic,near_null_effect
SYN-006803,treatment,1,1,0,synthetic,near_null_effect
SYN-006804,treatment,1,1,0,synthetic,near_null_effect
SYN-006805,treatment,1,1,0,synthetic,near_null_effect
SYN-006806,treatment,1,1,1,synthetic,near_null_effect
SYN-006807,treatment,1,1,0,synthetic,near_null_effect
SYN-006808,treatment,1,1,0,synthetic,near_null_effect
SYN-006809,control,1,1,0,synthetic,near_null_effect
SYN-006810,treatment,1,1,0,synthetic,near_null_effect
SYN-006811,control,1,1,0,synthetic,near_null_effect
SYN-006812,treatment,1,1,0,synthetic,near_null_effect
SYN-006813,control,1,1,0,synthetic,near_null_effect
SYN-006814,treatment,1,1,0,synthetic,near_null_effect
SYN-006815,treatment,1,1,0,synthetic,near_null_effect
SYN-006816,treatment,1,1,1,synthetic,near_null_effect
SYN-006817,treatment,1,1,0,synthetic,near_null_effect
SYN-006818,control,1,1,0,synthetic,near_null_effect
SYN-006819,control,1,1,0,synthetic,near_null_effect
SYN-006820,treatment,1,1,1,synthetic,near_null_effect
SYN-006821,control,1,1,0,synthetic,near_null_effect
SYN-006822,control,1,1,0,synthetic,near_null_effect
SYN-006823,treatment,1,1,0,synthetic,near_null_effect
SYN-006824,treatment,1,1,1,synthetic,near_null_effect
SYN-006825,treatment,1,1,0,synthetic,near_null_effect
SYN-006826,control,1,1,0,synthetic,near_null_effect
SYN-006827,treatment,1,1,0,synthetic,near_null_effect
SYN-006828,treatment,1,1,0,synthetic,near_null_effect
SYN-006829,control,1,1,0,synthetic,near_null_effect
SYN-006830,control,1,1,0,synthetic,near_null_effect
SYN-006831,treatment,1,1,0,synthetic,near_null_effect
SYN-006832,control,1,1,1,synthetic,near_null_effect
SYN-006833,treatment,1,1,0,synthetic,near_null_effect
SYN-006834,treatment,1,1,0,synthetic,near_null_effect
SYN-006835,treatment,1,1,0,synthetic,near_null_effect
SYN-006836,control,1,1,0,synthetic,near_null_effect
SYN-006837,control,1,1,1,synthetic,near_null_effect
SYN-006838,control,1,1,0,synthetic,near_null_effect
SYN-006839,control,1,1,0,synthetic,near_null_effect
SYN-006840,control,1,1,0,synthetic,near_null_effect
SYN-006841,treatment,1,1,0,synthetic,near_null_effect
SYN-006842,treatment,1,1,0,synthetic,near_null_effect
SYN-006843,treatment,1,1,0,synthetic,near_null_effect
SYN-006844,control,1,1,0,synthetic,near_null_effect
SYN-006845,treatment,1,1,1,synthetic,near_null_effect
SYN-006846,control,1,1,0,synthetic,near_null_effect
SYN-006847,treatment,1,1,0,synthetic,near_null_effect
SYN-006848,control,1,1,0,synthetic,near_null_effect
SYN-006849,treatment,1,1,1,synthetic,near_null_effect
SYN-006850,control,1,1,0,synthetic,near_null_effect
SYN-006851,control,1,1,0,synthetic,near_null_effect
SYN-006852,control,1,1,0,synthetic,near_null_effect
SYN-006853,treatment,1,1,0,synthetic,near_null_effect
SYN-006854,treatment,1,1,0,synthetic,near_null_effect
SYN-006855,treatment,1,1,0,synthetic,near_null_effect
SYN-006856,control,1,1,0,synthetic,near_null_effect
SYN-006857,treatment,1,1,0,synthetic,near_null_effect
SYN-006858,control,1,1,1,synthetic,near_null_effect
SYN-006859,treatment,1,1,0,synthetic,near_null_effect
SYN-006860,control,1,1,0,synthetic,near_null_effect
SYN-006861,control,1,1,1,synthetic,near_null_effect
SYN-006862,control,1,1,0,synthetic,near_null_effect
SYN-006863,control,1,1,0,synthetic,near_null_effect
SYN-006864,treatment,1,1,0,synthetic,near_null_effect
SYN-006865,treatment,1,1,0,synthetic,near_null_effect
SYN-006866,control,1,1,0,synthetic,near_null_effect
SYN-006867,control,1,1,0,synthetic,near_null_effect
SYN-006868,treatment,1,1,0,synthetic,near_null_effect
SYN-006869,control,1,1,0,synthetic,near_null_effect
SYN-006870,treatment,1,1,0,synthetic,near_null_effect
SYN-006871,treatment,1,1,0,synthetic,near_null_effect
SYN-006872,treatment,1,1,0,synthetic,near_null_effect
SYN-006873,treatment,1,1,0,synthetic,near_null_effect
SYN-006874,treatment,1,1,0,synthetic,near_null_effect
SYN-006875,control,1,1,0,synthetic,near_null_effect
SYN-006876,treatment,1,1,0,synthetic,near_null_effect
SYN-006877,control,1,1,0,synthetic,near_null_effect
SYN-006878,treatment,1,1,0,synthetic,near_null_effect
SYN-006879,control,1,1,0,synthetic,near_null_effect
SYN-006880,control,1,1,0,synthetic,near_null_effect
SYN-006881,treatment,1,1,0,synthetic,near_null_effect
SYN-006882,control,1,1,0,synthetic,near_null_effect
SYN-006883,control,1,1,0,synthetic,near_null_effect
SYN-006884,control,1,1,0,synthetic,near_null_effect
SYN-006885,control,1,1,0,synthetic,near_null_effect
SYN-006886,treatment,1,1,0,synthetic,near_null_effect
SYN-006887,control,1,1,0,synthetic,near_null_effect
SYN-006888,control,1,1,0,synthetic,near_null_effect
SYN-006889,control,1,1,0,synthetic,near_null_effect
SYN-006890,control,1,1,0,synthetic,near_null_effect
SYN-006891,treatment,1,1,0,synthetic,near_null_effect
SYN-006892,treatment,1,1,0,synthetic,near_null_effect
SYN-006893,treatment,1,1,1,synthetic,near_null_effect
SYN-006894,treatment,1,1,0,synthetic,near_null_effect
SYN-006895,treatment,1,1,0,synthetic,near_null_effect
SYN-006896,control,1,1,0,synthetic,near_null_effect
SYN-006897,control,1,1,0,synthetic,near_null_effect
SYN-006898,control,1,1,1,synthetic,near_null_effect
SYN-006899,control,1,1,1,synthetic,near_null_effect
SYN-006900,treatment,1,1,0,synthetic,near_null_effect
SYN-006901,treatment,1,1,0,synthetic,near_null_effect
SYN-006902,control,1,1,0,synthetic,near_null_effect
SYN-006903,control,1,1,0,synthetic,near_null_effect
SYN-006904,treatment,1,1,0,synthetic,near_null_effect
SYN-006905,treatment,1,1,0,synthetic,near_null_effect
SYN-006906,treatment,1,1,0,synthetic,near_null_effect
SYN-006907,treatment,1,1,0,synthetic,near_null_effect
SYN-006908,control,1,1,1,synthetic,near_null_effect
SYN-006909,treatment,1,1,0,synthetic,near_null_effect
SYN-006910,control,1,1,1,synthetic,near_null_effect
SYN-006911,treatment,1,1,1,synthetic,near_null_effect
SYN-006912,treatment,1,1,0,synthetic,near_null_effect
SYN-006913,treatment,1,1,0,synthetic,near_null_effect
SYN-006914,control,1,1,0,synthetic,near_null_effect
SYN-006915,control,1,1,0,synthetic,near_null_effect
SYN-006916,treatment,1,1,1,synthetic,near_null_effect
SYN-006917,control,1,1,0,synthetic,near_null_effect
SYN-006918,control,1,1,0,synthetic,near_null_effect
SYN-006919,control,1,1,0,synthetic,near_null_effect
SYN-006920,control,1,1,0,synthetic,near_null_effect
SYN-006921,treatment,1,1,1,synthetic,near_null_effect
SYN-006922,treatment,1,1,1,synthetic,near_null_effect
SYN-006923,treatment,1,1,0,synthetic,near_null_effect
SYN-006924,control,1,1,1,synthetic,near_null_effect
SYN-006925,treatment,1,1,0,synthetic,near_null_effect
SYN-006926,treatment,1,1,0,synthetic,near_null_effect
SYN-006927,control,1,1,0,synthetic,near_null_effect
SYN-006928,treatment,1,1,0,synthetic,near_null_effect
SYN-006929,treatment,1,1,1,synthetic,near_null_effect
SYN-006930,control,1,1,0,synthetic,near_null_effect
SYN-006931,control,1,1,0,synthetic,near_null_effect
SYN-006932,treatment,1,1,0,synthetic,near_null_effect
SYN-006933,treatment,1,1,0,synthetic,near_null_effect
SYN-006934,treatment,1,1,0,synthetic,near_null_effect
SYN-006935,control,1,1,0,synthetic,near_null_effect
SYN-006936,treatment,1,1,0,synthetic,near_null_effect
SYN-006937,control,1,1,0,synthetic,near_null_effect
SYN-006938,control,1,1,0,synthetic,near_null_effect
SYN-006939,treatment,1,1,0,synthetic,near_null_effect
SYN-006940,control,1,1,0,synthetic,near_null_effect
SYN-006941,treatment,1,1,0,synthetic,near_null_effect
SYN-006942,treatment,1,1,1,synthetic,near_null_effect
SYN-006943,treatment,1,1,0,synthetic,near_null_effect
SYN-006944,control,1,1,0,synthetic,near_null_effect
SYN-006945,control,1,1,0,synthetic,near_null_effect
SYN-006946,control,1,1,0,synthetic,near_null_effect
SYN-006947,control,1,1,0,synthetic,near_null_effect
SYN-006948,treatment,1,1,0,synthetic,near_null_effect
SYN-006949,treatment,1,1,0,synthetic,near_null_effect
SYN-006950,control,1,1,0,synthetic,near_null_effect
SYN-006951,control,1,1,0,synthetic,near_null_effect
SYN-006952,control,1,1,1,synthetic,near_null_effect
SYN-006953,treatment,1,1,0,synthetic,near_null_effect
SYN-006954,treatment,1,1,0,synthetic,near_null_effect
SYN-006955,treatment,1,1,0,synthetic,near_null_effect
SYN-006956,control,1,1,0,synthetic,near_null_effect
SYN-006957,treatment,1,1,0,synthetic,near_null_effect
SYN-006958,treatment,1,1,1,synthetic,near_null_effect
SYN-006959,control,1,1,0,synthetic,near_null_effect
SYN-006960,control,1,1,0,synthetic,near_null_effect
SYN-006961,treatment,1,1,0,synthetic,near_null_effect
SYN-006962,treatment,1,1,1,synthetic,near_null_effect
SYN-006963,treatment,1,1,0,synthetic,near_null_effect
SYN-006964,treatment,1,1,0,synthetic,near_null_effect
SYN-006965,treatment,1,1,0,synthetic,near_null_effect
SYN-006966,treatment,1,1,0,synthetic,near_null_effect
SYN-006967,treatment,1,1,0,synthetic,near_null_effect
SYN-006968,control,1,1,0,synthetic,near_null_effect
SYN-006969,treatment,1,1,0,synthetic,near_null_effect
SYN-006970,treatment,1,1,0,synthetic,near_null_effect
SYN-006971,control,1,1,0,synthetic,near_null_effect
SYN-006972,treatment,1,1,0,synthetic,near_null_effect
SYN-006973,treatment,1,1,0,synthetic,near_null_effect
SYN-006974,control,1,1,1,synthetic,near_null_effect
SYN-006975,treatment,1,1,0,synthetic,near_null_effect
SYN-006976,control,1,1,0,synthetic,near_null_effect
SYN-006977,control,1,1,0,synthetic,near_null_effect
SYN-006978,control,1,1,0,synthetic,near_null_effect
SYN-006979,control,1,1,0,synthetic,near_null_effect
SYN-006980,treatment,1,1,0,synthetic,near_null_effect
SYN-006981,treatment,1,1,0,synthetic,near_null_effect
SYN-006982,treatment,1,1,1,synthetic,near_null_effect
SYN-006983,treatment,1,1,1,synthetic,near_null_effect
SYN-006984,treatment,1,1,0,synthetic,near_null_effect
SYN-006985,treatment,1,1,0,synthetic,near_null_effect
SYN-006986,control,1,1,0,synthetic,near_null_effect
SYN-006987,control,1,1,0,synthetic,near_null_effect
SYN-006988,treatment,1,1,1,synthetic,near_null_effect
SYN-006989,control,1,1,0,synthetic,near_null_effect
SYN-006990,control,1,1,1,synthetic,near_null_effect
SYN-006991,treatment,1,1,1,synthetic,near_null_effect
SYN-006992,control,1,1,0,synthetic,near_null_effect
SYN-006993,control,1,1,0,synthetic,near_null_effect
SYN-006994,treatment,1,1,0,synthetic,near_null_effect
SYN-006995,control,1,1,0,synthetic,near_null_effect
SYN-006996,treatment,1,1,0,synthetic,near_null_effect
SYN-006997,treatment,1,1,0,synthetic,near_null_effect
SYN-006998,control,1,1,0,synthetic,near_null_effect
SYN-006999,treatment,1,1,1,synthetic,near_null_effect
SYN-007000,treatment,1,1,0,synthetic,near_null_effect
SYN-007001,control,1,1,0,synthetic,near_null_effect
SYN-007002,control,1,1,0,synthetic,near_null_effect
SYN-007003,treatment,1,1,0,synthetic,near_null_effect
SYN-007004,treatment,1,1,0,synthetic,near_null_effect
SYN-007005,treatment,1,1,0,synthetic,near_null_effect
SYN-007006,treatment,1,1,0,synthetic,near_null_effect
SYN-007007,treatment,1,1,0,synthetic,near_null_effect
SYN-007008,control,1,1,0,synthetic,near_null_effect
SYN-007009,control,1,1,1,synthetic,near_null_effect
SYN-007010,control,1,1,0,synthetic,near_null_effect
SYN-007011,treatment,1,1,0,synthetic,near_null_effect
SYN-007012,control,1,1,0,synthetic,near_null_effect
SYN-007013,control,1,1,0,synthetic,near_null_effect
SYN-007014,treatment,1,1,0,synthetic,near_null_effect
SYN-007015,treatment,1,1,1,synthetic,near_null_effect
SYN-007016,treatment,1,1,0,synthetic,near_null_effect
SYN-007017,treatment,1,1,0,synthetic,near_null_effect
SYN-007018,control,1,1,0,synthetic,near_null_effect
SYN-007019,treatment,1,1,0,synthetic,near_null_effect
SYN-007020,control,1,1,0,synthetic,near_null_effect
SYN-007021,control,1,1,1,synthetic,near_null_effect
SYN-007022,treatment,1,1,1,synthetic,near_null_effect
SYN-007023,control,1,1,0,synthetic,near_null_effect
SYN-007024,treatment,1,1,0,synthetic,near_null_effect
SYN-007025,control,1,1,0,synthetic,near_null_effect
SYN-007026,treatment,1,1,0,synthetic,near_null_effect
SYN-007027,treatment,1,1,0,synthetic,near_null_effect
SYN-007028,treatment,1,1,0,synthetic,near_null_effect
SYN-007029,control,1,1,0,synthetic,near_null_effect
SYN-007030,treatment,1,1,0,synthetic,near_null_effect
SYN-007031,treatment,1,1,1,synthetic,near_null_effect
SYN-007032,control,1,1,1,synthetic,near_null_effect
SYN-007033,control,1,1,1,synthetic,near_null_effect
SYN-007034,treatment,1,1,0,synthetic,near_null_effect
SYN-007035,treatment,1,1,0,synthetic,near_null_effect
SYN-007036,treatment,1,1,0,synthetic,near_null_effect
SYN-007037,control,1,1,0,synthetic,near_null_effect
SYN-007038,treatment,1,1,0,synthetic,near_null_effect
SYN-007039,control,1,1,0,synthetic,near_null_effect
SYN-007040,control,1,1,0,synthetic,near_null_effect
SYN-007041,treatment,1,1,0,synthetic,near_null_effect
SYN-007042,control,1,1,0,synthetic,near_null_effect
SYN-007043,treatment,1,1,0,synthetic,near_null_effect
SYN-007044,treatment,1,1,0,synthetic,near_null_effect
SYN-007045,treatment,1,1,0,synthetic,near_null_effect
SYN-007046,control,1,1,0,synthetic,near_null_effect
SYN-007047,control,1,1,0,synthetic,near_null_effect
SYN-007048,treatment,1,1,0,synthetic,near_null_effect
SYN-007049,treatment,1,1,0,synthetic,near_null_effect
SYN-007050,treatment,1,1,0,synthetic,near_null_effect
SYN-007051,treatment,1,1,1,synthetic,near_null_effect
SYN-007052,control,1,1,1,synthetic,near_null_effect
SYN-007053,treatment,1,1,0,synthetic,near_null_effect
SYN-007054,treatment,1,1,1,synthetic,near_null_effect
SYN-007055,control,1,1,0,synthetic,near_null_effect
SYN-007056,treatment,1,1,0,synthetic,near_null_effect
SYN-007057,control,1,1,0,synthetic,near_null_effect
SYN-007058,treatment,1,1,1,synthetic,near_null_effect
SYN-007059,treatment,1,1,0,synthetic,near_null_effect
SYN-007060,control,1,1,0,synthetic,near_null_effect
SYN-007061,control,1,1,0,synthetic,near_null_effect
SYN-007062,control,1,1,0,synthetic,near_null_effect
SYN-007063,treatment,1,1,0,synthetic,near_null_effect
SYN-007064,treatment,1,1,0,synthetic,near_null_effect
SYN-007065,treatment,1,1,0,synthetic,near_null_effect
SYN-007066,control,1,1,0,synthetic,near_null_effect
SYN-007067,treatment,1,1,0,synthetic,near_null_effect
SYN-007068,treatment,1,1,0,synthetic,near_null_effect
SYN-007069,control,1,1,0,synthetic,near_null_effect
SYN-007070,control,1,1,0,synthetic,near_null_effect
SYN-007071,control,1,1,0,synthetic,near_null_effect
SYN-007072,treatment,1,1,0,synthetic,near_null_effect
SYN-007073,treatment,1,1,0,synthetic,near_null_effect
SYN-007074,control,1,1,0,synthetic,near_null_effect
SYN-007075,treatment,1,1,0,synthetic,near_null_effect
SYN-007076,control,1,1,0,synthetic,near_null_effect
SYN-007077,control,1,1,0,synthetic,near_null_effect
SYN-007078,treatment,1,1,0,synthetic,near_null_effect
SYN-007079,control,1,1,0,synthetic,near_null_effect
SYN-007080,treatment,1,1,0,synthetic,near_null_effect
SYN-007081,control,1,1,0,synthetic,near_null_effect
SYN-007082,control,1,1,0,synthetic,near_null_effect
SYN-007083,treatment,1,1,0,synthetic,near_null_effect
SYN-007084,treatment,1,1,0,synthetic,near_null_effect
SYN-007085,treatment,1,1,0,synthetic,near_null_effect
SYN-007086,treatment,1,1,0,synthetic,near_null_effect
SYN-007087,treatment,1,1,0,synthetic,near_null_effect
SYN-007088,control,1,1,0,synthetic,near_null_effect
SYN-007089,control,1,1,0,synthetic,near_null_effect
SYN-007090,treatment,1,1,0,synthetic,near_null_effect
SYN-007091,control,1,1,0,synthetic,near_null_effect
SYN-007092,treatment,1,1,0,synthetic,near_null_effect
SYN-007093,treatment,1,1,0,synthetic,near_null_effect
SYN-007094,treatment,1,1,0,synthetic,near_null_effect
SYN-007095,treatment,1,1,0,synthetic,near_null_effect
SYN-007096,control,1,1,0,synthetic,near_null_effect
SYN-007097,control,1,1,0,synthetic,near_null_effect
SYN-007098,control,1,1,0,synthetic,near_null_effect
SYN-007099,treatment,1,1,0,synthetic,near_null_effect
SYN-007100,control,1,1,0,synthetic,near_null_effect
SYN-007101,control,1,1,0,synthetic,near_null_effect
SYN-007102,control,1,1,0,synthetic,near_null_effect
SYN-007103,treatment,1,1,0,synthetic,near_null_effect
SYN-007104,control,1,1,0,synthetic,near_null_effect
SYN-007105,treatment,1,1,0,synthetic,near_null_effect
SYN-007106,treatment,1,1,0,synthetic,near_null_effect
SYN-007107,treatment,1,1,0,synthetic,near_null_effect
SYN-007108,control,1,1,0,synthetic,near_null_effect
SYN-007109,treatment,1,1,0,synthetic,near_null_effect
SYN-007110,treatment,1,1,0,synthetic,near_null_effect
SYN-007111,control,1,1,0,synthetic,near_null_effect
SYN-007112,treatment,1,1,0,synthetic,near_null_effect
SYN-007113,treatment,1,1,0,synthetic,near_null_effect
SYN-007114,control,1,1,0,synthetic,near_null_effect
SYN-007115,control,1,1,0,synthetic,near_null_effect
SYN-007116,treatment,1,1,0,synthetic,near_null_effect
SYN-007117,control,1,1,0,synthetic,near_null_effect
SYN-007118,control,1,1,0,synthetic,near_null_effect
SYN-007119,treatment,1,1,0,synthetic,near_null_effect
SYN-007120,treatment,1,1,0,synthetic,near_null_effect
SYN-007121,control,1,1,0,synthetic,near_null_effect
SYN-007122,control,1,1,0,synthetic,near_null_effect
SYN-007123,control,1,1,1,synthetic,near_null_effect
SYN-007124,control,1,1,0,synthetic,near_null_effect
SYN-007125,control,1,1,0,synthetic,near_null_effect
SYN-007126,treatment,1,1,0,synthetic,near_null_effect
SYN-007127,treatment,1,1,0,synthetic,near_null_effect
SYN-007128,treatment,1,1,0,synthetic,near_null_effect
SYN-007129,treatment,1,1,0,synthetic,near_null_effect
SYN-007130,treatment,1,1,0,synthetic,near_null_effect
SYN-007131,treatment,1,1,0,synthetic,near_null_effect
SYN-007132,treatment,1,1,0,synthetic,near_null_effect
SYN-007133,control,1,1,0,synthetic,near_null_effect
SYN-007134,control,1,1,0,synthetic,near_null_effect
SYN-007135,control,1,1,0,synthetic,near_null_effect
SYN-007136,treatment,1,1,1,synthetic,near_null_effect
SYN-007137,control,1,1,0,synthetic,near_null_effect
SYN-007138,control,1,1,0,synthetic,near_null_effect
SYN-007139,control,1,1,0,synthetic,near_null_effect
SYN-007140,control,1,1,0,synthetic,near_null_effect
SYN-007141,treatment,1,1,1,synthetic,near_null_effect
SYN-007142,treatment,1,1,0,synthetic,near_null_effect
SYN-007143,treatment,1,1,0,synthetic,near_null_effect
SYN-007144,control,1,1,0,synthetic,near_null_effect
SYN-007145,control,1,1,0,synthetic,near_null_effect
SYN-007146,control,1,1,0,synthetic,near_null_effect
SYN-007147,control,1,1,0,synthetic,near_null_effect
SYN-007148,treatment,1,1,0,synthetic,near_null_effect
SYN-007149,control,1,1,0,synthetic,near_null_effect
SYN-007150,control,1,1,0,synthetic,near_null_effect
SYN-007151,treatment,1,1,0,synthetic,near_null_effect
SYN-007152,treatment,1,1,0,synthetic,near_null_effect
SYN-007153,control,1,1,0,synthetic,near_null_effect
SYN-007154,control,1,1,0,synthetic,near_null_effect
SYN-007155,control,1,1,0,synthetic,near_null_effect
SYN-007156,treatment,1,1,0,synthetic,near_null_effect
SYN-007157,treatment,1,1,0,synthetic,near_null_effect
SYN-007158,control,1,1,0,synthetic,near_null_effect
SYN-007159,control,1,1,0,synthetic,near_null_effect
SYN-007160,control,1,1,0,synthetic,near_null_effect
SYN-007161,control,1,1,0,synthetic,near_null_effect
SYN-007162,control,1,1,0,synthetic,near_null_effect
SYN-007163,treatment,1,1,0,synthetic,near_null_effect
SYN-007164,treatment,1,1,1,synthetic,near_null_effect
SYN-007165,control,1,1,0,synthetic,near_null_effect
SYN-007166,control,1,1,0,synthetic,near_null_effect
SYN-007167,treatment,1,1,0,synthetic,near_null_effect
SYN-007168,control,1,1,0,synthetic,near_null_effect
SYN-007169,treatment,1,1,0,synthetic,near_null_effect
SYN-007170,treatment,1,1,0,synthetic,near_null_effect
SYN-007171,control,1,1,0,synthetic,near_null_effect
SYN-007172,treatment,1,1,0,synthetic,near_null_effect
SYN-007173,treatment,1,1,0,synthetic,near_null_effect
SYN-007174,treatment,1,1,0,synthetic,near_null_effect
SYN-007175,control,1,1,0,synthetic,near_null_effect
SYN-007176,control,1,1,0,synthetic,near_null_effect
SYN-007177,treatment,1,1,0,synthetic,near_null_effect
SYN-007178,treatment,1,1,0,synthetic,near_null_effect
SYN-007179,treatment,1,1,0,synthetic,near_null_effect
SYN-007180,treatment,1,1,0,synthetic,near_null_effect
SYN-007181,control,1,1,0,synthetic,near_null_effect
SYN-007182,treatment,1,1,0,synthetic,near_null_effect
SYN-007183,control,1,1,0,synthetic,near_null_effect
SYN-007184,treatment,1,1,0,synthetic,near_null_effect
SYN-007185,control,1,1,0,synthetic,near_null_effect
SYN-007186,treatment,1,1,0,synthetic,near_null_effect
SYN-007187,control,1,1,0,synthetic,near_null_effect
SYN-007188,treatment,1,1,0,synthetic,near_null_effect
SYN-007189,control,1,1,0,synthetic,near_null_effect
SYN-007190,treatment,1,1,0,synthetic,near_null_effect
SYN-007191,control,1,1,0,synthetic,near_null_effect
SYN-007192,treatment,1,1,0,synthetic,near_null_effect
SYN-007193,treatment,1,1,0,synthetic,near_null_effect
SYN-007194,treatment,1,1,0,synthetic,near_null_effect
SYN-007195,treatment,1,1,0,synthetic,near_null_effect
SYN-007196,treatment,1,1,0,synthetic,near_null_effect
SYN-007197,control,1,1,1,synthetic,near_null_effect
SYN-007198,treatment,1,1,0,synthetic,near_null_effect
SYN-007199,control,1,1,0,synthetic,near_null_effect
SYN-007200,treatment,1,1,0,synthetic,near_null_effect
SYN-007201,treatment,1,1,0,synthetic,near_null_effect
SYN-007202,control,1,1,0,synthetic,near_null_effect
SYN-007203,control,1,1,0,synthetic,near_null_effect
SYN-007204,treatment,1,1,0,synthetic,near_null_effect
SYN-007205,control,1,1,0,synthetic,near_null_effect
SYN-007206,control,1,1,0,synthetic,near_null_effect
SYN-007207,control,1,1,0,synthetic,near_null_effect
SYN-007208,treatment,1,1,0,synthetic,near_null_effect
SYN-007209,treatment,1,1,0,synthetic,near_null_effect
SYN-007210,control,1,1,0,synthetic,near_null_effect
SYN-007211,treatment,1,1,0,synthetic,near_null_effect
SYN-007212,treatment,1,1,0,synthetic,near_null_effect
SYN-007213,treatment,1,1,0,synthetic,near_null_effect
SYN-007214,treatment,1,1,0,synthetic,near_null_effect
SYN-007215,treatment,1,1,0,synthetic,near_null_effect
SYN-007216,control,1,1,0,synthetic,near_null_effect
SYN-007217,treatment,1,1,0,synthetic,near_null_effect
SYN-007218,control,1,1,0,synthetic,near_null_effect
SYN-007219,control,1,1,0,synthetic,near_null_effect
SYN-007220,treatment,1,1,0,synthetic,near_null_effect
SYN-007221,control,1,1,0,synthetic,near_null_effect
SYN-007222,control,1,1,0,synthetic,near_null_effect
SYN-007223,treatment,1,1,0,synthetic,near_null_effect
SYN-007224,control,1,1,0,synthetic,near_null_effect
SYN-007225,control,1,1,0,synthetic,near_null_effect
SYN-007226,treatment,1,1,1,synthetic,near_null_effect
SYN-007227,control,1,1,0,synthetic,near_null_effect
SYN-007228,control,1,1,0,synthetic,near_null_effect
SYN-007229,treatment,1,1,1,synthetic,near_null_effect
SYN-007230,treatment,1,1,0,synthetic,near_null_effect
SYN-007231,treatment,1,1,0,synthetic,near_null_effect
SYN-007232,control,1,1,0,synthetic,near_null_effect
SYN-007233,control,1,1,1,synthetic,near_null_effect
SYN-007234,control,1,1,0,synthetic,near_null_effect
SYN-007235,treatment,1,1,1,synthetic,near_null_effect
SYN-007236,treatment,1,1,0,synthetic,near_null_effect
SYN-007237,control,1,1,0,synthetic,near_null_effect
SYN-007238,treatment,1,1,0,synthetic,near_null_effect
SYN-007239,control,1,1,0,synthetic,near_null_effect
SYN-007240,control,1,1,0,synthetic,near_null_effect
SYN-007241,treatment,1,1,0,synthetic,near_null_effect
SYN-007242,control,1,1,1,synthetic,near_null_effect
SYN-007243,treatment,1,1,1,synthetic,near_null_effect
SYN-007244,treatment,1,1,0,synthetic,near_null_effect
SYN-007245,treatment,1,1,0,synthetic,near_null_effect
SYN-007246,control,1,1,0,synthetic,near_null_effect
SYN-007247,control,1,1,0,synthetic,near_null_effect
SYN-007248,treatment,1,1,1,synthetic,near_null_effect
SYN-007249,treatment,1,1,0,synthetic,near_null_effect
SYN-007250,treatment,1,1,0,synthetic,near_null_effect
SYN-007251,treatment,1,1,0,synthetic,near_null_effect
SYN-007252,control,1,1,0,synthetic,near_null_effect
SYN-007253,treatment,1,1,0,synthetic,near_null_effect
SYN-007254,treatment,1,1,0,synthetic,near_null_effect
SYN-007255,control,1,1,0,synthetic,near_null_effect
SYN-007256,control,1,1,0,synthetic,near_null_effect
SYN-007257,treatment,1,1,0,synthetic,near_null_effect
SYN-007258,control,1,1,0,synthetic,near_null_effect
SYN-007259,treatment,1,1,0,synthetic,near_null_effect
SYN-007260,control,1,1,0,synthetic,near_null_effect
SYN-007261,treatment,1,1,0,synthetic,near_null_effect
SYN-007262,control,1,1,0,synthetic,near_null_effect
SYN-007263,treatment,1,1,0,synthetic,near_null_effect
SYN-007264,control,1,1,0,synthetic,near_null_effect
SYN-007265,treatment,1,1,0,synthetic,near_null_effect
SYN-007266,control,1,1,0,synthetic,near_null_effect
SYN-007267,control,1,1,0,synthetic,near_null_effect
SYN-007268,treatment,1,1,0,synthetic,near_null_effect
SYN-007269,control,1,1,0,synthetic,near_null_effect
SYN-007270,treatment,1,1,0,synthetic,near_null_effect
SYN-007271,control,1,1,0,synthetic,near_null_effect
SYN-007272,treatment,1,1,1,synthetic,near_null_effect
SYN-007273,treatment,1,1,0,synthetic,near_null_effect
SYN-007274,control,1,1,0,synthetic,near_null_effect
SYN-007275,control,1,1,0,synthetic,near_null_effect
SYN-007276,control,1,1,0,synthetic,near_null_effect
SYN-007277,treatment,1,1,0,synthetic,near_null_effect
SYN-007278,control,1,1,0,synthetic,near_null_effect
SYN-007279,treatment,1,1,0,synthetic,near_null_effect
SYN-007280,treatment,1,1,1,synthetic,near_null_effect
SYN-007281,control,1,1,0,synthetic,near_null_effect
SYN-007282,control,1,1,0,synthetic,near_null_effect
SYN-007283,control,1,1,0,synthetic,near_null_effect
SYN-007284,control,1,1,0,synthetic,near_null_effect
SYN-007285,control,1,1,0,synthetic,near_null_effect
SYN-007286,treatment,1,1,0,synthetic,near_null_effect
SYN-007287,treatment,1,1,0,synthetic,near_null_effect
SYN-007288,treatment,1,1,0,synthetic,near_null_effect
SYN-007289,control,1,1,0,synthetic,near_null_effect
SYN-007290,control,1,1,0,synthetic,near_null_effect
SYN-007291,control,1,1,0,synthetic,near_null_effect
SYN-007292,control,1,1,0,synthetic,near_null_effect
SYN-007293,treatment,1,1,0,synthetic,near_null_effect
SYN-007294,control,1,1,0,synthetic,near_null_effect
SYN-007295,treatment,1,1,0,synthetic,near_null_effect
SYN-007296,control,1,1,0,synthetic,near_null_effect
SYN-007297,treatment,1,1,0,synthetic,near_null_effect
SYN-007298,treatment,1,1,0,synthetic,near_null_effect
SYN-007299,treatment,1,1,0,synthetic,near_null_effect
SYN-007300,control,1,1,0,synthetic,near_null_effect
SYN-007301,treatment,1,1,0,synthetic,near_null_effect
SYN-007302,control,1,1,0,synthetic,near_null_effect
SYN-007303,control,1,1,0,synthetic,near_null_effect
SYN-007304,control,1,1,0,synthetic,near_null_effect
SYN-007305,control,1,1,0,synthetic,near_null_effect
SYN-007306,treatment,1,1,0,synthetic,near_null_effect
SYN-007307,control,1,1,1,synthetic,near_null_effect
SYN-007308,control,1,1,0,synthetic,near_null_effect
SYN-007309,control,1,1,0,synthetic,near_null_effect
SYN-007310,treatment,1,1,0,synthetic,near_null_effect
SYN-007311,control,1,1,0,synthetic,near_null_effect
SYN-007312,control,1,1,0,synthetic,near_null_effect
SYN-007313,control,1,1,0,synthetic,near_null_effect
SYN-007314,control,1,1,0,synthetic,near_null_effect
SYN-007315,treatment,1,1,0,synthetic,near_null_effect
SYN-007316,control,1,1,0,synthetic,near_null_effect
SYN-007317,control,1,1,0,synthetic,near_null_effect
SYN-007318,control,1,1,0,synthetic,near_null_effect
SYN-007319,control,1,1,0,synthetic,near_null_effect
SYN-007320,treatment,1,1,0,synthetic,near_null_effect
SYN-007321,control,1,1,0,synthetic,near_null_effect
SYN-007322,treatment,1,1,0,synthetic,near_null_effect
SYN-007323,control,1,1,0,synthetic,near_null_effect
SYN-007324,control,1,1,0,synthetic,near_null_effect
SYN-007325,control,1,1,0,synthetic,near_null_effect
SYN-007326,control,1,1,0,synthetic,near_null_effect
SYN-007327,treatment,1,1,0,synthetic,near_null_effect
SYN-007328,treatment,1,1,0,synthetic,near_null_effect
SYN-007329,control,1,1,0,synthetic,near_null_effect
SYN-007330,treatment,1,1,0,synthetic,near_null_effect
SYN-007331,control,1,1,0,synthetic,near_null_effect
SYN-007332,control,1,1,0,synthetic,near_null_effect
SYN-007333,treatment,1,1,0,synthetic,near_null_effect
SYN-007334,treatment,1,1,0,synthetic,near_null_effect
SYN-007335,control,1,1,0,synthetic,near_null_effect
SYN-007336,treatment,1,1,1,synthetic,near_null_effect
SYN-007337,treatment,1,1,1,synthetic,near_null_effect
SYN-007338,control,1,1,0,synthetic,near_null_effect
SYN-007339,treatment,1,1,0,synthetic,near_null_effect
SYN-007340,control,1,1,0,synthetic,near_null_effect
SYN-007341,control,1,1,0,synthetic,near_null_effect
SYN-007342,control,1,1,0,synthetic,near_null_effect
SYN-007343,control,1,1,0,synthetic,near_null_effect
SYN-007344,treatment,1,1,0,synthetic,near_null_effect
SYN-007345,treatment,1,1,0,synthetic,near_null_effect
SYN-007346,control,1,1,0,synthetic,near_null_effect
SYN-007347,control,1,1,0,synthetic,near_null_effect
SYN-007348,treatment,1,1,0,synthetic,near_null_effect
SYN-007349,control,1,1,0,synthetic,near_null_effect
SYN-007350,treatment,1,1,0,synthetic,near_null_effect
SYN-007351,treatment,1,1,0,synthetic,near_null_effect
SYN-007352,treatment,1,1,0,synthetic,near_null_effect
SYN-007353,treatment,1,1,0,synthetic,near_null_effect
SYN-007354,treatment,1,1,0,synthetic,near_null_effect
SYN-007355,treatment,1,1,0,synthetic,near_null_effect
SYN-007356,treatment,1,1,0,synthetic,near_null_effect
SYN-007357,treatment,1,1,0,synthetic,near_null_effect
SYN-007358,control,1,1,0,synthetic,near_null_effect
SYN-007359,control,1,1,0,synthetic,near_null_effect
SYN-007360,control,1,1,0,synthetic,near_null_effect
SYN-007361,control,1,1,0,synthetic,near_null_effect
SYN-007362,treatment,1,1,0,synthetic,near_null_effect
SYN-007363,treatment,1,1,0,synthetic,near_null_effect
SYN-007364,treatment,1,1,0,synthetic,near_null_effect
SYN-007365,treatment,1,1,0,synthetic,near_null_effect
SYN-007366,control,1,1,0,synthetic,near_null_effect
SYN-007367,treatment,1,1,0,synthetic,near_null_effect
SYN-007368,treatment,1,1,0,synthetic,near_null_effect
SYN-007369,treatment,1,1,0,synthetic,near_null_effect
SYN-007370,control,1,1,0,synthetic,near_null_effect
SYN-007371,control,1,1,1,synthetic,near_null_effect
SYN-007372,treatment,1,1,0,synthetic,near_null_effect
SYN-007373,treatment,1,1,0,synthetic,near_null_effect
SYN-007374,control,1,1,0,synthetic,near_null_effect
SYN-007375,treatment,1,1,0,synthetic,near_null_effect
SYN-007376,control,1,1,0,synthetic,near_null_effect
SYN-007377,treatment,1,1,0,synthetic,near_null_effect
SYN-007378,control,1,1,0,synthetic,near_null_effect
SYN-007379,treatment,1,1,0,synthetic,near_null_effect
SYN-007380,treatment,1,1,0,synthetic,near_null_effect
SYN-007381,treatment,1,1,0,synthetic,near_null_effect
SYN-007382,control,1,1,0,synthetic,near_null_effect
SYN-007383,treatment,1,1,0,synthetic,near_null_effect
SYN-007384,treatment,1,1,0,synthetic,near_null_effect
SYN-007385,control,1,1,0,synthetic,near_null_effect
SYN-007386,control,1,1,0,synthetic,near_null_effect
SYN-007387,control,1,1,0,synthetic,near_null_effect
SYN-007388,control,1,1,0,synthetic,near_null_effect
SYN-007389,control,1,1,1,synthetic,near_null_effect
SYN-007390,control,1,1,0,synthetic,near_null_effect
SYN-007391,control,1,1,0,synthetic,near_null_effect
SYN-007392,control,1,1,0,synthetic,near_null_effect
SYN-007393,control,1,1,0,synthetic,near_null_effect
SYN-007394,control,1,1,1,synthetic,near_null_effect
SYN-007395,control,1,1,0,synthetic,near_null_effect
SYN-007396,control,1,1,0,synthetic,near_null_effect
SYN-007397,control,1,1,0,synthetic,near_null_effect
SYN-007398,treatment,1,1,0,synthetic,near_null_effect
SYN-007399,treatment,1,1,0,synthetic,near_null_effect
SYN-007400,treatment,1,1,1,synthetic,near_null_effect
SYN-007401,treatment,1,1,0,synthetic,near_null_effect
SYN-007402,control,1,1,0,synthetic,near_null_effect
SYN-007403,treatment,1,1,0,synthetic,near_null_effect
SYN-007404,treatment,1,1,0,synthetic,near_null_effect
SYN-007405,treatment,1,1,0,synthetic,near_null_effect
SYN-007406,control,1,1,1,synthetic,near_null_effect
SYN-007407,control,1,1,0,synthetic,near_null_effect
SYN-007408,treatment,1,1,0,synthetic,near_null_effect
SYN-007409,treatment,1,1,0,synthetic,near_null_effect
SYN-007410,treatment,1,1,0,synthetic,near_null_effect
SYN-007411,control,1,1,0,synthetic,near_null_effect
SYN-007412,treatment,1,1,0,synthetic,near_null_effect
SYN-007413,control,1,1,0,synthetic,near_null_effect
SYN-007414,control,1,1,0,synthetic,near_null_effect
SYN-007415,treatment,1,1,0,synthetic,near_null_effect
SYN-007416,control,1,1,0,synthetic,near_null_effect
SYN-007417,treatment,1,1,0,synthetic,near_null_effect
SYN-007418,treatment,1,1,0,synthetic,near_null_effect
SYN-007419,control,1,1,0,synthetic,near_null_effect
SYN-007420,control,1,1,0,synthetic,near_null_effect
SYN-007421,control,1,1,1,synthetic,near_null_effect
SYN-007422,treatment,1,1,0,synthetic,near_null_effect
SYN-007423,treatment,1,1,0,synthetic,near_null_effect
SYN-007424,treatment,1,1,0,synthetic,near_null_effect
SYN-007425,treatment,1,1,0,synthetic,near_null_effect
SYN-007426,control,1,1,0,synthetic,near_null_effect
SYN-007427,treatment,1,1,0,synthetic,near_null_effect
SYN-007428,control,1,1,1,synthetic,near_null_effect
SYN-007429,treatment,1,1,0,synthetic,near_null_effect
SYN-007430,treatment,1,1,0,synthetic,near_null_effect
SYN-007431,control,1,1,0,synthetic,near_null_effect
SYN-007432,control,1,1,1,synthetic,near_null_effect
SYN-007433,control,1,1,0,synthetic,near_null_effect
SYN-007434,treatment,1,1,0,synthetic,near_null_effect
SYN-007435,treatment,1,1,0,synthetic,near_null_effect
SYN-007436,treatment,1,1,0,synthetic,near_null_effect
SYN-007437,control,1,1,0,synthetic,near_null_effect
SYN-007438,treatment,1,1,0,synthetic,near_null_effect
SYN-007439,treatment,1,1,0,synthetic,near_null_effect
SYN-007440,control,1,1,0,synthetic,near_null_effect
SYN-007441,control,1,1,0,synthetic,near_null_effect
SYN-007442,control,1,1,1,synthetic,near_null_effect
SYN-007443,control,1,1,0,synthetic,near_null_effect
SYN-007444,control,1,1,0,synthetic,near_null_effect
SYN-007445,control,1,1,0,synthetic,near_null_effect
SYN-007446,control,1,1,0,synthetic,near_null_effect
SYN-007447,treatment,1,1,0,synthetic,near_null_effect
SYN-007448,control,1,1,0,synthetic,near_null_effect
SYN-007449,control,1,1,0,synthetic,near_null_effect
SYN-007450,treatment,1,1,0,synthetic,near_null_effect
SYN-007451,control,1,1,0,synthetic,near_null_effect
SYN-007452,treatment,1,1,0,synthetic,near_null_effect
SYN-007453,control,1,1,0,synthetic,near_null_effect
SYN-007454,treatment,1,1,0,synthetic,near_null_effect
SYN-007455,control,1,1,0,synthetic,near_null_effect
SYN-007456,control,1,1,0,synthetic,near_null_effect
SYN-007457,treatment,1,1,0,synthetic,near_null_effect
SYN-007458,control,1,1,0,synthetic,near_null_effect
SYN-007459,treatment,1,1,0,synthetic,near_null_effect
SYN-007460,control,1,1,0,synthetic,near_null_effect
SYN-007461,treatment,1,1,0,synthetic,near_null_effect
SYN-007462,treatment,1,1,0,synthetic,near_null_effect
SYN-007463,control,1,1,0,synthetic,near_null_effect
SYN-007464,treatment,1,1,0,synthetic,near_null_effect
SYN-007465,treatment,1,1,0,synthetic,near_null_effect
SYN-007466,control,1,1,0,synthetic,near_null_effect
SYN-007467,treatment,1,1,0,synthetic,near_null_effect
SYN-007468,treatment,1,1,0,synthetic,near_null_effect
SYN-007469,control,1,1,0,synthetic,near_null_effect
SYN-007470,treatment,1,1,0,synthetic,near_null_effect
SYN-007471,treatment,1,1,0,synthetic,near_null_effect
SYN-007472,treatment,1,1,0,synthetic,near_null_effect
SYN-007473,treatment,1,1,0,synthetic,near_null_effect
SYN-007474,treatment,1,1,0,synthetic,near_null_effect
SYN-007475,control,1,1,0,synthetic,near_null_effect
SYN-007476,control,1,1,0,synthetic,near_null_effect
SYN-007477,treatment,1,1,0,synthetic,near_null_effect
SYN-007478,treatment,1,1,0,synthetic,near_null_effect
SYN-007479,control,1,1,0,synthetic,near_null_effect
SYN-007480,control,1,1,0,synthetic,near_null_effect
SYN-007481,treatment,1,1,1,synthetic,near_null_effect
SYN-007482,control,1,1,0,synthetic,near_null_effect
SYN-007483,control,1,1,0,synthetic,near_null_effect
SYN-007484,control,1,1,0,synthetic,near_null_effect
SYN-007485,treatment,1,1,0,synthetic,near_null_effect
SYN-007486,control,1,1,0,synthetic,near_null_effect
SYN-007487,treatment,1,1,0,synthetic,near_null_effect
SYN-007488,control,1,1,0,synthetic,near_null_effect
SYN-007489,treatment,1,1,0,synthetic,near_null_effect
SYN-007490,treatment,1,1,0,synthetic,near_null_effect
SYN-007491,control,1,1,0,synthetic,near_null_effect
SYN-007492,treatment,1,1,0,synthetic,near_null_effect
SYN-007493,control,1,1,1,synthetic,near_null_effect
SYN-007494,treatment,1,1,1,synthetic,near_null_effect
SYN-007495,treatment,1,1,0,synthetic,near_null_effect
SYN-007496,control,1,1,0,synthetic,near_null_effect
SYN-007497,control,1,1,0,synthetic,near_null_effect
SYN-007498,control,1,1,1,synthetic,near_null_effect
SYN-007499,control,1,1,0,synthetic,near_null_effect
SYN-007500,control,1,1,0,synthetic,near_null_effect
SYN-007501,control,1,1,1,synthetic,near_null_effect
SYN-007502,treatment,1,1,0,synthetic,near_null_effect
SYN-007503,treatment,1,1,1,synthetic,near_null_effect
SYN-007504,treatment,1,1,0,synthetic,near_null_effect
SYN-007505,treatment,1,1,0,synthetic,near_null_effect
SYN-007506,control,1,1,0,synthetic,near_null_effect
SYN-007507,treatment,1,1,0,synthetic,near_null_effect
SYN-007508,treatment,1,1,0,synthetic,near_null_effect
SYN-007509,control,1,1,1,synthetic,near_null_effect
SYN-007510,treatment,1,1,0,synthetic,near_null_effect
SYN-007511,control,1,1,0,synthetic,near_null_effect
SYN-007512,control,1,1,0,synthetic,near_null_effect
SYN-007513,control,1,1,0,synthetic,near_null_effect
SYN-007514,treatment,1,1,1,synthetic,near_null_effect
SYN-007515,treatment,1,1,0,synthetic,near_null_effect
SYN-007516,control,1,1,0,synthetic,near_null_effect
SYN-007517,treatment,1,1,0,synthetic,near_null_effect
SYN-007518,control,1,1,0,synthetic,near_null_effect
SYN-007519,control,1,1,0,synthetic,near_null_effect
SYN-007520,control,1,1,0,synthetic,near_null_effect
SYN-007521,treatment,1,1,0,synthetic,near_null_effect
SYN-007522,control,1,1,0,synthetic,near_null_effect
SYN-007523,control,1,1,0,synthetic,near_null_effect
SYN-007524,treatment,1,1,0,synthetic,near_null_effect
SYN-007525,treatment,1,1,0,synthetic,near_null_effect
SYN-007526,control,1,1,0,synthetic,near_null_effect
SYN-007527,treatment,1,1,0,synthetic,near_null_effect
SYN-007528,treatment,1,1,0,synthetic,near_null_effect
SYN-007529,treatment,1,1,0,synthetic,near_null_effect
SYN-007530,control,1,1,0,synthetic,near_null_effect
SYN-007531,treatment,1,1,0,synthetic,near_null_effect
SYN-007532,treatment,1,1,0,synthetic,near_null_effect
SYN-007533,control,1,1,0,synthetic,near_null_effect
SYN-007534,control,1,1,1,synthetic,near_null_effect
SYN-007535,treatment,1,1,0,synthetic,near_null_effect
SYN-007536,control,1,1,0,synthetic,near_null_effect
SYN-007537,control,1,1,0,synthetic,near_null_effect
SYN-007538,control,1,1,0,synthetic,near_null_effect
SYN-007539,control,1,1,0,synthetic,near_null_effect
SYN-007540,control,1,1,0,synthetic,near_null_effect
SYN-007541,control,1,1,0,synthetic,near_null_effect
SYN-007542,control,1,1,0,synthetic,near_null_effect
SYN-007543,control,1,1,0,synthetic,near_null_effect
SYN-007544,control,1,1,0,synthetic,near_null_effect
SYN-007545,control,1,1,0,synthetic,near_null_effect
SYN-007546,control,1,1,0,synthetic,near_null_effect
SYN-007547,treatment,1,1,1,synthetic,near_null_effect
SYN-007548,control,1,1,0,synthetic,near_null_effect
SYN-007549,treatment,1,1,0,synthetic,near_null_effect
SYN-007550,treatment,1,1,0,synthetic,near_null_effect
SYN-007551,control,1,1,0,synthetic,near_null_effect
SYN-007552,treatment,1,1,1,synthetic,near_null_effect
SYN-007553,control,1,1,0,synthetic,near_null_effect
SYN-007554,control,1,1,0,synthetic,near_null_effect
SYN-007555,treatment,1,1,0,synthetic,near_null_effect
SYN-007556,treatment,1,1,0,synthetic,near_null_effect
SYN-007557,treatment,1,1,1,synthetic,near_null_effect
SYN-007558,control,1,1,0,synthetic,near_null_effect
SYN-007559,control,1,1,0,synthetic,near_null_effect
SYN-007560,treatment,1,1,0,synthetic,near_null_effect
SYN-007561,treatment,1,1,0,synthetic,near_null_effect
SYN-007562,treatment,1,1,1,synthetic,near_null_effect
SYN-007563,treatment,1,1,0,synthetic,near_null_effect
SYN-007564,treatment,1,1,1,synthetic,near_null_effect
SYN-007565,treatment,1,1,0,synthetic,near_null_effect
SYN-007566,control,1,1,0,synthetic,near_null_effect
SYN-007567,treatment,1,1,0,synthetic,near_null_effect
SYN-007568,control,1,1,0,synthetic,near_null_effect
SYN-007569,control,1,1,0,synthetic,near_null_effect
SYN-007570,control,1,1,0,synthetic,near_null_effect
SYN-007571,treatment,1,1,0,synthetic,near_null_effect
SYN-007572,treatment,1,1,0,synthetic,near_null_effect
SYN-007573,treatment,1,1,1,synthetic,near_null_effect
SYN-007574,control,1,1,0,synthetic,near_null_effect
SYN-007575,control,1,1,0,synthetic,near_null_effect
SYN-007576,control,1,1,0,synthetic,near_null_effect
SYN-007577,control,1,1,0,synthetic,near_null_effect
SYN-007578,control,1,1,0,synthetic,near_null_effect
SYN-007579,control,1,1,0,synthetic,near_null_effect
SYN-007580,treatment,1,1,0,synthetic,near_null_effect
SYN-007581,control,1,1,0,synthetic,near_null_effect
SYN-007582,treatment,1,1,0,synthetic,near_null_effect
SYN-007583,treatment,1,1,0,synthetic,near_null_effect
SYN-007584,control,1,1,0,synthetic,near_null_effect
SYN-007585,treatment,1,1,0,synthetic,near_null_effect
SYN-007586,treatment,1,1,0,synthetic,near_null_effect
SYN-007587,treatment,1,1,1,synthetic,near_null_effect
SYN-007588,treatment,1,1,0,synthetic,near_null_effect
SYN-007589,control,1,1,0,synthetic,near_null_effect
SYN-007590,control,1,1,0,synthetic,near_null_effect
SYN-007591,treatment,1,1,0,synthetic,near_null_effect
SYN-007592,control,1,1,0,synthetic,near_null_effect
SYN-007593,control,1,1,0,synthetic,near_null_effect
SYN-007594,control,1,1,0,synthetic,near_null_effect
SYN-007595,treatment,1,1,0,synthetic,near_null_effect
SYN-007596,control,1,1,0,synthetic,near_null_effect
SYN-007597,control,1,1,1,synthetic,near_null_effect
SYN-007598,treatment,1,1,0,synthetic,near_null_effect
SYN-007599,treatment,1,1,0,synthetic,near_null_effect
SYN-007600,control,1,1,1,synthetic,near_null_effect
SYN-007601,control,1,1,0,synthetic,near_null_effect
SYN-007602,control,1,1,0,synthetic,near_null_effect
SYN-007603,control,1,1,0,synthetic,near_null_effect
SYN-007604,treatment,1,1,0,synthetic,near_null_effect
SYN-007605,treatment,1,1,0,synthetic,near_null_effect
SYN-007606,control,1,1,0,synthetic,near_null_effect
SYN-007607,control,1,1,0,synthetic,near_null_effect
SYN-007608,treatment,1,1,0,synthetic,near_null_effect
SYN-007609,treatment,1,1,0,synthetic,near_null_effect
SYN-007610,control,1,1,0,synthetic,near_null_effect
SYN-007611,treatment,1,1,0,synthetic,near_null_effect
SYN-007612,control,1,1,0,synthetic,near_null_effect
SYN-007613,control,1,1,0,synthetic,near_null_effect
SYN-007614,control,1,1,0,synthetic,near_null_effect
SYN-007615,treatment,1,1,0,synthetic,near_null_effect
SYN-007616,control,1,1,1,synthetic,near_null_effect
SYN-007617,treatment,1,1,0,synthetic,near_null_effect
SYN-007618,treatment,1,1,0,synthetic,near_null_effect
SYN-007619,treatment,1,1,0,synthetic,near_null_effect
SYN-007620,control,1,1,0,synthetic,near_null_effect
SYN-007621,control,1,1,1,synthetic,near_null_effect
SYN-007622,control,1,1,0,synthetic,near_null_effect
SYN-007623,treatment,1,1,0,synthetic,near_null_effect
SYN-007624,control,1,1,0,synthetic,near_null_effect
SYN-007625,control,1,1,1,synthetic,near_null_effect
SYN-007626,treatment,1,1,0,synthetic,near_null_effect
SYN-007627,control,1,1,0,synthetic,near_null_effect
SYN-007628,control,1,1,0,synthetic,near_null_effect
SYN-007629,control,1,1,0,synthetic,near_null_effect
SYN-007630,control,1,1,0,synthetic,near_null_effect
SYN-007631,treatment,1,1,0,synthetic,near_null_effect
SYN-007632,control,1,1,0,synthetic,near_null_effect
SYN-007633,control,1,1,0,synthetic,near_null_effect
SYN-007634,control,1,1,0,synthetic,near_null_effect
SYN-007635,control,1,1,0,synthetic,near_null_effect
SYN-007636,control,1,1,1,synthetic,near_null_effect
SYN-007637,treatment,1,1,0,synthetic,near_null_effect
SYN-007638,treatment,1,1,0,synthetic,near_null_effect
SYN-007639,treatment,1,1,0,synthetic,near_null_effect
SYN-007640,treatment,1,1,0,synthetic,near_null_effect
SYN-007641,treatment,1,1,0,synthetic,near_null_effect
SYN-007642,control,1,1,0,synthetic,near_null_effect
SYN-007643,control,1,1,0,synthetic,near_null_effect
SYN-007644,control,1,1,1,synthetic,near_null_effect
SYN-007645,control,1,1,0,synthetic,near_null_effect
SYN-007646,control,1,1,0,synthetic,near_null_effect
SYN-007647,treatment,1,1,0,synthetic,near_null_effect
SYN-007648,control,1,1,0,synthetic,near_null_effect
SYN-007649,control,1,1,0,synthetic,near_null_effect
SYN-007650,control,1,1,1,synthetic,near_null_effect
SYN-007651,treatment,1,1,0,synthetic,near_null_effect
SYN-007652,control,1,1,0,synthetic,near_null_effect
SYN-007653,control,1,1,0,synthetic,near_null_effect
SYN-007654,treatment,1,1,0,synthetic,near_null_effect
SYN-007655,treatment,1,1,0,synthetic,near_null_effect
SYN-007656,treatment,1,1,1,synthetic,near_null_effect
SYN-007657,treatment,1,1,0,synthetic,near_null_effect
SYN-007658,control,1,1,0,synthetic,near_null_effect
SYN-007659,treatment,1,1,0,synthetic,near_null_effect
SYN-007660,treatment,1,1,1,synthetic,near_null_effect
SYN-007661,control,1,1,0,synthetic,near_null_effect
SYN-007662,treatment,1,1,0,synthetic,near_null_effect
SYN-007663,treatment,1,1,0,synthetic,near_null_effect
SYN-007664,treatment,1,1,0,synthetic,near_null_effect
SYN-007665,treatment,1,1,0,synthetic,near_null_effect
SYN-007666,control,1,1,0,synthetic,near_null_effect
SYN-007667,control,1,1,0,synthetic,near_null_effect
SYN-007668,treatment,1,1,0,synthetic,near_null_effect
SYN-007669,treatment,1,1,0,synthetic,near_null_effect
SYN-007670,treatment,1,1,0,synthetic,near_null_effect
SYN-007671,treatment,1,1,0,synthetic,near_null_effect
SYN-007672,control,1,1,0,synthetic,near_null_effect
SYN-007673,control,1,1,1,synthetic,near_null_effect
SYN-007674,treatment,1,1,0,synthetic,near_null_effect
SYN-007675,treatment,1,1,0,synthetic,near_null_effect
SYN-007676,control,1,1,0,synthetic,near_null_effect
SYN-007677,control,1,1,0,synthetic,near_null_effect
SYN-007678,treatment,1,1,0,synthetic,near_null_effect
SYN-007679,control,1,1,0,synthetic,near_null_effect
SYN-007680,control,1,1,0,synthetic,near_null_effect
SYN-007681,treatment,1,1,0,synthetic,near_null_effect
SYN-007682,treatment,1,1,0,synthetic,near_null_effect
SYN-007683,treatment,1,1,1,synthetic,near_null_effect
SYN-007684,control,1,1,0,synthetic,near_null_effect
SYN-007685,control,1,1,1,synthetic,near_null_effect
SYN-007686,control,1,1,0,synthetic,near_null_effect
SYN-007687,treatment,1,1,0,synthetic,near_null_effect
SYN-007688,control,1,1,0,synthetic,near_null_effect
SYN-007689,treatment,1,1,0,synthetic,near_null_effect
SYN-007690,treatment,1,1,0,synthetic,near_null_effect
SYN-007691,treatment,1,1,0,synthetic,near_null_effect
SYN-007692,control,1,1,0,synthetic,near_null_effect
SYN-007693,treatment,1,1,0,synthetic,near_null_effect
SYN-007694,treatment,1,1,0,synthetic,near_null_effect
SYN-007695,control,1,1,0,synthetic,near_null_effect
SYN-007696,control,1,1,0,synthetic,near_null_effect
SYN-007697,control,1,1,0,synthetic,near_null_effect
SYN-007698,treatment,1,1,0,synthetic,near_null_effect
SYN-007699,control,1,1,1,synthetic,near_null_effect
SYN-007700,control,1,1,0,synthetic,near_null_effect
SYN-007701,control,1,1,0,synthetic,near_null_effect
SYN-007702,control,1,1,0,synthetic,near_null_effect
SYN-007703,control,1,1,1,synthetic,near_null_effect
SYN-007704,treatment,1,1,0,synthetic,near_null_effect
SYN-007705,control,1,1,1,synthetic,near_null_effect
SYN-007706,control,1,1,0,synthetic,near_null_effect
SYN-007707,control,1,1,0,synthetic,near_null_effect
SYN-007708,control,1,1,0,synthetic,near_null_effect
SYN-007709,control,1,1,0,synthetic,near_null_effect
SYN-007710,control,1,1,0,synthetic,near_null_effect
SYN-007711,control,1,1,0,synthetic,near_null_effect
SYN-007712,control,1,1,0,synthetic,near_null_effect
SYN-007713,control,1,1,0,synthetic,near_null_effect
SYN-007714,control,1,1,0,synthetic,near_null_effect
SYN-007715,control,1,1,0,synthetic,near_null_effect
SYN-007716,treatment,1,1,0,synthetic,near_null_effect
SYN-007717,control,1,1,0,synthetic,near_null_effect
SYN-007718,treatment,1,1,1,synthetic,near_null_effect
SYN-007719,control,1,1,0,synthetic,near_null_effect
SYN-007720,treatment,1,1,0,synthetic,near_null_effect
SYN-007721,treatment,1,1,0,synthetic,near_null_effect
SYN-007722,control,1,1,0,synthetic,near_null_effect
SYN-007723,treatment,1,1,0,synthetic,near_null_effect
SYN-007724,treatment,1,1,0,synthetic,near_null_effect
SYN-007725,control,1,1,0,synthetic,near_null_effect
SYN-007726,treatment,1,1,0,synthetic,near_null_effect
SYN-007727,control,1,1,0,synthetic,near_null_effect
SYN-007728,control,1,1,0,synthetic,near_null_effect
SYN-007729,treatment,1,1,0,synthetic,near_null_effect
SYN-007730,control,1,1,0,synthetic,near_null_effect
SYN-007731,control,1,1,0,synthetic,near_null_effect
SYN-007732,treatment,1,1,0,synthetic,near_null_effect
SYN-007733,control,1,1,0,synthetic,near_null_effect
SYN-007734,treatment,1,1,0,synthetic,near_null_effect
SYN-007735,treatment,1,1,0,synthetic,near_null_effect
SYN-007736,control,1,1,0,synthetic,near_null_effect
SYN-007737,treatment,1,1,0,synthetic,near_null_effect
SYN-007738,control,1,1,1,synthetic,near_null_effect
SYN-007739,control,1,1,0,synthetic,near_null_effect
SYN-007740,control,1,1,0,synthetic,near_null_effect
SYN-007741,control,1,1,0,synthetic,near_null_effect
SYN-007742,treatment,1,1,0,synthetic,near_null_effect
SYN-007743,control,1,1,0,synthetic,near_null_effect
SYN-007744,control,1,1,0,synthetic,near_null_effect
SYN-007745,treatment,1,1,0,synthetic,near_null_effect
SYN-007746,treatment,1,1,0,synthetic,near_null_effect
SYN-007747,treatment,1,1,0,synthetic,near_null_effect
SYN-007748,control,1,1,0,synthetic,near_null_effect
SYN-007749,control,1,1,0,synthetic,near_null_effect
SYN-007750,treatment,1,1,1,synthetic,near_null_effect
SYN-007751,control,1,1,0,synthetic,near_null_effect
SYN-007752,control,1,1,0,synthetic,near_null_effect
SYN-007753,treatment,1,1,0,synthetic,near_null_effect
SYN-007754,treatment,1,1,0,synthetic,near_null_effect
SYN-007755,treatment,1,1,0,synthetic,near_null_effect
SYN-007756,control,1,1,0,synthetic,near_null_effect
SYN-007757,treatment,1,1,0,synthetic,near_null_effect
SYN-007758,treatment,1,1,0,synthetic,near_null_effect
SYN-007759,treatment,1,1,0,synthetic,near_null_effect
SYN-007760,treatment,1,1,0,synthetic,near_null_effect
SYN-007761,control,1,1,0,synthetic,near_null_effect
SYN-007762,treatment,1,1,0,synthetic,near_null_effect
SYN-007763,treatment,1,1,1,synthetic,near_null_effect
SYN-007764,control,1,1,0,synthetic,near_null_effect
SYN-007765,control,1,1,0,synthetic,near_null_effect
SYN-007766,control,1,1,0,synthetic,near_null_effect
SYN-007767,control,1,1,0,synthetic,near_null_effect
SYN-007768,control,1,1,0,synthetic,near_null_effect
SYN-007769,treatment,1,1,0,synthetic,near_null_effect
SYN-007770,control,1,1,0,synthetic,near_null_effect
SYN-007771,control,1,1,0,synthetic,near_null_effect
SYN-007772,control,1,1,1,synthetic,near_null_effect
SYN-007773,treatment,1,1,0,synthetic,near_null_effect
SYN-007774,treatment,1,1,0,synthetic,near_null_effect
SYN-007775,treatment,1,1,0,synthetic,near_null_effect
SYN-007776,control,1,1,0,synthetic,near_null_effect
SYN-007777,control,1,1,0,synthetic,near_null_effect
SYN-007778,control,1,1,0,synthetic,near_null_effect
SYN-007779,control,1,1,0,synthetic,near_null_effect
SYN-007780,treatment,1,1,0,synthetic,near_null_effect
SYN-007781,control,1,1,0,synthetic,near_null_effect
SYN-007782,control,1,1,0,synthetic,near_null_effect
SYN-007783,treatment,1,1,0,synthetic,near_null_effect
SYN-007784,treatment,1,1,0,synthetic,near_null_effect
SYN-007785,control,1,1,0,synthetic,near_null_effect
SYN-007786,treatment,1,1,0,synthetic,near_null_effect
SYN-007787,treatment,1,1,0,synthetic,near_null_effect
SYN-007788,control,1,1,0,synthetic,near_null_effect
SYN-007789,control,1,1,0,synthetic,near_null_effect
SYN-007790,treatment,1,1,0,synthetic,near_null_effect
SYN-007791,control,1,1,0,synthetic,near_null_effect
SYN-007792,treatment,1,1,0,synthetic,near_null_effect
SYN-007793,control,1,1,0,synthetic,near_null_effect
SYN-007794,control,1,1,1,synthetic,near_null_effect
SYN-007795,control,1,1,0,synthetic,near_null_effect
SYN-007796,control,1,1,0,synthetic,near_null_effect
SYN-007797,control,1,1,0,synthetic,near_null_effect
SYN-007798,treatment,1,1,0,synthetic,near_null_effect
SYN-007799,control,1,1,0,synthetic,near_null_effect
SYN-007800,control,1,1,0,synthetic,near_null_effect
SYN-007801,control,1,1,0,synthetic,near_null_effect
SYN-007802,control,1,1,0,synthetic,near_null_effect
SYN-007803,control,1,1,0,synthetic,near_null_effect
SYN-007804,treatment,1,1,0,synthetic,near_null_effect
SYN-007805,control,1,1,0,synthetic,near_null_effect
SYN-007806,control,1,1,0,synthetic,near_null_effect
SYN-007807,treatment,1,1,0,synthetic,near_null_effect
SYN-007808,control,1,1,0,synthetic,near_null_effect
SYN-007809,control,1,1,0,synthetic,near_null_effect
SYN-007810,treatment,1,1,0,synthetic,near_null_effect
SYN-007811,control,1,1,0,synthetic,near_null_effect
SYN-007812,treatment,1,1,0,synthetic,near_null_effect
SYN-007813,control,1,1,0,synthetic,near_null_effect
SYN-007814,control,1,1,0,synthetic,near_null_effect
SYN-007815,treatment,1,1,0,synthetic,near_null_effect
SYN-007816,control,1,1,0,synthetic,near_null_effect
SYN-007817,treatment,1,1,0,synthetic,near_null_effect
SYN-007818,treatment,1,1,0,synthetic,near_null_effect
SYN-007819,treatment,1,1,0,synthetic,near_null_effect
SYN-007820,control,1,1,0,synthetic,near_null_effect
SYN-007821,control,1,1,0,synthetic,near_null_effect
SYN-007822,control,1,1,0,synthetic,near_null_effect
SYN-007823,treatment,1,1,0,synthetic,near_null_effect
SYN-007824,control,1,1,1,synthetic,near_null_effect
SYN-007825,control,1,1,0,synthetic,near_null_effect
SYN-007826,control,1,1,1,synthetic,near_null_effect
SYN-007827,treatment,1,1,0,synthetic,near_null_effect
SYN-007828,treatment,1,1,0,synthetic,near_null_effect
SYN-007829,control,1,1,0,synthetic,near_null_effect
SYN-007830,treatment,1,1,0,synthetic,near_null_effect
SYN-007831,treatment,1,1,0,synthetic,near_null_effect
SYN-007832,treatment,1,1,0,synthetic,near_null_effect
SYN-007833,control,1,1,0,synthetic,near_null_effect
SYN-007834,treatment,1,1,0,synthetic,near_null_effect
SYN-007835,control,1,1,0,synthetic,near_null_effect
SYN-007836,treatment,1,1,0,synthetic,near_null_effect
SYN-007837,control,1,1,0,synthetic,near_null_effect
SYN-007838,control,1,1,0,synthetic,near_null_effect
SYN-007839,control,1,1,0,synthetic,near_null_effect
SYN-007840,control,1,1,1,synthetic,near_null_effect
SYN-007841,control,1,1,1,synthetic,near_null_effect
SYN-007842,treatment,1,1,0,synthetic,near_null_effect
SYN-007843,control,1,1,1,synthetic,near_null_effect
SYN-007844,control,1,1,0,synthetic,near_null_effect
SYN-007845,control,1,1,0,synthetic,near_null_effect
SYN-007846,treatment,1,1,0,synthetic,near_null_effect
SYN-007847,control,1,1,0,synthetic,near_null_effect
SYN-007848,treatment,1,1,1,synthetic,near_null_effect
SYN-007849,treatment,1,1,0,synthetic,near_null_effect
SYN-007850,treatment,1,1,0,synthetic,near_null_effect
SYN-007851,control,1,1,1,synthetic,near_null_effect
SYN-007852,control,1,1,0,synthetic,near_null_effect
SYN-007853,control,1,1,0,synthetic,near_null_effect
SYN-007854,control,1,1,0,synthetic,near_null_effect
SYN-007855,control,1,1,0,synthetic,near_null_effect
SYN-007856,control,1,1,0,synthetic,near_null_effect
SYN-007857,control,1,1,0,synthetic,near_null_effect
SYN-007858,control,1,1,0,synthetic,near_null_effect
SYN-007859,treatment,1,1,0,synthetic,near_null_effect
SYN-007860,control,1,1,0,synthetic,near_null_effect
SYN-007861,control,1,1,0,synthetic,near_null_effect
SYN-007862,control,1,1,0,synthetic,near_null_effect
SYN-007863,treatment,1,1,0,synthetic,near_null_effect
SYN-007864,treatment,1,1,0,synthetic,near_null_effect
SYN-007865,control,1,1,0,synthetic,near_null_effect
SYN-007866,treatment,1,1,0,synthetic,near_null_effect
SYN-007867,treatment,1,1,0,synthetic,near_null_effect
SYN-007868,treatment,1,1,1,synthetic,near_null_effect
SYN-007869,control,1,1,1,synthetic,near_null_effect
SYN-007870,treatment,1,1,0,synthetic,near_null_effect
SYN-007871,treatment,1,1,0,synthetic,near_null_effect
SYN-007872,control,1,1,1,synthetic,near_null_effect
SYN-007873,treatment,1,1,0,synthetic,near_null_effect
SYN-007874,treatment,1,1,0,synthetic,near_null_effect
SYN-007875,treatment,1,1,0,synthetic,near_null_effect
SYN-007876,treatment,1,1,0,synthetic,near_null_effect
SYN-007877,treatment,1,1,0,synthetic,near_null_effect
SYN-007878,treatment,1,1,0,synthetic,near_null_effect
SYN-007879,treatment,1,1,0,synthetic,near_null_effect
SYN-007880,control,1,1,0,synthetic,near_null_effect
SYN-007881,treatment,1,1,0,synthetic,near_null_effect
SYN-007882,treatment,1,1,1,synthetic,near_null_effect
SYN-007883,control,1,1,0,synthetic,near_null_effect
SYN-007884,control,1,1,0,synthetic,near_null_effect
SYN-007885,control,1,1,0,synthetic,near_null_effect
SYN-007886,control,1,1,0,synthetic,near_null_effect
SYN-007887,control,1,1,0,synthetic,near_null_effect
SYN-007888,treatment,1,1,0,synthetic,near_null_effect
SYN-007889,treatment,1,1,0,synthetic,near_null_effect
SYN-007890,control,1,1,0,synthetic,near_null_effect
SYN-007891,treatment,1,1,0,synthetic,near_null_effect
SYN-007892,control,1,1,0,synthetic,near_null_effect
SYN-007893,control,1,1,0,synthetic,near_null_effect
SYN-007894,control,1,1,0,synthetic,near_null_effect
SYN-007895,control,1,1,0,synthetic,near_null_effect
SYN-007896,treatment,1,1,0,synthetic,near_null_effect
SYN-007897,control,1,1,0,synthetic,near_null_effect
SYN-007898,treatment,1,1,0,synthetic,near_null_effect
SYN-007899,treatment,1,1,0,synthetic,near_null_effect
SYN-007900,control,1,1,0,synthetic,near_null_effect
SYN-007901,control,1,1,0,synthetic,near_null_effect
SYN-007902,control,1,1,0,synthetic,near_null_effect
SYN-007903,treatment,1,1,1,synthetic,near_null_effect
SYN-007904,control,1,1,0,synthetic,near_null_effect
SYN-007905,control,1,1,0,synthetic,near_null_effect
SYN-007906,control,1,1,0,synthetic,near_null_effect
SYN-007907,treatment,1,1,0,synthetic,near_null_effect
SYN-007908,treatment,1,1,0,synthetic,near_null_effect
SYN-007909,control,1,1,0,synthetic,near_null_effect
SYN-007910,control,1,1,0,synthetic,near_null_effect
SYN-007911,control,1,1,0,synthetic,near_null_effect
SYN-007912,treatment,1,1,0,synthetic,near_null_effect
SYN-007913,control,1,1,0,synthetic,near_null_effect
SYN-007914,control,1,1,0,synthetic,near_null_effect
SYN-007915,treatment,1,1,0,synthetic,near_null_effect
SYN-007916,control,1,1,0,synthetic,near_null_effect
SYN-007917,control,1,1,0,synthetic,near_null_effect
SYN-007918,treatment,1,1,0,synthetic,near_null_effect
SYN-007919,treatment,1,1,0,synthetic,near_null_effect
SYN-007920,control,1,1,0,synthetic,near_null_effect
SYN-007921,control,1,1,0,synthetic,near_null_effect
SYN-007922,treatment,1,1,0,synthetic,near_null_effect
SYN-007923,control,1,1,0,synthetic,near_null_effect
SYN-007924,control,1,1,0,synthetic,near_null_effect
SYN-007925,treatment,1,1,0,synthetic,near_null_effect
SYN-007926,control,1,1,0,synthetic,near_null_effect
SYN-007927,treatment,1,1,1,synthetic,near_null_effect
SYN-007928,control,1,1,0,synthetic,near_null_effect
SYN-007929,treatment,1,1,0,synthetic,near_null_effect
SYN-007930,control,1,1,0,synthetic,near_null_effect
SYN-007931,treatment,1,1,0,synthetic,near_null_effect
SYN-007932,treatment,1,1,0,synthetic,near_null_effect
SYN-007933,treatment,1,1,0,synthetic,near_null_effect
SYN-007934,control,1,1,0,synthetic,near_null_effect
SYN-007935,treatment,1,1,0,synthetic,near_null_effect
SYN-007936,treatment,1,1,0,synthetic,near_null_effect
SYN-007937,treatment,1,1,0,synthetic,near_null_effect
SYN-007938,treatment,1,1,0,synthetic,near_null_effect
SYN-007939,control,1,1,0,synthetic,near_null_effect
SYN-007940,control,1,1,1,synthetic,near_null_effect
SYN-007941,treatment,1,1,0,synthetic,near_null_effect
SYN-007942,treatment,1,1,0,synthetic,near_null_effect
SYN-007943,control,1,1,0,synthetic,near_null_effect
SYN-007944,treatment,1,1,0,synthetic,near_null_effect
SYN-007945,control,1,1,0,synthetic,near_null_effect
SYN-007946,treatment,1,1,0,synthetic,near_null_effect
SYN-007947,control,1,1,0,synthetic,near_null_effect
SYN-007948,control,1,1,0,synthetic,near_null_effect
SYN-007949,control,1,1,0,synthetic,near_null_effect
SYN-007950,treatment,1,1,1,synthetic,near_null_effect
SYN-007951,control,1,1,0,synthetic,near_null_effect
SYN-007952,treatment,1,1,0,synthetic,near_null_effect
SYN-007953,treatment,1,1,0,synthetic,near_null_effect
SYN-007954,treatment,1,1,0,synthetic,near_null_effect
SYN-007955,treatment,1,1,0,synthetic,near_null_effect
SYN-007956,control,1,1,0,synthetic,near_null_effect
SYN-007957,treatment,1,1,0,synthetic,near_null_effect
SYN-007958,control,1,1,0,synthetic,near_null_effect
SYN-007959,control,1,1,1,synthetic,near_null_effect
SYN-007960,treatment,1,1,0,synthetic,near_null_effect
SYN-007961,treatment,1,1,0,synthetic,near_null_effect
SYN-007962,control,1,1,0,synthetic,near_null_effect
SYN-007963,treatment,1,1,0,synthetic,near_null_effect
SYN-007964,treatment,1,1,0,synthetic,near_null_effect
SYN-007965,treatment,1,1,0,synthetic,near_null_effect
SYN-007966,treatment,1,1,0,synthetic,near_null_effect
SYN-007967,treatment,1,1,0,synthetic,near_null_effect
SYN-007968,control,1,1,0,synthetic,near_null_effect
SYN-007969,treatment,1,1,0,synthetic,near_null_effect
SYN-007970,treatment,1,1,0,synthetic,near_null_effect
SYN-007971,control,1,1,0,synthetic,near_null_effect
SYN-007972,control,1,1,0,synthetic,near_null_effect
SYN-007973,control,1,1,0,synthetic,near_null_effect
SYN-007974,treatment,1,1,0,synthetic,near_null_effect
SYN-007975,treatment,1,1,0,synthetic,near_null_effect
SYN-007976,control,1,1,0,synthetic,near_null_effect
SYN-007977,treatment,1,1,0,synthetic,near_null_effect
SYN-007978,treatment,1,1,0,synthetic,near_null_effect
SYN-007979,control,1,1,0,synthetic,near_null_effect
SYN-007980,control,1,1,0,synthetic,near_null_effect
SYN-007981,treatment,1,1,0,synthetic,near_null_effect
SYN-007982,treatment,1,1,0,synthetic,near_null_effect
SYN-007983,control,1,1,0,synthetic,near_null_effect
SYN-007984,treatment,1,1,0,synthetic,near_null_effect
SYN-007985,treatment,1,1,0,synthetic,near_null_effect
SYN-007986,control,1,1,0,synthetic,near_null_effect
SYN-007987,control,1,1,0,synthetic,near_null_effect
SYN-007988,control,1,1,0,synthetic,near_null_effect
SYN-007989,treatment,1,1,0,synthetic,near_null_effect
SYN-007990,treatment,1,1,0,synthetic,near_null_effect
SYN-007991,control,1,1,0,synthetic,near_null_effect
SYN-007992,treatment,1,1,0,synthetic,near_null_effect
SYN-007993,control,1,1,0,synthetic,near_null_effect
SYN-007994,control,1,1,0,synthetic,near_null_effect
SYN-007995,treatment,1,1,0,synthetic,near_null_effect
SYN-007996,control,1,1,0,synthetic,near_null_effect
SYN-007997,treatment,1,1,0,synthetic,near_null_effect
SYN-007998,control,1,1,0,synthetic,near_null_effect
SYN-007999,treatment,1,1,1,synthetic,near_null_effect
SYN-008000,control,1,1,0,synthetic,near_null_effect
SYN-008001,control,1,1,0,synthetic,near_null_effect
SYN-008002,control,1,1,0,synthetic,near_null_effect
SYN-008003,control,1,1,0,synthetic,near_null_effect
SYN-008004,control,1,1,0,synthetic,near_null_effect
SYN-008005,treatment,1,1,0,synthetic,near_null_effect
SYN-008006,treatment,1,1,0,synthetic,near_null_effect
SYN-008007,control,1,1,0,synthetic,near_null_effect
SYN-008008,control,1,1,0,synthetic,near_null_effect
SYN-008009,control,1,1,0,synthetic,near_null_effect
SYN-008010,control,1,1,0,synthetic,near_null_effect
SYN-008011,control,1,1,0,synthetic,near_null_effect
SYN-008012,treatment,1,1,0,synthetic,near_null_effect
SYN-008013,treatment,1,1,0,synthetic,near_null_effect
SYN-008014,treatment,1,1,0,synthetic,near_null_effect
SYN-008015,treatment,1,1,0,synthetic,near_null_effect
SYN-008016,control,1,1,0,synthetic,near_null_effect
SYN-008017,control,1,1,0,synthetic,near_null_effect
SYN-008018,control,1,1,0,synthetic,near_null_effect
SYN-008019,control,1,1,0,synthetic,near_null_effect
SYN-008020,treatment,1,1,0,synthetic,near_null_effect
SYN-008021,treatment,1,1,0,synthetic,near_null_effect
SYN-008022,treatment,1,1,0,synthetic,near_null_effect
SYN-008023,treatment,1,1,0,synthetic,near_null_effect
SYN-008024,control,1,1,0,synthetic,near_null_effect
SYN-008025,control,1,1,0,synthetic,near_null_effect
SYN-008026,control,1,1,0,synthetic,near_null_effect
SYN-008027,control,1,1,0,synthetic,near_null_effect
SYN-008028,control,1,1,0,synthetic,near_null_effect
SYN-008029,treatment,1,1,0,synthetic,near_null_effect
SYN-008030,control,1,1,0,synthetic,near_null_effect
SYN-008031,control,1,1,0,synthetic,near_null_effect
SYN-008032,control,1,1,0,synthetic,near_null_effect
SYN-008033,control,1,1,0,synthetic,near_null_effect
SYN-008034,control,1,1,0,synthetic,near_null_effect
SYN-008035,control,1,1,0,synthetic,near_null_effect
SYN-008036,control,1,1,0,synthetic,near_null_effect
SYN-008037,treatment,1,1,0,synthetic,near_null_effect
SYN-008038,control,1,1,0,synthetic,near_null_effect
SYN-008039,treatment,1,1,0,synthetic,near_null_effect
SYN-008040,control,1,1,0,synthetic,near_null_effect
SYN-008041,treatment,1,1,0,synthetic,near_null_effect
SYN-008042,control,1,1,0,synthetic,near_null_effect
SYN-008043,treatment,1,1,0,synthetic,near_null_effect
SYN-008044,treatment,1,1,0,synthetic,near_null_effect
SYN-008045,control,1,1,0,synthetic,near_null_effect
SYN-008046,control,1,1,0,synthetic,near_null_effect
SYN-008047,treatment,1,1,1,synthetic,near_null_effect
SYN-008048,treatment,1,1,0,synthetic,near_null_effect
SYN-008049,control,1,1,0,synthetic,near_null_effect
SYN-008050,treatment,1,1,0,synthetic,near_null_effect
SYN-008051,control,1,1,0,synthetic,near_null_effect
SYN-008052,control,1,1,0,synthetic,near_null_effect
SYN-008053,treatment,1,1,1,synthetic,near_null_effect
SYN-008054,control,1,1,0,synthetic,near_null_effect
SYN-008055,control,1,1,0,synthetic,near_null_effect
SYN-008056,treatment,1,1,0,synthetic,near_null_effect
SYN-008057,control,1,1,0,synthetic,near_null_effect
SYN-008058,control,1,1,0,synthetic,near_null_effect
SYN-008059,control,1,1,0,synthetic,near_null_effect
SYN-008060,treatment,1,1,0,synthetic,near_null_effect
SYN-008061,treatment,1,1,0,synthetic,near_null_effect
SYN-008062,treatment,1,1,0,synthetic,near_null_effect
SYN-008063,control,1,1,0,synthetic,near_null_effect
SYN-008064,treatment,1,1,0,synthetic,near_null_effect
SYN-008065,treatment,1,1,0,synthetic,near_null_effect
SYN-008066,treatment,1,1,0,synthetic,near_null_effect
SYN-008067,treatment,1,1,0,synthetic,near_null_effect
SYN-008068,control,1,1,0,synthetic,near_null_effect
SYN-008069,control,1,1,1,synthetic,near_null_effect
SYN-008070,treatment,1,1,0,synthetic,near_null_effect
SYN-008071,treatment,1,1,0,synthetic,near_null_effect
SYN-008072,control,1,1,0,synthetic,near_null_effect
SYN-008073,control,1,1,1,synthetic,near_null_effect
SYN-008074,control,1,1,0,synthetic,near_null_effect
SYN-008075,control,1,1,0,synthetic,near_null_effect
SYN-008076,treatment,1,1,0,synthetic,near_null_effect
SYN-008077,treatment,1,1,1,synthetic,near_null_effect
SYN-008078,control,1,1,0,synthetic,near_null_effect
SYN-008079,treatment,1,1,0,synthetic,near_null_effect
SYN-008080,treatment,1,1,0,synthetic,near_null_effect
SYN-008081,control,1,1,0,synthetic,near_null_effect
SYN-008082,control,1,1,1,synthetic,near_null_effect
SYN-008083,control,1,1,0,synthetic,near_null_effect
SYN-008084,control,1,1,0,synthetic,near_null_effect
SYN-008085,treatment,1,1,0,synthetic,near_null_effect
SYN-008086,treatment,1,1,0,synthetic,near_null_effect
SYN-008087,treatment,1,1,0,synthetic,near_null_effect
SYN-008088,treatment,1,1,0,synthetic,near_null_effect
SYN-008089,control,1,1,0,synthetic,near_null_effect
SYN-008090,control,1,1,0,synthetic,near_null_effect
SYN-008091,treatment,1,1,0,synthetic,near_null_effect
SYN-008092,treatment,1,1,0,synthetic,near_null_effect
SYN-008093,control,1,1,0,synthetic,near_null_effect
SYN-008094,control,1,1,0,synthetic,near_null_effect
SYN-008095,control,1,1,0,synthetic,near_null_effect
SYN-008096,treatment,1,1,0,synthetic,near_null_effect
SYN-008097,control,1,1,0,synthetic,near_null_effect
SYN-008098,control,1,1,0,synthetic,near_null_effect
SYN-008099,treatment,1,1,0,synthetic,near_null_effect
SYN-008100,treatment,1,1,0,synthetic,near_null_effect
SYN-008101,control,1,1,0,synthetic,near_null_effect
SYN-008102,control,1,1,1,synthetic,near_null_effect
SYN-008103,control,1,1,0,synthetic,near_null_effect
SYN-008104,treatment,1,1,0,synthetic,near_null_effect
SYN-008105,control,1,1,1,synthetic,near_null_effect
SYN-008106,control,1,1,0,synthetic,near_null_effect
SYN-008107,control,1,1,0,synthetic,near_null_effect
SYN-008108,treatment,1,1,0,synthetic,near_null_effect
SYN-008109,treatment,1,1,0,synthetic,near_null_effect
SYN-008110,control,1,1,0,synthetic,near_null_effect
SYN-008111,treatment,1,1,0,synthetic,near_null_effect
SYN-008112,treatment,1,1,0,synthetic,near_null_effect
SYN-008113,control,1,1,0,synthetic,near_null_effect
SYN-008114,control,1,1,0,synthetic,near_null_effect
SYN-008115,control,1,1,0,synthetic,near_null_effect
SYN-008116,control,1,1,0,synthetic,near_null_effect
SYN-008117,treatment,1,1,1,synthetic,near_null_effect
SYN-008118,control,1,1,0,synthetic,near_null_effect
SYN-008119,treatment,1,1,0,synthetic,near_null_effect
SYN-008120,treatment,1,1,0,synthetic,near_null_effect
SYN-008121,treatment,1,1,0,synthetic,near_null_effect
SYN-008122,treatment,1,1,0,synthetic,near_null_effect
SYN-008123,control,1,1,0,synthetic,near_null_effect
SYN-008124,treatment,1,1,0,synthetic,near_null_effect
SYN-008125,control,1,1,0,synthetic,near_null_effect
SYN-008126,control,1,1,0,synthetic,near_null_effect
SYN-008127,control,1,1,0,synthetic,near_null_effect
SYN-008128,treatment,1,1,0,synthetic,near_null_effect
SYN-008129,control,1,1,0,synthetic,near_null_effect
SYN-008130,control,1,1,0,synthetic,near_null_effect
SYN-008131,treatment,1,1,0,synthetic,near_null_effect
SYN-008132,treatment,1,1,0,synthetic,near_null_effect
SYN-008133,treatment,1,1,0,synthetic,near_null_effect
SYN-008134,treatment,1,1,0,synthetic,near_null_effect
SYN-008135,control,1,1,0,synthetic,near_null_effect
SYN-008136,treatment,1,1,0,synthetic,near_null_effect
SYN-008137,control,1,1,0,synthetic,near_null_effect
SYN-008138,treatment,1,1,0,synthetic,near_null_effect
SYN-008139,control,1,1,0,synthetic,near_null_effect
SYN-008140,treatment,1,1,0,synthetic,near_null_effect
SYN-008141,control,1,1,0,synthetic,near_null_effect
SYN-008142,treatment,1,1,0,synthetic,near_null_effect
SYN-008143,control,1,1,0,synthetic,near_null_effect
SYN-008144,treatment,1,1,0,synthetic,near_null_effect
SYN-008145,treatment,1,1,1,synthetic,near_null_effect
SYN-008146,control,1,1,0,synthetic,near_null_effect
SYN-008147,control,1,1,0,synthetic,near_null_effect
SYN-008148,control,1,1,0,synthetic,near_null_effect
SYN-008149,control,1,1,0,synthetic,near_null_effect
SYN-008150,treatment,1,1,0,synthetic,near_null_effect
SYN-008151,control,1,1,0,synthetic,near_null_effect
SYN-008152,treatment,1,1,0,synthetic,near_null_effect
SYN-008153,treatment,1,1,0,synthetic,near_null_effect
SYN-008154,treatment,1,1,0,synthetic,near_null_effect
SYN-008155,treatment,1,1,0,synthetic,near_null_effect
SYN-008156,treatment,1,1,0,synthetic,near_null_effect
SYN-008157,control,1,1,0,synthetic,near_null_effect
SYN-008158,control,1,1,0,synthetic,near_null_effect
SYN-008159,treatment,1,1,0,synthetic,near_null_effect
SYN-008160,control,1,1,0,synthetic,near_null_effect
SYN-008161,treatment,1,1,0,synthetic,near_null_effect
SYN-008162,control,1,1,1,synthetic,near_null_effect
SYN-008163,treatment,1,1,0,synthetic,near_null_effect
SYN-008164,treatment,1,1,0,synthetic,near_null_effect
SYN-008165,treatment,1,1,0,synthetic,near_null_effect
SYN-008166,control,1,1,0,synthetic,near_null_effect
SYN-008167,treatment,1,1,0,synthetic,near_null_effect
SYN-008168,control,1,1,0,synthetic,near_null_effect
SYN-008169,control,1,1,0,synthetic,near_null_effect
SYN-008170,treatment,1,1,0,synthetic,near_null_effect
SYN-008171,treatment,1,1,0,synthetic,near_null_effect
SYN-008172,treatment,1,1,0,synthetic,near_null_effect
SYN-008173,treatment,1,1,0,synthetic,near_null_effect
SYN-008174,treatment,1,1,0,synthetic,near_null_effect
SYN-008175,treatment,1,1,0,synthetic,near_null_effect
SYN-008176,treatment,1,1,0,synthetic,near_null_effect
SYN-008177,treatment,1,1,0,synthetic,near_null_effect
SYN-008178,treatment,1,1,0,synthetic,near_null_effect
SYN-008179,treatment,1,1,0,synthetic,near_null_effect
SYN-008180,treatment,1,1,0,synthetic,near_null_effect
SYN-008181,treatment,1,1,0,synthetic,near_null_effect
SYN-008182,control,1,1,0,synthetic,near_null_effect
SYN-008183,treatment,1,1,0,synthetic,near_null_effect
SYN-008184,control,1,1,0,synthetic,near_null_effect
SYN-008185,control,1,1,0,synthetic,near_null_effect
SYN-008186,control,1,1,0,synthetic,near_null_effect
SYN-008187,control,1,1,0,synthetic,near_null_effect
SYN-008188,control,1,1,0,synthetic,near_null_effect
SYN-008189,treatment,1,1,1,synthetic,near_null_effect
SYN-008190,treatment,1,1,0,synthetic,near_null_effect
SYN-008191,control,1,1,0,synthetic,near_null_effect
SYN-008192,control,1,1,0,synthetic,near_null_effect
SYN-008193,control,1,1,0,synthetic,near_null_effect
SYN-008194,treatment,1,1,0,synthetic,near_null_effect
SYN-008195,treatment,1,1,0,synthetic,near_null_effect
SYN-008196,treatment,1,1,0,synthetic,near_null_effect
SYN-008197,treatment,1,1,0,synthetic,near_null_effect
SYN-008198,control,1,1,0,synthetic,near_null_effect
SYN-008199,treatment,1,1,0,synthetic,near_null_effect
SYN-008200,treatment,1,1,0,synthetic,near_null_effect
SYN-008201,treatment,1,1,0,synthetic,near_null_effect
SYN-008202,treatment,1,1,0,synthetic,near_null_effect
SYN-008203,control,1,1,0,synthetic,near_null_effect
SYN-008204,treatment,1,1,0,synthetic,near_null_effect
SYN-008205,treatment,1,1,0,synthetic,near_null_effect
SYN-008206,treatment,1,1,1,synthetic,near_null_effect
SYN-008207,treatment,1,1,0,synthetic,near_null_effect
SYN-008208,control,1,1,0,synthetic,near_null_effect
SYN-008209,control,1,1,0,synthetic,near_null_effect
SYN-008210,control,1,1,0,synthetic,near_null_effect
SYN-008211,control,1,1,1,synthetic,near_null_effect
SYN-008212,treatment,1,1,0,synthetic,near_null_effect
SYN-008213,treatment,1,1,0,synthetic,near_null_effect
SYN-008214,treatment,1,1,0,synthetic,near_null_effect
SYN-008215,control,1,1,1,synthetic,near_null_effect
SYN-008216,control,1,1,0,synthetic,near_null_effect
SYN-008217,control,1,1,0,synthetic,near_null_effect
SYN-008218,control,1,1,0,synthetic,near_null_effect
SYN-008219,control,1,1,1,synthetic,near_null_effect
SYN-008220,treatment,1,1,0,synthetic,near_null_effect
SYN-008221,treatment,1,1,0,synthetic,near_null_effect
SYN-008222,treatment,1,1,0,synthetic,near_null_effect
SYN-008223,treatment,1,1,0,synthetic,near_null_effect
SYN-008224,control,1,1,0,synthetic,near_null_effect
SYN-008225,control,1,1,1,synthetic,near_null_effect
SYN-008226,control,1,1,1,synthetic,near_null_effect
SYN-008227,control,1,1,0,synthetic,near_null_effect
SYN-008228,treatment,1,1,0,synthetic,near_null_effect
SYN-008229,treatment,1,1,0,synthetic,near_null_effect
SYN-008230,treatment,1,1,0,synthetic,near_null_effect
SYN-008231,treatment,1,1,0,synthetic,near_null_effect
SYN-008232,control,1,1,0,synthetic,near_null_effect
SYN-008233,treatment,1,1,0,synthetic,near_null_effect
SYN-008234,control,1,1,1,synthetic,near_null_effect
SYN-008235,treatment,1,1,0,synthetic,near_null_effect
SYN-008236,control,1,1,0,synthetic,near_null_effect
SYN-008237,control,1,1,0,synthetic,near_null_effect
SYN-008238,treatment,1,1,0,synthetic,near_null_effect
SYN-008239,treatment,1,1,0,synthetic,near_null_effect
SYN-008240,treatment,1,1,0,synthetic,near_null_effect
SYN-008241,control,1,1,0,synthetic,near_null_effect
SYN-008242,control,1,1,0,synthetic,near_null_effect
SYN-008243,control,1,1,0,synthetic,near_null_effect
SYN-008244,control,1,1,1,synthetic,near_null_effect
SYN-008245,treatment,1,1,0,synthetic,near_null_effect
SYN-008246,treatment,1,1,0,synthetic,near_null_effect
SYN-008247,control,1,1,0,synthetic,near_null_effect
SYN-008248,control,1,1,0,synthetic,near_null_effect
SYN-008249,control,1,1,0,synthetic,near_null_effect
SYN-008250,treatment,1,1,0,synthetic,near_null_effect
SYN-008251,control,1,1,0,synthetic,near_null_effect
SYN-008252,treatment,1,1,1,synthetic,near_null_effect
SYN-008253,treatment,1,1,0,synthetic,near_null_effect
SYN-008254,control,1,1,0,synthetic,near_null_effect
SYN-008255,control,1,1,0,synthetic,near_null_effect
SYN-008256,treatment,1,1,0,synthetic,near_null_effect
SYN-008257,control,1,1,0,synthetic,near_null_effect
SYN-008258,treatment,1,1,1,synthetic,near_null_effect
SYN-008259,control,1,1,0,synthetic,near_null_effect
SYN-008260,treatment,1,1,0,synthetic,near_null_effect
SYN-008261,control,1,1,0,synthetic,near_null_effect
SYN-008262,control,1,1,1,synthetic,near_null_effect
SYN-008263,treatment,1,1,0,synthetic,near_null_effect
SYN-008264,control,1,1,0,synthetic,near_null_effect
SYN-008265,control,1,1,0,synthetic,near_null_effect
SYN-008266,control,1,1,0,synthetic,near_null_effect
SYN-008267,treatment,1,1,0,synthetic,near_null_effect
SYN-008268,treatment,1,1,0,synthetic,near_null_effect
SYN-008269,treatment,1,1,0,synthetic,near_null_effect
SYN-008270,control,1,1,0,synthetic,near_null_effect
SYN-008271,treatment,1,1,0,synthetic,near_null_effect
SYN-008272,control,1,1,1,synthetic,near_null_effect
SYN-008273,treatment,1,1,1,synthetic,near_null_effect
SYN-008274,control,1,1,0,synthetic,near_null_effect
SYN-008275,treatment,1,1,0,synthetic,near_null_effect
SYN-008276,treatment,1,1,0,synthetic,near_null_effect
SYN-008277,control,1,1,0,synthetic,near_null_effect
SYN-008278,treatment,1,1,0,synthetic,near_null_effect
SYN-008279,control,1,1,0,synthetic,near_null_effect
SYN-008280,control,1,1,0,synthetic,near_null_effect
SYN-008281,treatment,1,1,0,synthetic,near_null_effect
SYN-008282,control,1,1,0,synthetic,near_null_effect
SYN-008283,treatment,1,1,0,synthetic,near_null_effect
SYN-008284,treatment,1,1,0,synthetic,near_null_effect
SYN-008285,control,1,1,0,synthetic,near_null_effect
SYN-008286,control,1,1,0,synthetic,near_null_effect
SYN-008287,control,1,1,0,synthetic,near_null_effect
SYN-008288,control,1,1,0,synthetic,near_null_effect
SYN-008289,treatment,1,1,1,synthetic,near_null_effect
SYN-008290,control,1,1,1,synthetic,near_null_effect
SYN-008291,control,1,1,0,synthetic,near_null_effect
SYN-008292,control,1,1,0,synthetic,near_null_effect
SYN-008293,treatment,1,1,0,synthetic,near_null_effect
SYN-008294,treatment,1,1,0,synthetic,near_null_effect
SYN-008295,treatment,1,1,0,synthetic,near_null_effect
SYN-008296,control,1,1,0,synthetic,near_null_effect
SYN-008297,control,1,1,1,synthetic,near_null_effect
SYN-008298,control,1,1,0,synthetic,near_null_effect
SYN-008299,treatment,1,1,0,synthetic,near_null_effect
SYN-008300,treatment,1,1,1,synthetic,near_null_effect
SYN-008301,treatment,1,1,0,synthetic,near_null_effect
SYN-008302,control,1,1,0,synthetic,near_null_effect
SYN-008303,control,1,1,0,synthetic,near_null_effect
SYN-008304,treatment,1,1,0,synthetic,near_null_effect
SYN-008305,control,1,1,0,synthetic,near_null_effect
SYN-008306,treatment,1,1,0,synthetic,near_null_effect
SYN-008307,control,1,1,0,synthetic,near_null_effect
SYN-008308,treatment,1,1,1,synthetic,near_null_effect
SYN-008309,control,1,1,1,synthetic,near_null_effect
SYN-008310,treatment,1,1,0,synthetic,near_null_effect
SYN-008311,treatment,1,1,0,synthetic,near_null_effect
SYN-008312,treatment,1,1,0,synthetic,near_null_effect
SYN-008313,treatment,1,1,1,synthetic,near_null_effect
SYN-008314,control,1,1,1,synthetic,near_null_effect
SYN-008315,treatment,1,1,0,synthetic,near_null_effect
SYN-008316,control,1,1,1,synthetic,near_null_effect
SYN-008317,treatment,1,1,1,synthetic,near_null_effect
SYN-008318,treatment,1,1,1,synthetic,near_null_effect
SYN-008319,control,1,1,0,synthetic,near_null_effect
SYN-008320,treatment,1,1,0,synthetic,near_null_effect
SYN-008321,control,1,1,0,synthetic,near_null_effect
SYN-008322,control,1,1,0,synthetic,near_null_effect
SYN-008323,control,1,1,0,synthetic,near_null_effect
SYN-008324,control,1,1,0,synthetic,near_null_effect
SYN-008325,control,1,1,1,synthetic,near_null_effect
SYN-008326,treatment,1,1,0,synthetic,near_null_effect
SYN-008327,treatment,1,1,0,synthetic,near_null_effect
SYN-008328,treatment,1,1,0,synthetic,near_null_effect
SYN-008329,treatment,1,1,0,synthetic,near_null_effect
SYN-008330,treatment,1,1,0,synthetic,near_null_effect
SYN-008331,treatment,1,1,0,synthetic,near_null_effect
SYN-008332,treatment,1,1,0,synthetic,near_null_effect
SYN-008333,treatment,1,1,0,synthetic,near_null_effect
SYN-008334,control,1,1,0,synthetic,near_null_effect
SYN-008335,treatment,1,1,0,synthetic,near_null_effect
SYN-008336,treatment,1,1,0,synthetic,near_null_effect
SYN-008337,treatment,1,1,0,synthetic,near_null_effect
SYN-008338,treatment,1,1,0,synthetic,near_null_effect
SYN-008339,control,1,1,0,synthetic,near_null_effect
SYN-008340,control,1,1,0,synthetic,near_null_effect
SYN-008341,control,1,1,0,synthetic,near_null_effect
SYN-008342,control,1,1,0,synthetic,near_null_effect
SYN-008343,control,1,1,0,synthetic,near_null_effect
SYN-008344,control,1,1,0,synthetic,near_null_effect
SYN-008345,treatment,1,1,0,synthetic,near_null_effect
SYN-008346,control,1,1,0,synthetic,near_null_effect
SYN-008347,treatment,1,1,0,synthetic,near_null_effect
SYN-008348,treatment,1,1,0,synthetic,near_null_effect
SYN-008349,treatment,1,1,0,synthetic,near_null_effect
SYN-008350,treatment,1,1,0,synthetic,near_null_effect
SYN-008351,treatment,1,1,0,synthetic,near_null_effect
SYN-008352,control,1,1,1,synthetic,near_null_effect
SYN-008353,control,1,1,0,synthetic,near_null_effect
SYN-008354,treatment,1,1,0,synthetic,near_null_effect
SYN-008355,control,1,1,0,synthetic,near_null_effect
SYN-008356,treatment,1,1,0,synthetic,near_null_effect
SYN-008357,control,1,1,0,synthetic,near_null_effect
SYN-008358,treatment,1,1,0,synthetic,near_null_effect
SYN-008359,control,1,1,0,synthetic,near_null_effect
SYN-008360,control,1,1,0,synthetic,near_null_effect
SYN-008361,control,1,1,0,synthetic,near_null_effect
SYN-008362,treatment,1,1,1,synthetic,near_null_effect
SYN-008363,treatment,1,1,0,synthetic,near_null_effect
SYN-008364,treatment,1,1,0,synthetic,near_null_effect
SYN-008365,control,1,1,0,synthetic,near_null_effect
SYN-008366,control,1,1,0,synthetic,near_null_effect
SYN-008367,treatment,1,1,0,synthetic,near_null_effect
SYN-008368,treatment,1,1,0,synthetic,near_null_effect
SYN-008369,control,1,1,0,synthetic,near_null_effect
SYN-008370,control,1,1,1,synthetic,near_null_effect
SYN-008371,treatment,1,1,0,synthetic,near_null_effect
SYN-008372,control,1,1,0,synthetic,near_null_effect
SYN-008373,control,1,1,0,synthetic,near_null_effect
SYN-008374,control,1,1,0,synthetic,near_null_effect
SYN-008375,control,1,1,0,synthetic,near_null_effect
SYN-008376,treatment,1,1,1,synthetic,near_null_effect
SYN-008377,control,1,1,0,synthetic,near_null_effect
SYN-008378,control,1,1,0,synthetic,near_null_effect
SYN-008379,control,1,1,0,synthetic,near_null_effect
SYN-008380,treatment,1,1,0,synthetic,near_null_effect
SYN-008381,control,1,1,0,synthetic,near_null_effect
SYN-008382,control,1,1,1,synthetic,near_null_effect
SYN-008383,treatment,1,1,0,synthetic,near_null_effect
SYN-008384,control,1,1,0,synthetic,near_null_effect
SYN-008385,treatment,1,1,0,synthetic,near_null_effect
SYN-008386,control,1,1,0,synthetic,near_null_effect
SYN-008387,control,1,1,0,synthetic,near_null_effect
SYN-008388,control,1,1,0,synthetic,near_null_effect
SYN-008389,treatment,1,1,0,synthetic,near_null_effect
SYN-008390,treatment,1,1,0,synthetic,near_null_effect
SYN-008391,control,1,1,0,synthetic,near_null_effect
SYN-008392,control,1,1,0,synthetic,near_null_effect
SYN-008393,treatment,1,1,0,synthetic,near_null_effect
SYN-008394,treatment,1,1,1,synthetic,near_null_effect
SYN-008395,control,1,1,0,synthetic,near_null_effect
SYN-008396,treatment,1,1,0,synthetic,near_null_effect
SYN-008397,treatment,1,1,0,synthetic,near_null_effect
SYN-008398,control,1,1,0,synthetic,near_null_effect
SYN-008399,treatment,1,1,0,synthetic,near_null_effect
SYN-008400,treatment,1,1,0,synthetic,near_null_effect
SYN-008401,treatment,1,1,0,synthetic,near_null_effect
SYN-008402,treatment,1,1,0,synthetic,near_null_effect
SYN-008403,control,1,1,0,synthetic,near_null_effect
SYN-008404,control,1,1,0,synthetic,near_null_effect
SYN-008405,control,1,1,0,synthetic,near_null_effect
SYN-008406,treatment,1,1,0,synthetic,near_null_effect
SYN-008407,treatment,1,1,0,synthetic,near_null_effect
SYN-008408,treatment,1,1,0,synthetic,near_null_effect
SYN-008409,treatment,1,1,0,synthetic,near_null_effect
SYN-008410,treatment,1,1,0,synthetic,near_null_effect
SYN-008411,treatment,1,1,0,synthetic,near_null_effect
SYN-008412,treatment,1,1,0,synthetic,near_null_effect
SYN-008413,treatment,1,1,0,synthetic,near_null_effect
SYN-008414,treatment,1,1,0,synthetic,near_null_effect
SYN-008415,treatment,1,1,0,synthetic,near_null_effect
SYN-008416,control,1,1,0,synthetic,near_null_effect
SYN-008417,control,1,1,0,synthetic,near_null_effect
SYN-008418,control,1,1,0,synthetic,near_null_effect
SYN-008419,treatment,1,1,0,synthetic,near_null_effect
SYN-008420,control,1,1,0,synthetic,near_null_effect
SYN-008421,treatment,1,1,0,synthetic,near_null_effect
SYN-008422,control,1,1,0,synthetic,near_null_effect
SYN-008423,control,1,1,0,synthetic,near_null_effect
SYN-008424,control,1,1,0,synthetic,near_null_effect
SYN-008425,treatment,1,1,0,synthetic,near_null_effect
SYN-008426,treatment,1,1,0,synthetic,near_null_effect
SYN-008427,control,1,1,0,synthetic,near_null_effect
SYN-008428,control,1,1,0,synthetic,near_null_effect
SYN-008429,treatment,1,1,0,synthetic,near_null_effect
SYN-008430,control,1,1,0,synthetic,near_null_effect
SYN-008431,control,1,1,0,synthetic,near_null_effect
SYN-008432,control,1,1,0,synthetic,near_null_effect
SYN-008433,control,1,1,0,synthetic,near_null_effect
SYN-008434,treatment,1,1,0,synthetic,near_null_effect
SYN-008435,treatment,1,1,0,synthetic,near_null_effect
SYN-008436,treatment,1,1,0,synthetic,near_null_effect
SYN-008437,control,1,1,0,synthetic,near_null_effect
SYN-008438,treatment,1,1,0,synthetic,near_null_effect
SYN-008439,control,1,1,0,synthetic,near_null_effect
SYN-008440,treatment,1,1,0,synthetic,near_null_effect
SYN-008441,treatment,1,1,0,synthetic,near_null_effect
SYN-008442,control,1,1,0,synthetic,near_null_effect
SYN-008443,control,1,1,0,synthetic,near_null_effect
SYN-008444,control,1,1,1,synthetic,near_null_effect
SYN-008445,treatment,1,1,0,synthetic,near_null_effect
SYN-008446,treatment,1,1,0,synthetic,near_null_effect
SYN-008447,control,1,1,0,synthetic,near_null_effect
SYN-008448,control,1,1,0,synthetic,near_null_effect
SYN-008449,treatment,1,1,0,synthetic,near_null_effect
SYN-008450,control,1,1,0,synthetic,near_null_effect
SYN-008451,control,1,1,0,synthetic,near_null_effect
SYN-008452,treatment,1,1,0,synthetic,near_null_effect
SYN-008453,control,1,1,0,synthetic,near_null_effect
SYN-008454,treatment,1,1,0,synthetic,near_null_effect
SYN-008455,treatment,1,1,0,synthetic,near_null_effect
SYN-008456,control,1,1,0,synthetic,near_null_effect
SYN-008457,control,1,1,0,synthetic,near_null_effect
SYN-008458,treatment,1,1,0,synthetic,near_null_effect
SYN-008459,treatment,1,1,0,synthetic,near_null_effect
SYN-008460,treatment,1,1,0,synthetic,near_null_effect
SYN-008461,treatment,1,1,0,synthetic,near_null_effect
SYN-008462,control,1,1,1,synthetic,near_null_effect
SYN-008463,treatment,1,1,0,synthetic,near_null_effect
SYN-008464,treatment,1,1,0,synthetic,near_null_effect
SYN-008465,treatment,1,1,0,synthetic,near_null_effect
SYN-008466,control,1,1,0,synthetic,near_null_effect
SYN-008467,control,1,1,0,synthetic,near_null_effect
SYN-008468,control,1,1,0,synthetic,near_null_effect
SYN-008469,control,1,1,0,synthetic,near_null_effect
SYN-008470,treatment,1,1,1,synthetic,near_null_effect
SYN-008471,treatment,1,1,1,synthetic,near_null_effect
SYN-008472,treatment,1,1,0,synthetic,near_null_effect
SYN-008473,treatment,1,1,0,synthetic,near_null_effect
SYN-008474,treatment,1,1,0,synthetic,near_null_effect
SYN-008475,treatment,1,1,0,synthetic,near_null_effect
SYN-008476,control,1,1,0,synthetic,near_null_effect
SYN-008477,treatment,1,1,0,synthetic,near_null_effect
SYN-008478,control,1,1,0,synthetic,near_null_effect
SYN-008479,control,1,1,0,synthetic,near_null_effect
SYN-008480,treatment,1,1,0,synthetic,near_null_effect
SYN-008481,treatment,1,1,0,synthetic,near_null_effect
SYN-008482,control,1,1,0,synthetic,near_null_effect
SYN-008483,treatment,1,1,0,synthetic,near_null_effect
SYN-008484,control,1,1,0,synthetic,near_null_effect
SYN-008485,treatment,1,1,0,synthetic,near_null_effect
SYN-008486,treatment,1,1,0,synthetic,near_null_effect
SYN-008487,treatment,1,1,0,synthetic,near_null_effect
SYN-008488,treatment,1,1,0,synthetic,near_null_effect
SYN-008489,treatment,1,1,0,synthetic,near_null_effect
SYN-008490,treatment,1,1,1,synthetic,near_null_effect
SYN-008491,treatment,1,1,0,synthetic,near_null_effect
SYN-008492,treatment,1,1,0,synthetic,near_null_effect
SYN-008493,treatment,1,1,0,synthetic,near_null_effect
SYN-008494,control,1,1,0,synthetic,near_null_effect
SYN-008495,treatment,1,1,0,synthetic,near_null_effect
SYN-008496,control,1,1,0,synthetic,near_null_effect
SYN-008497,control,1,1,0,synthetic,near_null_effect
SYN-008498,control,1,1,0,synthetic,near_null_effect
SYN-008499,control,1,1,0,synthetic,near_null_effect
SYN-008500,control,1,1,0,synthetic,near_null_effect
SYN-008501,treatment,1,1,0,synthetic,near_null_effect
SYN-008502,treatment,1,1,1,synthetic,near_null_effect
SYN-008503,control,1,1,0,synthetic,near_null_effect
SYN-008504,control,1,1,0,synthetic,near_null_effect
SYN-008505,control,1,1,0,synthetic,near_null_effect
SYN-008506,treatment,1,1,0,synthetic,near_null_effect
SYN-008507,treatment,1,1,0,synthetic,near_null_effect
SYN-008508,control,1,1,0,synthetic,near_null_effect
SYN-008509,control,1,1,1,synthetic,near_null_effect
SYN-008510,treatment,1,1,0,synthetic,near_null_effect
SYN-008511,treatment,1,1,0,synthetic,near_null_effect
SYN-008512,treatment,1,1,0,synthetic,near_null_effect
SYN-008513,treatment,1,1,0,synthetic,near_null_effect
SYN-008514,treatment,1,1,0,synthetic,near_null_effect
SYN-008515,treatment,1,1,0,synthetic,near_null_effect
SYN-008516,control,1,1,0,synthetic,near_null_effect
SYN-008517,control,1,1,0,synthetic,near_null_effect
SYN-008518,control,1,1,0,synthetic,near_null_effect
SYN-008519,control,1,1,1,synthetic,near_null_effect
SYN-008520,treatment,1,1,0,synthetic,near_null_effect
SYN-008521,control,1,1,0,synthetic,near_null_effect
SYN-008522,treatment,1,1,1,synthetic,near_null_effect
SYN-008523,control,1,1,0,synthetic,near_null_effect
SYN-008524,control,1,1,1,synthetic,near_null_effect
SYN-008525,treatment,1,1,0,synthetic,near_null_effect
SYN-008526,control,1,1,0,synthetic,near_null_effect
SYN-008527,control,1,1,0,synthetic,near_null_effect
SYN-008528,control,1,1,0,synthetic,near_null_effect
SYN-008529,control,1,1,0,synthetic,near_null_effect
SYN-008530,control,1,1,0,synthetic,near_null_effect
SYN-008531,treatment,1,1,0,synthetic,near_null_effect
SYN-008532,control,1,1,0,synthetic,near_null_effect
SYN-008533,control,1,1,0,synthetic,near_null_effect
SYN-008534,control,1,1,0,synthetic,near_null_effect
SYN-008535,treatment,1,1,0,synthetic,near_null_effect
SYN-008536,control,1,1,0,synthetic,near_null_effect
SYN-008537,control,1,1,0,synthetic,near_null_effect
SYN-008538,treatment,1,1,0,synthetic,near_null_effect
SYN-008539,treatment,1,1,0,synthetic,near_null_effect
SYN-008540,control,1,1,0,synthetic,near_null_effect
SYN-008541,control,1,1,0,synthetic,near_null_effect
SYN-008542,treatment,1,1,0,synthetic,near_null_effect
SYN-008543,treatment,1,1,0,synthetic,near_null_effect
SYN-008544,treatment,1,1,0,synthetic,near_null_effect
SYN-008545,treatment,1,1,0,synthetic,near_null_effect
SYN-008546,treatment,1,1,0,synthetic,near_null_effect
SYN-008547,control,1,1,0,synthetic,near_null_effect
SYN-008548,treatment,1,1,0,synthetic,near_null_effect
SYN-008549,control,1,1,0,synthetic,near_null_effect
SYN-008550,treatment,1,1,0,synthetic,near_null_effect
SYN-008551,control,1,1,0,synthetic,near_null_effect
SYN-008552,treatment,1,1,0,synthetic,near_null_effect
SYN-008553,control,1,1,0,synthetic,near_null_effect
SYN-008554,treatment,1,1,0,synthetic,near_null_effect
SYN-008555,control,1,1,0,synthetic,near_null_effect
SYN-008556,control,1,1,0,synthetic,near_null_effect
SYN-008557,control,1,1,0,synthetic,near_null_effect
SYN-008558,treatment,1,1,0,synthetic,near_null_effect
SYN-008559,control,1,1,0,synthetic,near_null_effect
SYN-008560,treatment,1,1,0,synthetic,near_null_effect
SYN-008561,control,1,1,0,synthetic,near_null_effect
SYN-008562,control,1,1,0,synthetic,near_null_effect
SYN-008563,treatment,1,1,0,synthetic,near_null_effect
SYN-008564,control,1,1,0,synthetic,near_null_effect
SYN-008565,control,1,1,0,synthetic,near_null_effect
SYN-008566,treatment,1,1,0,synthetic,near_null_effect
SYN-008567,control,1,1,0,synthetic,near_null_effect
SYN-008568,control,1,1,0,synthetic,near_null_effect
SYN-008569,control,1,1,0,synthetic,near_null_effect
SYN-008570,treatment,1,1,0,synthetic,near_null_effect
SYN-008571,control,1,1,0,synthetic,near_null_effect
SYN-008572,treatment,1,1,0,synthetic,near_null_effect
SYN-008573,treatment,1,1,0,synthetic,near_null_effect
SYN-008574,treatment,1,1,0,synthetic,near_null_effect
SYN-008575,control,1,1,0,synthetic,near_null_effect
SYN-008576,control,1,1,0,synthetic,near_null_effect
SYN-008577,treatment,1,1,0,synthetic,near_null_effect
SYN-008578,treatment,1,1,0,synthetic,near_null_effect
SYN-008579,control,1,1,0,synthetic,near_null_effect
SYN-008580,treatment,1,1,1,synthetic,near_null_effect
SYN-008581,treatment,1,1,0,synthetic,near_null_effect
SYN-008582,treatment,1,1,0,synthetic,near_null_effect
SYN-008583,treatment,1,1,0,synthetic,near_null_effect
SYN-008584,control,1,1,0,synthetic,near_null_effect
SYN-008585,treatment,1,1,0,synthetic,near_null_effect
SYN-008586,control,1,1,0,synthetic,near_null_effect
SYN-008587,treatment,1,1,0,synthetic,near_null_effect
SYN-008588,treatment,1,1,0,synthetic,near_null_effect
SYN-008589,treatment,1,1,1,synthetic,near_null_effect
SYN-008590,control,1,1,0,synthetic,near_null_effect
SYN-008591,treatment,1,1,1,synthetic,near_null_effect
SYN-008592,control,1,1,0,synthetic,near_null_effect
SYN-008593,treatment,1,1,0,synthetic,near_null_effect
SYN-008594,control,1,1,0,synthetic,near_null_effect
SYN-008595,control,1,1,0,synthetic,near_null_effect
SYN-008596,treatment,1,1,0,synthetic,near_null_effect
SYN-008597,control,1,1,0,synthetic,near_null_effect
SYN-008598,control,1,1,0,synthetic,near_null_effect
SYN-008599,control,1,1,0,synthetic,near_null_effect
SYN-008600,control,1,1,0,synthetic,near_null_effect
SYN-008601,treatment,1,1,0,synthetic,near_null_effect
SYN-008602,treatment,1,1,0,synthetic,near_null_effect
SYN-008603,treatment,1,1,0,synthetic,near_null_effect
SYN-008604,treatment,1,1,0,synthetic,near_null_effect
SYN-008605,treatment,1,1,0,synthetic,near_null_effect
SYN-008606,control,1,1,0,synthetic,near_null_effect
SYN-008607,control,1,1,0,synthetic,near_null_effect
SYN-008608,control,1,1,0,synthetic,near_null_effect
SYN-008609,treatment,1,1,0,synthetic,near_null_effect
SYN-008610,treatment,1,1,0,synthetic,near_null_effect
SYN-008611,treatment,1,1,0,synthetic,near_null_effect
SYN-008612,control,1,1,0,synthetic,near_null_effect
SYN-008613,control,1,1,0,synthetic,near_null_effect
SYN-008614,treatment,1,1,1,synthetic,near_null_effect
SYN-008615,control,1,1,0,synthetic,near_null_effect
SYN-008616,treatment,1,1,0,synthetic,near_null_effect
SYN-008617,control,1,1,0,synthetic,near_null_effect
SYN-008618,control,1,1,0,synthetic,near_null_effect
SYN-008619,control,1,1,0,synthetic,near_null_effect
SYN-008620,control,1,1,1,synthetic,near_null_effect
SYN-008621,control,1,1,0,synthetic,near_null_effect
SYN-008622,treatment,1,1,0,synthetic,near_null_effect
SYN-008623,treatment,1,1,0,synthetic,near_null_effect
SYN-008624,control,1,1,0,synthetic,near_null_effect
SYN-008625,treatment,1,1,0,synthetic,near_null_effect
SYN-008626,control,1,1,0,synthetic,near_null_effect
SYN-008627,treatment,1,1,0,synthetic,near_null_effect
SYN-008628,control,1,1,0,synthetic,near_null_effect
SYN-008629,treatment,1,1,0,synthetic,near_null_effect
SYN-008630,control,1,1,0,synthetic,near_null_effect
SYN-008631,control,1,1,0,synthetic,near_null_effect
SYN-008632,treatment,1,1,0,synthetic,near_null_effect
SYN-008633,control,1,1,0,synthetic,near_null_effect
SYN-008634,treatment,1,1,0,synthetic,near_null_effect
SYN-008635,treatment,1,1,1,synthetic,near_null_effect
SYN-008636,control,1,1,0,synthetic,near_null_effect
SYN-008637,control,1,1,1,synthetic,near_null_effect
SYN-008638,control,1,1,0,synthetic,near_null_effect
SYN-008639,treatment,1,1,0,synthetic,near_null_effect
SYN-008640,control,1,1,0,synthetic,near_null_effect
SYN-008641,treatment,1,1,0,synthetic,near_null_effect
SYN-008642,treatment,1,1,1,synthetic,near_null_effect
SYN-008643,treatment,1,1,0,synthetic,near_null_effect
SYN-008644,treatment,1,1,0,synthetic,near_null_effect
SYN-008645,control,1,1,0,synthetic,near_null_effect
SYN-008646,treatment,1,1,0,synthetic,near_null_effect
SYN-008647,treatment,1,1,0,synthetic,near_null_effect
SYN-008648,control,1,1,0,synthetic,near_null_effect
SYN-008649,control,1,1,0,synthetic,near_null_effect
SYN-008650,treatment,1,1,0,synthetic,near_null_effect
SYN-008651,control,1,1,0,synthetic,near_null_effect
SYN-008652,control,1,1,0,synthetic,near_null_effect
SYN-008653,control,1,1,0,synthetic,near_null_effect
SYN-008654,treatment,1,1,0,synthetic,near_null_effect
SYN-008655,treatment,1,1,0,synthetic,near_null_effect
SYN-008656,treatment,1,1,0,synthetic,near_null_effect
SYN-008657,treatment,1,1,0,synthetic,near_null_effect
SYN-008658,control,1,1,0,synthetic,near_null_effect
SYN-008659,control,1,1,0,synthetic,near_null_effect
SYN-008660,control,1,1,0,synthetic,near_null_effect
SYN-008661,treatment,1,1,0,synthetic,near_null_effect
SYN-008662,treatment,1,1,0,synthetic,near_null_effect
SYN-008663,control,1,1,0,synthetic,near_null_effect
SYN-008664,treatment,1,1,0,synthetic,near_null_effect
SYN-008665,control,1,1,0,synthetic,near_null_effect
SYN-008666,treatment,1,1,0,synthetic,near_null_effect
SYN-008667,treatment,1,1,0,synthetic,near_null_effect
SYN-008668,control,1,1,0,synthetic,near_null_effect
SYN-008669,treatment,1,1,1,synthetic,near_null_effect
SYN-008670,treatment,1,1,0,synthetic,near_null_effect
SYN-008671,control,1,1,0,synthetic,near_null_effect
SYN-008672,treatment,1,1,0,synthetic,near_null_effect
SYN-008673,control,1,1,0,synthetic,near_null_effect
SYN-008674,control,1,1,0,synthetic,near_null_effect
SYN-008675,treatment,1,1,0,synthetic,near_null_effect
SYN-008676,treatment,1,1,0,synthetic,near_null_effect
SYN-008677,treatment,1,1,1,synthetic,near_null_effect
SYN-008678,treatment,1,1,0,synthetic,near_null_effect
SYN-008679,control,1,1,0,synthetic,near_null_effect
SYN-008680,treatment,1,1,0,synthetic,near_null_effect
SYN-008681,control,1,1,0,synthetic,near_null_effect
SYN-008682,treatment,1,1,0,synthetic,near_null_effect
SYN-008683,control,1,1,0,synthetic,near_null_effect
SYN-008684,control,1,1,0,synthetic,near_null_effect
SYN-008685,treatment,1,1,0,synthetic,near_null_effect
SYN-008686,treatment,1,1,0,synthetic,near_null_effect
SYN-008687,treatment,1,1,0,synthetic,near_null_effect
SYN-008688,control,1,1,0,synthetic,near_null_effect
SYN-008689,control,1,1,0,synthetic,near_null_effect
SYN-008690,treatment,1,1,0,synthetic,near_null_effect
SYN-008691,control,1,1,0,synthetic,near_null_effect
SYN-008692,control,1,1,0,synthetic,near_null_effect
SYN-008693,treatment,1,1,1,synthetic,near_null_effect
SYN-008694,treatment,1,1,0,synthetic,near_null_effect
SYN-008695,control,1,1,0,synthetic,near_null_effect
SYN-008696,treatment,1,1,0,synthetic,near_null_effect
SYN-008697,control,1,1,0,synthetic,near_null_effect
SYN-008698,treatment,1,1,0,synthetic,near_null_effect
SYN-008699,treatment,1,1,0,synthetic,near_null_effect
SYN-008700,treatment,1,1,0,synthetic,near_null_effect
SYN-008701,treatment,1,1,0,synthetic,near_null_effect
SYN-008702,treatment,1,1,0,synthetic,near_null_effect
SYN-008703,control,1,1,0,synthetic,near_null_effect
SYN-008704,control,1,1,0,synthetic,near_null_effect
SYN-008705,control,1,1,0,synthetic,near_null_effect
SYN-008706,control,1,1,0,synthetic,near_null_effect
SYN-008707,treatment,1,1,0,synthetic,near_null_effect
SYN-008708,treatment,1,1,1,synthetic,near_null_effect
SYN-008709,treatment,1,1,0,synthetic,near_null_effect
SYN-008710,control,1,1,0,synthetic,near_null_effect
SYN-008711,treatment,1,1,0,synthetic,near_null_effect
SYN-008712,control,1,1,0,synthetic,near_null_effect
SYN-008713,control,1,1,0,synthetic,near_null_effect
SYN-008714,treatment,1,1,0,synthetic,near_null_effect
SYN-008715,treatment,1,1,0,synthetic,near_null_effect
SYN-008716,treatment,1,1,0,synthetic,near_null_effect
SYN-008717,control,1,1,0,synthetic,near_null_effect
SYN-008718,control,1,1,0,synthetic,near_null_effect
SYN-008719,treatment,1,1,0,synthetic,near_null_effect
SYN-008720,treatment,1,1,0,synthetic,near_null_effect
SYN-008721,treatment,1,1,0,synthetic,near_null_effect
SYN-008722,control,1,1,0,synthetic,near_null_effect
SYN-008723,control,1,1,0,synthetic,near_null_effect
SYN-008724,control,1,1,0,synthetic,near_null_effect
SYN-008725,treatment,1,1,0,synthetic,near_null_effect
SYN-008726,control,1,1,0,synthetic,near_null_effect
SYN-008727,control,1,1,0,synthetic,near_null_effect
SYN-008728,control,1,1,0,synthetic,near_null_effect
SYN-008729,treatment,1,1,1,synthetic,near_null_effect
SYN-008730,control,1,1,0,synthetic,near_null_effect
SYN-008731,treatment,1,1,0,synthetic,near_null_effect
SYN-008732,control,1,1,0,synthetic,near_null_effect
SYN-008733,control,1,1,0,synthetic,near_null_effect
SYN-008734,treatment,1,1,0,synthetic,near_null_effect
SYN-008735,control,1,1,0,synthetic,near_null_effect
SYN-008736,treatment,1,1,0,synthetic,near_null_effect
SYN-008737,control,1,1,0,synthetic,near_null_effect
SYN-008738,control,1,1,0,synthetic,near_null_effect
SYN-008739,control,1,1,0,synthetic,near_null_effect
SYN-008740,control,1,1,0,synthetic,near_null_effect
SYN-008741,treatment,1,1,0,synthetic,near_null_effect
SYN-008742,treatment,1,1,0,synthetic,near_null_effect
SYN-008743,treatment,1,1,0,synthetic,near_null_effect
SYN-008744,control,1,1,0,synthetic,near_null_effect
SYN-008745,control,1,1,0,synthetic,near_null_effect
SYN-008746,control,1,1,0,synthetic,near_null_effect
SYN-008747,treatment,1,1,0,synthetic,near_null_effect
SYN-008748,control,1,1,0,synthetic,near_null_effect
SYN-008749,treatment,1,1,0,synthetic,near_null_effect
SYN-008750,treatment,1,1,0,synthetic,near_null_effect
SYN-008751,control,1,1,0,synthetic,near_null_effect
SYN-008752,control,1,1,0,synthetic,near_null_effect
SYN-008753,control,1,1,0,synthetic,near_null_effect
SYN-008754,control,1,1,0,synthetic,near_null_effect
SYN-008755,treatment,1,1,0,synthetic,near_null_effect
SYN-008756,treatment,1,1,0,synthetic,near_null_effect
SYN-008757,control,1,1,0,synthetic,near_null_effect
SYN-008758,control,1,1,0,synthetic,near_null_effect
SYN-008759,treatment,1,1,0,synthetic,near_null_effect
SYN-008760,treatment,1,1,0,synthetic,near_null_effect
SYN-008761,control,1,1,0,synthetic,near_null_effect
SYN-008762,treatment,1,1,0,synthetic,near_null_effect
SYN-008763,treatment,1,1,0,synthetic,near_null_effect
SYN-008764,treatment,1,1,0,synthetic,near_null_effect
SYN-008765,treatment,1,1,0,synthetic,near_null_effect
SYN-008766,treatment,1,1,0,synthetic,near_null_effect
SYN-008767,control,1,1,0,synthetic,near_null_effect
SYN-008768,treatment,1,1,1,synthetic,near_null_effect
SYN-008769,control,1,1,1,synthetic,near_null_effect
SYN-008770,treatment,1,1,1,synthetic,near_null_effect
SYN-008771,control,1,1,1,synthetic,near_null_effect
SYN-008772,control,1,1,0,synthetic,near_null_effect
SYN-008773,control,1,1,0,synthetic,near_null_effect
SYN-008774,control,1,1,0,synthetic,near_null_effect
SYN-008775,treatment,1,1,0,synthetic,near_null_effect
SYN-008776,treatment,1,1,0,synthetic,near_null_effect
SYN-008777,treatment,1,1,0,synthetic,near_null_effect
SYN-008778,control,1,1,0,synthetic,near_null_effect
SYN-008779,control,1,1,1,synthetic,near_null_effect
SYN-008780,treatment,1,1,0,synthetic,near_null_effect
SYN-008781,treatment,1,1,0,synthetic,near_null_effect
SYN-008782,treatment,1,1,1,synthetic,near_null_effect
SYN-008783,control,1,1,0,synthetic,near_null_effect
SYN-008784,treatment,1,1,0,synthetic,near_null_effect
SYN-008785,control,1,1,0,synthetic,near_null_effect
SYN-008786,treatment,1,1,0,synthetic,near_null_effect
SYN-008787,treatment,1,1,0,synthetic,near_null_effect
SYN-008788,control,1,1,0,synthetic,near_null_effect
SYN-008789,control,1,1,0,synthetic,near_null_effect
SYN-008790,control,1,1,0,synthetic,near_null_effect
SYN-008791,control,1,1,0,synthetic,near_null_effect
SYN-008792,treatment,1,1,0,synthetic,near_null_effect
SYN-008793,treatment,1,1,0,synthetic,near_null_effect
SYN-008794,control,1,1,1,synthetic,near_null_effect
SYN-008795,treatment,1,1,0,synthetic,near_null_effect
SYN-008796,control,1,1,0,synthetic,near_null_effect
SYN-008797,control,1,1,1,synthetic,near_null_effect
SYN-008798,treatment,1,1,0,synthetic,near_null_effect
SYN-008799,control,1,1,0,synthetic,near_null_effect
SYN-008800,treatment,1,1,0,synthetic,near_null_effect
SYN-008801,control,1,1,0,synthetic,near_null_effect
SYN-008802,treatment,1,1,0,synthetic,near_null_effect
SYN-008803,control,1,1,0,synthetic,near_null_effect
SYN-008804,control,1,1,0,synthetic,near_null_effect
SYN-008805,control,1,1,0,synthetic,near_null_effect
SYN-008806,control,1,1,1,synthetic,near_null_effect
SYN-008807,treatment,1,1,0,synthetic,near_null_effect
SYN-008808,control,1,1,1,synthetic,near_null_effect
SYN-008809,control,1,1,0,synthetic,near_null_effect
SYN-008810,treatment,1,1,0,synthetic,near_null_effect
SYN-008811,control,1,1,0,synthetic,near_null_effect
SYN-008812,control,1,1,0,synthetic,near_null_effect
SYN-008813,control,1,1,1,synthetic,near_null_effect
SYN-008814,control,1,1,0,synthetic,near_null_effect
SYN-008815,control,1,1,0,synthetic,near_null_effect
SYN-008816,control,1,1,0,synthetic,near_null_effect
SYN-008817,treatment,1,1,0,synthetic,near_null_effect
SYN-008818,control,1,1,0,synthetic,near_null_effect
SYN-008819,treatment,1,1,1,synthetic,near_null_effect
SYN-008820,treatment,1,1,0,synthetic,near_null_effect
SYN-008821,control,1,1,0,synthetic,near_null_effect
SYN-008822,control,1,1,0,synthetic,near_null_effect
SYN-008823,treatment,1,1,0,synthetic,near_null_effect
SYN-008824,treatment,1,1,0,synthetic,near_null_effect
SYN-008825,treatment,1,1,0,synthetic,near_null_effect
SYN-008826,treatment,1,1,1,synthetic,near_null_effect
SYN-008827,control,1,1,0,synthetic,near_null_effect
SYN-008828,treatment,1,1,0,synthetic,near_null_effect
SYN-008829,treatment,1,1,0,synthetic,near_null_effect
SYN-008830,control,1,1,0,synthetic,near_null_effect
SYN-008831,control,1,1,0,synthetic,near_null_effect
SYN-008832,control,1,1,0,synthetic,near_null_effect
SYN-008833,control,1,1,0,synthetic,near_null_effect
SYN-008834,treatment,1,1,0,synthetic,near_null_effect
SYN-008835,control,1,1,0,synthetic,near_null_effect
SYN-008836,treatment,1,1,0,synthetic,near_null_effect
SYN-008837,control,1,1,0,synthetic,near_null_effect
SYN-008838,control,1,1,0,synthetic,near_null_effect
SYN-008839,control,1,1,0,synthetic,near_null_effect
SYN-008840,treatment,1,1,0,synthetic,near_null_effect
SYN-008841,treatment,1,1,0,synthetic,near_null_effect
SYN-008842,treatment,1,1,0,synthetic,near_null_effect
SYN-008843,control,1,1,0,synthetic,near_null_effect
SYN-008844,control,1,1,0,synthetic,near_null_effect
SYN-008845,control,1,1,0,synthetic,near_null_effect
SYN-008846,control,1,1,0,synthetic,near_null_effect
SYN-008847,control,1,1,0,synthetic,near_null_effect
SYN-008848,control,1,1,0,synthetic,near_null_effect
SYN-008849,control,1,1,0,synthetic,near_null_effect
SYN-008850,treatment,1,1,0,synthetic,near_null_effect
SYN-008851,control,1,1,0,synthetic,near_null_effect
SYN-008852,treatment,1,1,0,synthetic,near_null_effect
SYN-008853,control,1,1,0,synthetic,near_null_effect
SYN-008854,treatment,1,1,0,synthetic,near_null_effect
SYN-008855,control,1,1,0,synthetic,near_null_effect
SYN-008856,control,1,1,0,synthetic,near_null_effect
SYN-008857,treatment,1,1,0,synthetic,near_null_effect
SYN-008858,control,1,1,0,synthetic,near_null_effect
SYN-008859,control,1,1,0,synthetic,near_null_effect
SYN-008860,control,1,1,0,synthetic,near_null_effect
SYN-008861,treatment,1,1,0,synthetic,near_null_effect
SYN-008862,treatment,1,1,0,synthetic,near_null_effect
SYN-008863,treatment,1,1,0,synthetic,near_null_effect
SYN-008864,control,1,1,0,synthetic,near_null_effect
SYN-008865,control,1,1,0,synthetic,near_null_effect
SYN-008866,control,1,1,0,synthetic,near_null_effect
SYN-008867,control,1,1,0,synthetic,near_null_effect
SYN-008868,control,1,1,1,synthetic,near_null_effect
SYN-008869,control,1,1,0,synthetic,near_null_effect
SYN-008870,treatment,1,1,0,synthetic,near_null_effect
SYN-008871,control,1,1,0,synthetic,near_null_effect
SYN-008872,treatment,1,1,0,synthetic,near_null_effect
SYN-008873,treatment,1,1,0,synthetic,near_null_effect
SYN-008874,treatment,1,1,0,synthetic,near_null_effect
SYN-008875,treatment,1,1,1,synthetic,near_null_effect
SYN-008876,treatment,1,1,0,synthetic,near_null_effect
SYN-008877,control,1,1,0,synthetic,near_null_effect
SYN-008878,treatment,1,1,0,synthetic,near_null_effect
SYN-008879,control,1,1,0,synthetic,near_null_effect
SYN-008880,treatment,1,1,0,synthetic,near_null_effect
SYN-008881,control,1,1,0,synthetic,near_null_effect
SYN-008882,treatment,1,1,0,synthetic,near_null_effect
SYN-008883,treatment,1,1,0,synthetic,near_null_effect
SYN-008884,treatment,1,1,0,synthetic,near_null_effect
SYN-008885,control,1,1,0,synthetic,near_null_effect
SYN-008886,control,1,1,1,synthetic,near_null_effect
SYN-008887,treatment,1,1,0,synthetic,near_null_effect
SYN-008888,control,1,1,0,synthetic,near_null_effect
SYN-008889,treatment,1,1,0,synthetic,near_null_effect
SYN-008890,control,1,1,0,synthetic,near_null_effect
SYN-008891,control,1,1,0,synthetic,near_null_effect
SYN-008892,treatment,1,1,0,synthetic,near_null_effect
SYN-008893,control,1,1,0,synthetic,near_null_effect
SYN-008894,treatment,1,1,0,synthetic,near_null_effect
SYN-008895,control,1,1,0,synthetic,near_null_effect
SYN-008896,treatment,1,1,0,synthetic,near_null_effect
SYN-008897,treatment,1,1,0,synthetic,near_null_effect
SYN-008898,control,1,1,0,synthetic,near_null_effect
SYN-008899,treatment,1,1,0,synthetic,near_null_effect
SYN-008900,treatment,1,1,0,synthetic,near_null_effect
SYN-008901,control,1,1,0,synthetic,near_null_effect
SYN-008902,control,1,1,0,synthetic,near_null_effect
SYN-008903,control,1,1,0,synthetic,near_null_effect
SYN-008904,control,1,1,0,synthetic,near_null_effect
SYN-008905,control,1,1,0,synthetic,near_null_effect
SYN-008906,treatment,1,1,0,synthetic,near_null_effect
SYN-008907,control,1,1,0,synthetic,near_null_effect
SYN-008908,treatment,1,1,0,synthetic,near_null_effect
SYN-008909,control,1,1,0,synthetic,near_null_effect
SYN-008910,control,1,1,0,synthetic,near_null_effect
SYN-008911,control,1,1,0,synthetic,near_null_effect
SYN-008912,treatment,1,1,0,synthetic,near_null_effect
SYN-008913,treatment,1,1,0,synthetic,near_null_effect
SYN-008914,control,1,1,0,synthetic,near_null_effect
SYN-008915,treatment,1,1,0,synthetic,near_null_effect
SYN-008916,treatment,1,1,0,synthetic,near_null_effect
SYN-008917,control,1,1,0,synthetic,near_null_effect
SYN-008918,control,1,1,0,synthetic,near_null_effect
SYN-008919,control,1,1,0,synthetic,near_null_effect
SYN-008920,treatment,1,1,0,synthetic,near_null_effect
SYN-008921,treatment,1,1,0,synthetic,near_null_effect
SYN-008922,treatment,1,1,0,synthetic,near_null_effect
SYN-008923,treatment,1,1,0,synthetic,near_null_effect
SYN-008924,treatment,1,1,0,synthetic,near_null_effect
SYN-008925,control,1,1,0,synthetic,near_null_effect
SYN-008926,treatment,1,1,1,synthetic,near_null_effect
SYN-008927,treatment,1,1,0,synthetic,near_null_effect
SYN-008928,control,1,1,1,synthetic,near_null_effect
SYN-008929,treatment,1,1,0,synthetic,near_null_effect
SYN-008930,treatment,1,1,0,synthetic,near_null_effect
SYN-008931,treatment,1,1,0,synthetic,near_null_effect
SYN-008932,treatment,1,1,0,synthetic,near_null_effect
SYN-008933,treatment,1,1,0,synthetic,near_null_effect
SYN-008934,control,1,1,0,synthetic,near_null_effect
SYN-008935,control,1,1,0,synthetic,near_null_effect
SYN-008936,control,1,1,0,synthetic,near_null_effect
SYN-008937,control,1,1,0,synthetic,near_null_effect
SYN-008938,treatment,1,1,1,synthetic,near_null_effect
SYN-008939,control,1,1,0,synthetic,near_null_effect
SYN-008940,control,1,1,0,synthetic,near_null_effect
SYN-008941,treatment,1,1,0,synthetic,near_null_effect
SYN-008942,control,1,1,0,synthetic,near_null_effect
SYN-008943,treatment,1,1,0,synthetic,near_null_effect
SYN-008944,treatment,1,1,0,synthetic,near_null_effect
SYN-008945,treatment,1,1,0,synthetic,near_null_effect
SYN-008946,treatment,1,1,0,synthetic,near_null_effect
SYN-008947,control,1,1,0,synthetic,near_null_effect
SYN-008948,treatment,1,1,0,synthetic,near_null_effect
SYN-008949,control,1,1,0,synthetic,near_null_effect
SYN-008950,treatment,1,1,0,synthetic,near_null_effect
SYN-008951,control,1,1,0,synthetic,near_null_effect
SYN-008952,treatment,1,1,0,synthetic,near_null_effect
SYN-008953,treatment,1,1,0,synthetic,near_null_effect
SYN-008954,control,1,1,0,synthetic,near_null_effect
SYN-008955,control,1,1,0,synthetic,near_null_effect
SYN-008956,treatment,1,1,1,synthetic,near_null_effect
SYN-008957,treatment,1,1,0,synthetic,near_null_effect
SYN-008958,treatment,1,1,0,synthetic,near_null_effect
SYN-008959,control,1,1,1,synthetic,near_null_effect
SYN-008960,treatment,1,1,0,synthetic,near_null_effect
SYN-008961,treatment,1,1,0,synthetic,near_null_effect
SYN-008962,treatment,1,1,0,synthetic,near_null_effect
SYN-008963,control,1,1,0,synthetic,near_null_effect
SYN-008964,treatment,1,1,0,synthetic,near_null_effect
SYN-008965,control,1,1,0,synthetic,near_null_effect
SYN-008966,treatment,1,1,1,synthetic,near_null_effect
SYN-008967,treatment,1,1,0,synthetic,near_null_effect
SYN-008968,control,1,1,0,synthetic,near_null_effect
SYN-008969,control,1,1,0,synthetic,near_null_effect
SYN-008970,treatment,1,1,0,synthetic,near_null_effect
SYN-008971,control,1,1,0,synthetic,near_null_effect
SYN-008972,treatment,1,1,0,synthetic,near_null_effect
SYN-008973,treatment,1,1,1,synthetic,near_null_effect
SYN-008974,control,1,1,0,synthetic,near_null_effect
SYN-008975,control,1,1,0,synthetic,near_null_effect
SYN-008976,treatment,1,1,0,synthetic,near_null_effect
SYN-008977,control,1,1,1,synthetic,near_null_effect
SYN-008978,treatment,1,1,0,synthetic,near_null_effect
SYN-008979,control,1,1,0,synthetic,near_null_effect
SYN-008980,treatment,1,1,0,synthetic,near_null_effect
SYN-008981,treatment,1,1,0,synthetic,near_null_effect
SYN-008982,treatment,1,1,0,synthetic,near_null_effect
SYN-008983,treatment,1,1,1,synthetic,near_null_effect
SYN-008984,control,1,1,0,synthetic,near_null_effect
SYN-008985,control,1,1,0,synthetic,near_null_effect
SYN-008986,treatment,1,1,0,synthetic,near_null_effect
SYN-008987,control,1,1,0,synthetic,near_null_effect
SYN-008988,treatment,1,1,0,synthetic,near_null_effect
SYN-008989,treatment,1,1,0,synthetic,near_null_effect
SYN-008990,control,1,1,0,synthetic,near_null_effect
SYN-008991,treatment,1,1,0,synthetic,near_null_effect
SYN-008992,treatment,1,1,0,synthetic,near_null_effect
SYN-008993,control,1,1,1,synthetic,near_null_effect
SYN-008994,control,1,1,0,synthetic,near_null_effect
SYN-008995,treatment,1,1,0,synthetic,near_null_effect
SYN-008996,control,1,1,0,synthetic,near_null_effect
SYN-008997,control,1,1,0,synthetic,near_null_effect
SYN-008998,treatment,1,1,0,synthetic,near_null_effect
SYN-008999,treatment,1,1,0,synthetic,near_null_effect
SYN-009000,treatment,1,1,0,synthetic,near_null_effect
SYN-009001,control,1,1,0,synthetic,near_null_effect
SYN-009002,control,1,1,0,synthetic,near_null_effect
SYN-009003,treatment,1,1,0,synthetic,near_null_effect
SYN-009004,treatment,1,1,0,synthetic,near_null_effect
SYN-009005,control,1,1,0,synthetic,near_null_effect
SYN-009006,control,1,1,1,synthetic,near_null_effect
SYN-009007,control,1,1,0,synthetic,near_null_effect
SYN-009008,treatment,1,1,0,synthetic,near_null_effect
SYN-009009,control,1,1,0,synthetic,near_null_effect
SYN-009010,treatment,1,1,0,synthetic,near_null_effect
SYN-009011,treatment,1,1,0,synthetic,near_null_effect
SYN-009012,control,1,1,0,synthetic,near_null_effect
SYN-009013,control,1,1,0,synthetic,near_null_effect
SYN-009014,control,1,1,0,synthetic,near_null_effect
SYN-009015,control,1,1,0,synthetic,near_null_effect
SYN-009016,control,1,1,0,synthetic,near_null_effect
SYN-009017,control,1,1,0,synthetic,near_null_effect
SYN-009018,control,1,1,0,synthetic,near_null_effect
SYN-009019,control,1,1,0,synthetic,near_null_effect
SYN-009020,treatment,1,1,0,synthetic,near_null_effect
SYN-009021,control,1,1,0,synthetic,near_null_effect
SYN-009022,treatment,1,1,1,synthetic,near_null_effect
SYN-009023,control,1,1,1,synthetic,near_null_effect
SYN-009024,treatment,1,1,0,synthetic,near_null_effect
SYN-009025,control,1,1,0,synthetic,near_null_effect
SYN-009026,treatment,1,1,0,synthetic,near_null_effect
SYN-009027,treatment,1,1,0,synthetic,near_null_effect
SYN-009028,treatment,1,1,0,synthetic,near_null_effect
SYN-009029,control,1,1,0,synthetic,near_null_effect
SYN-009030,control,1,1,0,synthetic,near_null_effect
SYN-009031,treatment,1,1,0,synthetic,near_null_effect
SYN-009032,treatment,1,1,0,synthetic,near_null_effect
SYN-009033,control,1,1,0,synthetic,near_null_effect
SYN-009034,treatment,1,1,0,synthetic,near_null_effect
SYN-009035,treatment,1,1,0,synthetic,near_null_effect
SYN-009036,treatment,1,1,0,synthetic,near_null_effect
SYN-009037,treatment,1,1,0,synthetic,near_null_effect
SYN-009038,control,1,1,0,synthetic,near_null_effect
SYN-009039,control,1,1,0,synthetic,near_null_effect
SYN-009040,control,1,1,0,synthetic,near_null_effect
SYN-009041,treatment,1,1,1,synthetic,near_null_effect
SYN-009042,control,1,1,0,synthetic,near_null_effect
SYN-009043,control,1,1,0,synthetic,near_null_effect
SYN-009044,treatment,1,1,0,synthetic,near_null_effect
SYN-009045,control,1,1,0,synthetic,near_null_effect
SYN-009046,control,1,1,0,synthetic,near_null_effect
SYN-009047,control,1,1,0,synthetic,near_null_effect
SYN-009048,control,1,1,0,synthetic,near_null_effect
SYN-009049,control,1,1,0,synthetic,near_null_effect
SYN-009050,control,1,1,0,synthetic,near_null_effect
SYN-009051,treatment,1,1,0,synthetic,near_null_effect
SYN-009052,treatment,1,1,1,synthetic,near_null_effect
SYN-009053,treatment,1,1,0,synthetic,near_null_effect
SYN-009054,control,1,1,0,synthetic,near_null_effect
SYN-009055,treatment,1,1,0,synthetic,near_null_effect
SYN-009056,treatment,1,1,1,synthetic,near_null_effect
SYN-009057,control,1,1,0,synthetic,near_null_effect
SYN-009058,treatment,1,1,0,synthetic,near_null_effect
SYN-009059,treatment,1,1,0,synthetic,near_null_effect
SYN-009060,control,1,1,0,synthetic,near_null_effect
SYN-009061,treatment,1,1,0,synthetic,near_null_effect
SYN-009062,control,1,1,0,synthetic,near_null_effect
SYN-009063,treatment,1,1,0,synthetic,near_null_effect
SYN-009064,treatment,1,1,0,synthetic,near_null_effect
SYN-009065,treatment,1,1,0,synthetic,near_null_effect
SYN-009066,control,1,1,0,synthetic,near_null_effect
SYN-009067,treatment,1,1,0,synthetic,near_null_effect
SYN-009068,treatment,1,1,0,synthetic,near_null_effect
SYN-009069,treatment,1,1,0,synthetic,near_null_effect
SYN-009070,treatment,1,1,0,synthetic,near_null_effect
SYN-009071,control,1,1,0,synthetic,near_null_effect
SYN-009072,control,1,1,0,synthetic,near_null_effect
SYN-009073,control,1,1,0,synthetic,near_null_effect
SYN-009074,control,1,1,0,synthetic,near_null_effect
SYN-009075,treatment,1,1,0,synthetic,near_null_effect
SYN-009076,treatment,1,1,0,synthetic,near_null_effect
SYN-009077,treatment,1,1,0,synthetic,near_null_effect
SYN-009078,control,1,1,0,synthetic,near_null_effect
SYN-009079,treatment,1,1,0,synthetic,near_null_effect
SYN-009080,control,1,1,0,synthetic,near_null_effect
SYN-009081,control,1,1,0,synthetic,near_null_effect
SYN-009082,treatment,1,1,1,synthetic,near_null_effect
SYN-009083,control,1,1,1,synthetic,near_null_effect
SYN-009084,treatment,1,1,1,synthetic,near_null_effect
SYN-009085,treatment,1,1,0,synthetic,near_null_effect
SYN-009086,treatment,1,1,1,synthetic,near_null_effect
SYN-009087,control,1,1,0,synthetic,near_null_effect
SYN-009088,control,1,1,0,synthetic,near_null_effect
SYN-009089,treatment,1,1,0,synthetic,near_null_effect
SYN-009090,control,1,1,0,synthetic,near_null_effect
SYN-009091,control,1,1,0,synthetic,near_null_effect
SYN-009092,control,1,1,0,synthetic,near_null_effect
SYN-009093,control,1,1,1,synthetic,near_null_effect
SYN-009094,control,1,1,0,synthetic,near_null_effect
SYN-009095,control,1,1,0,synthetic,near_null_effect
SYN-009096,control,1,1,0,synthetic,near_null_effect
SYN-009097,control,1,1,0,synthetic,near_null_effect
SYN-009098,treatment,1,1,0,synthetic,near_null_effect
SYN-009099,treatment,1,1,1,synthetic,near_null_effect
SYN-009100,treatment,1,1,0,synthetic,near_null_effect
SYN-009101,treatment,1,1,0,synthetic,near_null_effect
SYN-009102,treatment,1,1,0,synthetic,near_null_effect
SYN-009103,control,1,1,0,synthetic,near_null_effect
SYN-009104,control,1,1,0,synthetic,near_null_effect
SYN-009105,control,1,1,0,synthetic,near_null_effect
SYN-009106,control,1,1,0,synthetic,near_null_effect
SYN-009107,control,1,1,0,synthetic,near_null_effect
SYN-009108,control,1,1,1,synthetic,near_null_effect
SYN-009109,control,1,1,0,synthetic,near_null_effect
SYN-009110,control,1,1,0,synthetic,near_null_effect
SYN-009111,treatment,1,1,1,synthetic,near_null_effect
SYN-009112,treatment,1,1,0,synthetic,near_null_effect
SYN-009113,treatment,1,1,0,synthetic,near_null_effect
SYN-009114,control,1,1,0,synthetic,near_null_effect
SYN-009115,treatment,1,1,0,synthetic,near_null_effect
SYN-009116,control,1,1,0,synthetic,near_null_effect
SYN-009117,control,1,1,0,synthetic,near_null_effect
SYN-009118,control,1,1,0,synthetic,near_null_effect
SYN-009119,control,1,1,0,synthetic,near_null_effect
SYN-009120,control,1,1,0,synthetic,near_null_effect
SYN-009121,treatment,1,1,0,synthetic,near_null_effect
SYN-009122,treatment,1,1,1,synthetic,near_null_effect
SYN-009123,control,1,1,0,synthetic,near_null_effect
SYN-009124,control,1,1,0,synthetic,near_null_effect
SYN-009125,control,1,1,0,synthetic,near_null_effect
SYN-009126,treatment,1,1,0,synthetic,near_null_effect
SYN-009127,treatment,1,1,0,synthetic,near_null_effect
SYN-009128,control,1,1,0,synthetic,near_null_effect
SYN-009129,treatment,1,1,0,synthetic,near_null_effect
SYN-009130,treatment,1,1,1,synthetic,near_null_effect
SYN-009131,treatment,1,1,0,synthetic,near_null_effect
SYN-009132,treatment,1,1,0,synthetic,near_null_effect
SYN-009133,control,1,1,0,synthetic,near_null_effect
SYN-009134,control,1,1,0,synthetic,near_null_effect
SYN-009135,treatment,1,1,1,synthetic,near_null_effect
SYN-009136,control,1,1,1,synthetic,near_null_effect
SYN-009137,treatment,1,1,0,synthetic,near_null_effect
SYN-009138,treatment,1,1,1,synthetic,near_null_effect
SYN-009139,control,1,1,1,synthetic,near_null_effect
SYN-009140,control,1,1,1,synthetic,near_null_effect
SYN-009141,control,1,1,0,synthetic,near_null_effect
SYN-009142,control,1,1,0,synthetic,near_null_effect
SYN-009143,control,1,1,0,synthetic,near_null_effect
SYN-009144,control,1,1,0,synthetic,near_null_effect
SYN-009145,treatment,1,1,0,synthetic,near_null_effect
SYN-009146,control,1,1,0,synthetic,near_null_effect
SYN-009147,treatment,1,1,1,synthetic,near_null_effect
SYN-009148,control,1,1,1,synthetic,near_null_effect
SYN-009149,treatment,1,1,0,synthetic,near_null_effect
SYN-009150,control,1,1,0,synthetic,near_null_effect
SYN-009151,control,1,1,0,synthetic,near_null_effect
SYN-009152,treatment,1,1,0,synthetic,near_null_effect
SYN-009153,control,1,1,0,synthetic,near_null_effect
SYN-009154,control,1,1,0,synthetic,near_null_effect
SYN-009155,treatment,1,1,0,synthetic,near_null_effect
SYN-009156,control,1,1,0,synthetic,near_null_effect
SYN-009157,treatment,1,1,0,synthetic,near_null_effect
SYN-009158,treatment,1,1,1,synthetic,near_null_effect
SYN-009159,control,1,1,0,synthetic,near_null_effect
SYN-009160,control,1,1,0,synthetic,near_null_effect
SYN-009161,treatment,1,1,0,synthetic,near_null_effect
SYN-009162,treatment,1,1,0,synthetic,near_null_effect
SYN-009163,treatment,1,1,0,synthetic,near_null_effect
SYN-009164,treatment,1,1,1,synthetic,near_null_effect
SYN-009165,control,1,1,0,synthetic,near_null_effect
SYN-009166,treatment,1,1,0,synthetic,near_null_effect
SYN-009167,treatment,1,1,0,synthetic,near_null_effect
SYN-009168,control,1,1,0,synthetic,near_null_effect
SYN-009169,control,1,1,0,synthetic,near_null_effect
SYN-009170,treatment,1,1,0,synthetic,near_null_effect
SYN-009171,control,1,1,0,synthetic,near_null_effect
SYN-009172,treatment,1,1,0,synthetic,near_null_effect
SYN-009173,treatment,1,1,0,synthetic,near_null_effect
SYN-009174,treatment,1,1,0,synthetic,near_null_effect
SYN-009175,control,1,1,0,synthetic,near_null_effect
SYN-009176,treatment,1,1,0,synthetic,near_null_effect
SYN-009177,treatment,1,1,0,synthetic,near_null_effect
SYN-009178,control,1,1,0,synthetic,near_null_effect
SYN-009179,control,1,1,0,synthetic,near_null_effect
SYN-009180,control,1,1,0,synthetic,near_null_effect
SYN-009181,control,1,1,0,synthetic,near_null_effect
SYN-009182,control,1,1,1,synthetic,near_null_effect
SYN-009183,control,1,1,0,synthetic,near_null_effect
SYN-009184,treatment,1,1,1,synthetic,near_null_effect
SYN-009185,treatment,1,1,0,synthetic,near_null_effect
SYN-009186,control,1,1,0,synthetic,near_null_effect
SYN-009187,treatment,1,1,0,synthetic,near_null_effect
SYN-009188,treatment,1,1,0,synthetic,near_null_effect
SYN-009189,control,1,1,0,synthetic,near_null_effect
SYN-009190,control,1,1,0,synthetic,near_null_effect
SYN-009191,treatment,1,1,0,synthetic,near_null_effect
SYN-009192,control,1,1,0,synthetic,near_null_effect
SYN-009193,treatment,1,1,0,synthetic,near_null_effect
SYN-009194,control,1,1,0,synthetic,near_null_effect
SYN-009195,treatment,1,1,0,synthetic,near_null_effect
SYN-009196,control,1,1,0,synthetic,near_null_effect
SYN-009197,treatment,1,1,0,synthetic,near_null_effect
SYN-009198,control,1,1,0,synthetic,near_null_effect
SYN-009199,control,1,1,0,synthetic,near_null_effect
SYN-009200,control,1,1,1,synthetic,near_null_effect
SYN-009201,treatment,1,1,0,synthetic,near_null_effect
SYN-009202,control,1,1,0,synthetic,near_null_effect
SYN-009203,treatment,1,1,0,synthetic,near_null_effect
SYN-009204,control,1,1,0,synthetic,near_null_effect
SYN-009205,control,1,1,0,synthetic,near_null_effect
SYN-009206,treatment,1,1,0,synthetic,near_null_effect
SYN-009207,control,1,1,0,synthetic,near_null_effect
SYN-009208,treatment,1,1,0,synthetic,near_null_effect
SYN-009209,treatment,1,1,0,synthetic,near_null_effect
SYN-009210,control,1,1,0,synthetic,near_null_effect
SYN-009211,control,1,1,0,synthetic,near_null_effect
SYN-009212,treatment,1,1,0,synthetic,near_null_effect
SYN-009213,control,1,1,0,synthetic,near_null_effect
SYN-009214,treatment,1,1,0,synthetic,near_null_effect
SYN-009215,control,1,1,0,synthetic,near_null_effect
SYN-009216,control,1,1,0,synthetic,near_null_effect
SYN-009217,control,1,1,0,synthetic,near_null_effect
SYN-009218,treatment,1,1,0,synthetic,near_null_effect
SYN-009219,treatment,1,1,1,synthetic,near_null_effect
SYN-009220,treatment,1,1,0,synthetic,near_null_effect
SYN-009221,control,1,1,0,synthetic,near_null_effect
SYN-009222,treatment,1,1,0,synthetic,near_null_effect
SYN-009223,control,1,1,0,synthetic,near_null_effect
SYN-009224,treatment,1,1,0,synthetic,near_null_effect
SYN-009225,treatment,1,1,0,synthetic,near_null_effect
SYN-009226,control,1,1,0,synthetic,near_null_effect
SYN-009227,control,1,1,0,synthetic,near_null_effect
SYN-009228,treatment,1,1,0,synthetic,near_null_effect
SYN-009229,control,1,1,0,synthetic,near_null_effect
SYN-009230,treatment,1,1,0,synthetic,near_null_effect
SYN-009231,treatment,1,1,1,synthetic,near_null_effect
SYN-009232,treatment,1,1,0,synthetic,near_null_effect
SYN-009233,treatment,1,1,0,synthetic,near_null_effect
SYN-009234,treatment,1,1,0,synthetic,near_null_effect
SYN-009235,control,1,1,0,synthetic,near_null_effect
SYN-009236,treatment,1,1,0,synthetic,near_null_effect
SYN-009237,treatment,1,1,0,synthetic,near_null_effect
SYN-009238,treatment,1,1,1,synthetic,near_null_effect
SYN-009239,treatment,1,1,0,synthetic,near_null_effect
SYN-009240,control,1,1,0,synthetic,near_null_effect
SYN-009241,treatment,1,1,0,synthetic,near_null_effect
SYN-009242,control,1,1,0,synthetic,near_null_effect
SYN-009243,treatment,1,1,0,synthetic,near_null_effect
SYN-009244,treatment,1,1,0,synthetic,near_null_effect
SYN-009245,treatment,1,1,0,synthetic,near_null_effect
SYN-009246,treatment,1,1,0,synthetic,near_null_effect
SYN-009247,treatment,1,1,0,synthetic,near_null_effect
SYN-009248,control,1,1,0,synthetic,near_null_effect
SYN-009249,treatment,1,1,0,synthetic,near_null_effect
SYN-009250,control,1,1,0,synthetic,near_null_effect
SYN-009251,control,1,1,0,synthetic,near_null_effect
SYN-009252,control,1,1,0,synthetic,near_null_effect
SYN-009253,treatment,1,1,0,synthetic,near_null_effect
SYN-009254,treatment,1,1,0,synthetic,near_null_effect
SYN-009255,control,1,1,0,synthetic,near_null_effect
SYN-009256,treatment,1,1,1,synthetic,near_null_effect
SYN-009257,treatment,1,1,0,synthetic,near_null_effect
SYN-009258,control,1,1,0,synthetic,near_null_effect
SYN-009259,treatment,1,1,0,synthetic,near_null_effect
SYN-009260,treatment,1,1,0,synthetic,near_null_effect
SYN-009261,treatment,1,1,0,synthetic,near_null_effect
SYN-009262,control,1,1,0,synthetic,near_null_effect
SYN-009263,control,1,1,0,synthetic,near_null_effect
SYN-009264,control,1,1,0,synthetic,near_null_effect
SYN-009265,treatment,1,1,0,synthetic,near_null_effect
SYN-009266,control,1,1,1,synthetic,near_null_effect
SYN-009267,treatment,1,1,0,synthetic,near_null_effect
SYN-009268,control,1,1,0,synthetic,near_null_effect
SYN-009269,control,1,1,0,synthetic,near_null_effect
SYN-009270,treatment,1,1,0,synthetic,near_null_effect
SYN-009271,control,1,1,0,synthetic,near_null_effect
SYN-009272,treatment,1,1,0,synthetic,near_null_effect
SYN-009273,control,1,1,0,synthetic,near_null_effect
SYN-009274,control,1,1,0,synthetic,near_null_effect
SYN-009275,control,1,1,0,synthetic,near_null_effect
SYN-009276,control,1,1,0,synthetic,near_null_effect
SYN-009277,control,1,1,0,synthetic,near_null_effect
SYN-009278,treatment,1,1,0,synthetic,near_null_effect
SYN-009279,control,1,1,0,synthetic,near_null_effect
SYN-009280,treatment,1,1,0,synthetic,near_null_effect
SYN-009281,treatment,1,1,0,synthetic,near_null_effect
SYN-009282,control,1,1,1,synthetic,near_null_effect
SYN-009283,control,1,1,0,synthetic,near_null_effect
SYN-009284,control,1,1,0,synthetic,near_null_effect
SYN-009285,control,1,1,0,synthetic,near_null_effect
SYN-009286,treatment,1,1,0,synthetic,near_null_effect
SYN-009287,control,1,1,0,synthetic,near_null_effect
SYN-009288,treatment,1,1,0,synthetic,near_null_effect
SYN-009289,treatment,1,1,0,synthetic,near_null_effect
SYN-009290,control,1,1,0,synthetic,near_null_effect
SYN-009291,control,1,1,1,synthetic,near_null_effect
SYN-009292,control,1,1,0,synthetic,near_null_effect
SYN-009293,control,1,1,0,synthetic,near_null_effect
SYN-009294,treatment,1,1,0,synthetic,near_null_effect
SYN-009295,control,1,1,0,synthetic,near_null_effect
SYN-009296,control,1,1,0,synthetic,near_null_effect
SYN-009297,control,1,1,1,synthetic,near_null_effect
SYN-009298,control,1,1,0,synthetic,near_null_effect
SYN-009299,control,1,1,0,synthetic,near_null_effect
SYN-009300,control,1,1,0,synthetic,near_null_effect
SYN-009301,treatment,1,1,0,synthetic,near_null_effect
SYN-009302,control,1,1,0,synthetic,near_null_effect
SYN-009303,control,1,1,0,synthetic,near_null_effect
SYN-009304,treatment,1,1,0,synthetic,near_null_effect
SYN-009305,control,1,1,0,synthetic,near_null_effect
SYN-009306,treatment,1,1,1,synthetic,near_null_effect
SYN-009307,treatment,1,1,0,synthetic,near_null_effect
SYN-009308,control,1,1,0,synthetic,near_null_effect
SYN-009309,treatment,1,1,1,synthetic,near_null_effect
SYN-009310,control,1,1,0,synthetic,near_null_effect
SYN-009311,treatment,1,1,0,synthetic,near_null_effect
SYN-009312,treatment,1,1,0,synthetic,near_null_effect
SYN-009313,control,1,1,0,synthetic,near_null_effect
SYN-009314,control,1,1,1,synthetic,near_null_effect
SYN-009315,control,1,1,0,synthetic,near_null_effect
SYN-009316,treatment,1,1,0,synthetic,near_null_effect
SYN-009317,control,1,1,0,synthetic,near_null_effect
SYN-009318,treatment,1,1,0,synthetic,near_null_effect
SYN-009319,treatment,1,1,0,synthetic,near_null_effect
SYN-009320,treatment,1,1,0,synthetic,near_null_effect
SYN-009321,treatment,1,1,0,synthetic,near_null_effect
SYN-009322,control,1,1,0,synthetic,near_null_effect
SYN-009323,treatment,1,1,0,synthetic,near_null_effect
SYN-009324,treatment,1,1,0,synthetic,near_null_effect
SYN-009325,treatment,1,1,0,synthetic,near_null_effect
SYN-009326,treatment,1,1,0,synthetic,near_null_effect
SYN-009327,treatment,1,1,0,synthetic,near_null_effect
SYN-009328,control,1,1,0,synthetic,near_null_effect
SYN-009329,treatment,1,1,0,synthetic,near_null_effect
SYN-009330,treatment,1,1,0,synthetic,near_null_effect
SYN-009331,control,1,1,0,synthetic,near_null_effect
SYN-009332,treatment,1,1,0,synthetic,near_null_effect
SYN-009333,control,1,1,0,synthetic,near_null_effect
SYN-009334,treatment,1,1,0,synthetic,near_null_effect
SYN-009335,control,1,1,0,synthetic,near_null_effect
SYN-009336,control,1,1,0,synthetic,near_null_effect
SYN-009337,control,1,1,1,synthetic,near_null_effect
SYN-009338,treatment,1,1,0,synthetic,near_null_effect
SYN-009339,control,1,1,0,synthetic,near_null_effect
SYN-009340,treatment,1,1,0,synthetic,near_null_effect
SYN-009341,control,1,1,0,synthetic,near_null_effect
SYN-009342,control,1,1,0,synthetic,near_null_effect
SYN-009343,control,1,1,0,synthetic,near_null_effect
SYN-009344,treatment,1,1,0,synthetic,near_null_effect
SYN-009345,control,1,1,0,synthetic,near_null_effect
SYN-009346,control,1,1,0,synthetic,near_null_effect
SYN-009347,control,1,1,0,synthetic,near_null_effect
SYN-009348,control,1,1,0,synthetic,near_null_effect
SYN-009349,treatment,1,1,0,synthetic,near_null_effect
SYN-009350,control,1,1,0,synthetic,near_null_effect
SYN-009351,control,1,1,0,synthetic,near_null_effect
SYN-009352,treatment,1,1,0,synthetic,near_null_effect
SYN-009353,treatment,1,1,0,synthetic,near_null_effect
SYN-009354,treatment,1,1,0,synthetic,near_null_effect
SYN-009355,control,1,1,0,synthetic,near_null_effect
SYN-009356,control,1,1,0,synthetic,near_null_effect
SYN-009357,control,1,1,0,synthetic,near_null_effect
SYN-009358,control,1,1,1,synthetic,near_null_effect
SYN-009359,control,1,1,0,synthetic,near_null_effect
SYN-009360,treatment,1,1,0,synthetic,near_null_effect
SYN-009361,treatment,1,1,0,synthetic,near_null_effect
SYN-009362,control,1,1,0,synthetic,near_null_effect
SYN-009363,treatment,1,1,0,synthetic,near_null_effect
SYN-009364,treatment,1,1,0,synthetic,near_null_effect
SYN-009365,treatment,1,1,0,synthetic,near_null_effect
SYN-009366,control,1,1,0,synthetic,near_null_effect
SYN-009367,control,1,1,0,synthetic,near_null_effect
SYN-009368,control,1,1,0,synthetic,near_null_effect
SYN-009369,control,1,1,0,synthetic,near_null_effect
SYN-009370,control,1,1,0,synthetic,near_null_effect
SYN-009371,control,1,1,0,synthetic,near_null_effect
SYN-009372,control,1,1,0,synthetic,near_null_effect
SYN-009373,treatment,1,1,0,synthetic,near_null_effect
SYN-009374,treatment,1,1,0,synthetic,near_null_effect
SYN-009375,treatment,1,1,1,synthetic,near_null_effect
SYN-009376,control,1,1,0,synthetic,near_null_effect
SYN-009377,treatment,1,1,0,synthetic,near_null_effect
SYN-009378,treatment,1,1,0,synthetic,near_null_effect
SYN-009379,treatment,1,1,1,synthetic,near_null_effect
SYN-009380,treatment,1,1,0,synthetic,near_null_effect
SYN-009381,control,1,1,0,synthetic,near_null_effect
SYN-009382,treatment,1,1,0,synthetic,near_null_effect
SYN-009383,treatment,1,1,0,synthetic,near_null_effect
SYN-009384,treatment,1,1,0,synthetic,near_null_effect
SYN-009385,control,1,1,0,synthetic,near_null_effect
SYN-009386,control,1,1,0,synthetic,near_null_effect
SYN-009387,treatment,1,1,0,synthetic,near_null_effect
SYN-009388,control,1,1,1,synthetic,near_null_effect
SYN-009389,control,1,1,0,synthetic,near_null_effect
SYN-009390,control,1,1,0,synthetic,near_null_effect
SYN-009391,control,1,1,0,synthetic,near_null_effect
SYN-009392,treatment,1,1,1,synthetic,near_null_effect
SYN-009393,treatment,1,1,0,synthetic,near_null_effect
SYN-009394,treatment,1,1,0,synthetic,near_null_effect
SYN-009395,control,1,1,0,synthetic,near_null_effect
SYN-009396,treatment,1,1,0,synthetic,near_null_effect
SYN-009397,treatment,1,1,0,synthetic,near_null_effect
SYN-009398,control,1,1,0,synthetic,near_null_effect
SYN-009399,treatment,1,1,0,synthetic,near_null_effect
SYN-009400,control,1,1,0,synthetic,near_null_effect
SYN-009401,treatment,1,1,0,synthetic,near_null_effect
SYN-009402,treatment,1,1,0,synthetic,near_null_effect
SYN-009403,treatment,1,1,0,synthetic,near_null_effect
SYN-009404,control,1,1,1,synthetic,near_null_effect
SYN-009405,treatment,1,1,0,synthetic,near_null_effect
SYN-009406,control,1,1,0,synthetic,near_null_effect
SYN-009407,control,1,1,0,synthetic,near_null_effect
SYN-009408,treatment,1,1,0,synthetic,near_null_effect
SYN-009409,treatment,1,1,0,synthetic,near_null_effect
SYN-009410,treatment,1,1,0,synthetic,near_null_effect
SYN-009411,treatment,1,1,0,synthetic,near_null_effect
SYN-009412,control,1,1,0,synthetic,near_null_effect
SYN-009413,control,1,1,0,synthetic,near_null_effect
SYN-009414,treatment,1,1,0,synthetic,near_null_effect
SYN-009415,treatment,1,1,0,synthetic,near_null_effect
SYN-009416,control,1,1,0,synthetic,near_null_effect
SYN-009417,control,1,1,0,synthetic,near_null_effect
SYN-009418,control,1,1,0,synthetic,near_null_effect
SYN-009419,control,1,1,0,synthetic,near_null_effect
SYN-009420,treatment,1,1,0,synthetic,near_null_effect
SYN-009421,treatment,1,1,0,synthetic,near_null_effect
SYN-009422,control,1,1,0,synthetic,near_null_effect
SYN-009423,treatment,1,1,1,synthetic,near_null_effect
SYN-009424,control,1,1,0,synthetic,near_null_effect
SYN-009425,treatment,1,1,1,synthetic,near_null_effect
SYN-009426,treatment,1,1,0,synthetic,near_null_effect
SYN-009427,control,1,1,0,synthetic,near_null_effect
SYN-009428,control,1,1,0,synthetic,near_null_effect
SYN-009429,control,1,1,0,synthetic,near_null_effect
SYN-009430,treatment,1,1,0,synthetic,near_null_effect
SYN-009431,control,1,1,0,synthetic,near_null_effect
SYN-009432,control,1,1,0,synthetic,near_null_effect
SYN-009433,control,1,1,1,synthetic,near_null_effect
SYN-009434,treatment,1,1,0,synthetic,near_null_effect
SYN-009435,treatment,1,1,0,synthetic,near_null_effect
SYN-009436,treatment,1,1,0,synthetic,near_null_effect
SYN-009437,control,1,1,0,synthetic,near_null_effect
SYN-009438,treatment,1,1,0,synthetic,near_null_effect
SYN-009439,treatment,1,1,0,synthetic,near_null_effect
SYN-009440,control,1,1,0,synthetic,near_null_effect
SYN-009441,treatment,1,1,0,synthetic,near_null_effect
SYN-009442,control,1,1,0,synthetic,near_null_effect
SYN-009443,treatment,1,1,0,synthetic,near_null_effect
SYN-009444,treatment,1,1,0,synthetic,near_null_effect
SYN-009445,treatment,1,1,0,synthetic,near_null_effect
SYN-009446,treatment,1,1,0,synthetic,near_null_effect
SYN-009447,control,1,1,0,synthetic,near_null_effect
SYN-009448,treatment,1,1,0,synthetic,near_null_effect
SYN-009449,treatment,1,1,0,synthetic,near_null_effect
SYN-009450,treatment,1,1,0,synthetic,near_null_effect
SYN-009451,control,1,1,0,synthetic,near_null_effect
SYN-009452,treatment,1,1,0,synthetic,near_null_effect
SYN-009453,control,1,1,0,synthetic,near_null_effect
SYN-009454,treatment,1,1,0,synthetic,near_null_effect
SYN-009455,treatment,1,1,0,synthetic,near_null_effect
SYN-009456,treatment,1,1,0,synthetic,near_null_effect
SYN-009457,control,1,1,0,synthetic,near_null_effect
SYN-009458,control,1,1,0,synthetic,near_null_effect
SYN-009459,control,1,1,0,synthetic,near_null_effect
SYN-009460,treatment,1,1,0,synthetic,near_null_effect
SYN-009461,treatment,1,1,0,synthetic,near_null_effect
SYN-009462,control,1,1,0,synthetic,near_null_effect
SYN-009463,control,1,1,0,synthetic,near_null_effect
SYN-009464,control,1,1,0,synthetic,near_null_effect
SYN-009465,treatment,1,1,0,synthetic,near_null_effect
SYN-009466,treatment,1,1,0,synthetic,near_null_effect
SYN-009467,treatment,1,1,0,synthetic,near_null_effect
SYN-009468,control,1,1,0,synthetic,near_null_effect
SYN-009469,treatment,1,1,0,synthetic,near_null_effect
SYN-009470,control,1,1,0,synthetic,near_null_effect
SYN-009471,control,1,1,0,synthetic,near_null_effect
SYN-009472,control,1,1,0,synthetic,near_null_effect
SYN-009473,treatment,1,1,0,synthetic,near_null_effect
SYN-009474,treatment,1,1,1,synthetic,near_null_effect
SYN-009475,treatment,1,1,1,synthetic,near_null_effect
SYN-009476,control,1,1,0,synthetic,near_null_effect
SYN-009477,control,1,1,0,synthetic,near_null_effect
SYN-009478,control,1,1,0,synthetic,near_null_effect
SYN-009479,treatment,1,1,0,synthetic,near_null_effect
SYN-009480,treatment,1,1,0,synthetic,near_null_effect
SYN-009481,control,1,1,1,synthetic,near_null_effect
SYN-009482,treatment,1,1,0,synthetic,near_null_effect
SYN-009483,treatment,1,1,0,synthetic,near_null_effect
SYN-009484,control,1,1,0,synthetic,near_null_effect
SYN-009485,treatment,1,1,0,synthetic,near_null_effect
SYN-009486,treatment,1,1,0,synthetic,near_null_effect
SYN-009487,treatment,1,1,1,synthetic,near_null_effect
SYN-009488,treatment,1,1,1,synthetic,near_null_effect
SYN-009489,control,1,1,0,synthetic,near_null_effect
SYN-009490,treatment,1,1,0,synthetic,near_null_effect
SYN-009491,control,1,1,0,synthetic,near_null_effect
SYN-009492,treatment,1,1,0,synthetic,near_null_effect
SYN-009493,control,1,1,1,synthetic,near_null_effect
SYN-009494,control,1,1,1,synthetic,near_null_effect
SYN-009495,control,1,1,0,synthetic,near_null_effect
SYN-009496,control,1,1,0,synthetic,near_null_effect
SYN-009497,treatment,1,1,0,synthetic,near_null_effect
SYN-009498,control,1,1,0,synthetic,near_null_effect
SYN-009499,treatment,1,1,0,synthetic,near_null_effect
SYN-009500,control,1,1,0,synthetic,near_null_effect
SYN-009501,treatment,1,1,0,synthetic,near_null_effect
SYN-009502,treatment,1,1,0,synthetic,near_null_effect
SYN-009503,treatment,1,1,0,synthetic,near_null_effect
SYN-009504,control,1,1,0,synthetic,near_null_effect
SYN-009505,treatment,1,1,0,synthetic,near_null_effect
SYN-009506,control,1,1,0,synthetic,near_null_effect
SYN-009507,treatment,1,1,0,synthetic,near_null_effect
SYN-009508,control,1,1,0,synthetic,near_null_effect
SYN-009509,treatment,1,1,0,synthetic,near_null_effect
SYN-009510,treatment,1,1,0,synthetic,near_null_effect
SYN-009511,control,1,1,0,synthetic,near_null_effect
SYN-009512,treatment,1,1,0,synthetic,near_null_effect
SYN-009513,treatment,1,1,1,synthetic,near_null_effect
SYN-009514,control,1,1,0,synthetic,near_null_effect
SYN-009515,control,1,1,0,synthetic,near_null_effect
SYN-009516,control,1,1,0,synthetic,near_null_effect
SYN-009517,control,1,1,0,synthetic,near_null_effect
SYN-009518,control,1,1,0,synthetic,near_null_effect
SYN-009519,treatment,1,1,0,synthetic,near_null_effect
SYN-009520,treatment,1,1,0,synthetic,near_null_effect
SYN-009521,treatment,1,1,0,synthetic,near_null_effect
SYN-009522,treatment,1,1,0,synthetic,near_null_effect
SYN-009523,control,1,1,0,synthetic,near_null_effect
SYN-009524,control,1,1,0,synthetic,near_null_effect
SYN-009525,control,1,1,0,synthetic,near_null_effect
SYN-009526,control,1,1,0,synthetic,near_null_effect
SYN-009527,treatment,1,1,0,synthetic,near_null_effect
SYN-009528,control,1,1,0,synthetic,near_null_effect
SYN-009529,treatment,1,1,0,synthetic,near_null_effect
SYN-009530,control,1,1,0,synthetic,near_null_effect
SYN-009531,control,1,1,0,synthetic,near_null_effect
SYN-009532,control,1,1,0,synthetic,near_null_effect
SYN-009533,treatment,1,1,0,synthetic,near_null_effect
SYN-009534,control,1,1,0,synthetic,near_null_effect
SYN-009535,treatment,1,1,0,synthetic,near_null_effect
SYN-009536,control,1,1,0,synthetic,near_null_effect
SYN-009537,treatment,1,1,0,synthetic,near_null_effect
SYN-009538,treatment,1,1,0,synthetic,near_null_effect
SYN-009539,treatment,1,1,0,synthetic,near_null_effect
SYN-009540,control,1,1,0,synthetic,near_null_effect
SYN-009541,control,1,1,0,synthetic,near_null_effect
SYN-009542,treatment,1,1,1,synthetic,near_null_effect
SYN-009543,treatment,1,1,0,synthetic,near_null_effect
SYN-009544,control,1,1,0,synthetic,near_null_effect
SYN-009545,control,1,1,0,synthetic,near_null_effect
SYN-009546,control,1,1,0,synthetic,near_null_effect
SYN-009547,treatment,1,1,0,synthetic,near_null_effect
SYN-009548,treatment,1,1,1,synthetic,near_null_effect
SYN-009549,control,1,1,0,synthetic,near_null_effect
SYN-009550,control,1,1,0,synthetic,near_null_effect
SYN-009551,control,1,1,1,synthetic,near_null_effect
SYN-009552,treatment,1,1,0,synthetic,near_null_effect
SYN-009553,control,1,1,0,synthetic,near_null_effect
SYN-009554,treatment,1,1,0,synthetic,near_null_effect
SYN-009555,control,1,1,0,synthetic,near_null_effect
SYN-009556,control,1,1,0,synthetic,near_null_effect
SYN-009557,control,1,1,0,synthetic,near_null_effect
SYN-009558,treatment,1,1,0,synthetic,near_null_effect
SYN-009559,treatment,1,1,1,synthetic,near_null_effect
SYN-009560,control,1,1,0,synthetic,near_null_effect
SYN-009561,treatment,1,1,0,synthetic,near_null_effect
SYN-009562,treatment,1,1,0,synthetic,near_null_effect
SYN-009563,treatment,1,1,1,synthetic,near_null_effect
SYN-009564,control,1,1,0,synthetic,near_null_effect
SYN-009565,control,1,1,0,synthetic,near_null_effect
SYN-009566,control,1,1,0,synthetic,near_null_effect
SYN-009567,control,1,1,0,synthetic,near_null_effect
SYN-009568,treatment,1,1,0,synthetic,near_null_effect
SYN-009569,control,1,1,0,synthetic,near_null_effect
SYN-009570,control,1,1,0,synthetic,near_null_effect
SYN-009571,treatment,1,1,1,synthetic,near_null_effect
SYN-009572,control,1,1,0,synthetic,near_null_effect
SYN-009573,control,1,1,0,synthetic,near_null_effect
SYN-009574,control,1,1,0,synthetic,near_null_effect
SYN-009575,control,1,1,1,synthetic,near_null_effect
SYN-009576,control,1,1,0,synthetic,near_null_effect
SYN-009577,control,1,1,0,synthetic,near_null_effect
SYN-009578,control,1,1,0,synthetic,near_null_effect
SYN-009579,control,1,1,0,synthetic,near_null_effect
SYN-009580,control,1,1,0,synthetic,near_null_effect
SYN-009581,control,1,1,0,synthetic,near_null_effect
SYN-009582,treatment,1,1,0,synthetic,near_null_effect
SYN-009583,treatment,1,1,0,synthetic,near_null_effect
SYN-009584,control,1,1,0,synthetic,near_null_effect
SYN-009585,treatment,1,1,0,synthetic,near_null_effect
SYN-009586,treatment,1,1,0,synthetic,near_null_effect
SYN-009587,control,1,1,0,synthetic,near_null_effect
SYN-009588,control,1,1,0,synthetic,near_null_effect
SYN-009589,treatment,1,1,0,synthetic,near_null_effect
SYN-009590,control,1,1,0,synthetic,near_null_effect
SYN-009591,treatment,1,1,0,synthetic,near_null_effect
SYN-009592,control,1,1,0,synthetic,near_null_effect
SYN-009593,control,1,1,0,synthetic,near_null_effect
SYN-009594,control,1,1,0,synthetic,near_null_effect
SYN-009595,treatment,1,1,0,synthetic,near_null_effect
SYN-009596,treatment,1,1,0,synthetic,near_null_effect
SYN-009597,control,1,1,0,synthetic,near_null_effect
SYN-009598,treatment,1,1,0,synthetic,near_null_effect
SYN-009599,treatment,1,1,0,synthetic,near_null_effect
SYN-009600,control,1,1,1,synthetic,near_null_effect
SYN-009601,control,1,1,0,synthetic,near_null_effect
SYN-009602,control,1,1,0,synthetic,near_null_effect
SYN-009603,treatment,1,1,0,synthetic,near_null_effect
SYN-009604,treatment,1,1,0,synthetic,near_null_effect
SYN-009605,treatment,1,1,1,synthetic,near_null_effect
SYN-009606,control,1,1,0,synthetic,near_null_effect
SYN-009607,treatment,1,1,0,synthetic,near_null_effect
SYN-009608,control,1,1,0,synthetic,near_null_effect
SYN-009609,treatment,1,1,0,synthetic,near_null_effect
SYN-009610,control,1,1,1,synthetic,near_null_effect
SYN-009611,control,1,1,0,synthetic,near_null_effect
SYN-009612,treatment,1,1,0,synthetic,near_null_effect
SYN-009613,control,1,1,0,synthetic,near_null_effect
SYN-009614,treatment,1,1,0,synthetic,near_null_effect
SYN-009615,treatment,1,1,0,synthetic,near_null_effect
SYN-009616,control,1,1,0,synthetic,near_null_effect
SYN-009617,control,1,1,0,synthetic,near_null_effect
SYN-009618,treatment,1,1,0,synthetic,near_null_effect
SYN-009619,treatment,1,1,1,synthetic,near_null_effect
SYN-009620,treatment,1,1,0,synthetic,near_null_effect
SYN-009621,control,1,1,0,synthetic,near_null_effect
SYN-009622,treatment,1,1,0,synthetic,near_null_effect
SYN-009623,treatment,1,1,1,synthetic,near_null_effect
SYN-009624,treatment,1,1,0,synthetic,near_null_effect
SYN-009625,control,1,1,0,synthetic,near_null_effect
SYN-009626,treatment,1,1,0,synthetic,near_null_effect
SYN-009627,treatment,1,1,0,synthetic,near_null_effect
SYN-009628,control,1,1,1,synthetic,near_null_effect
SYN-009629,treatment,1,1,0,synthetic,near_null_effect
SYN-009630,control,1,1,0,synthetic,near_null_effect
SYN-009631,treatment,1,1,0,synthetic,near_null_effect
SYN-009632,treatment,1,1,0,synthetic,near_null_effect
SYN-009633,control,1,1,1,synthetic,near_null_effect
SYN-009634,control,1,1,0,synthetic,near_null_effect
SYN-009635,treatment,1,1,0,synthetic,near_null_effect
SYN-009636,treatment,1,1,0,synthetic,near_null_effect
SYN-009637,treatment,1,1,0,synthetic,near_null_effect
SYN-009638,treatment,1,1,0,synthetic,near_null_effect
SYN-009639,treatment,1,1,0,synthetic,near_null_effect
SYN-009640,treatment,1,1,0,synthetic,near_null_effect
SYN-009641,treatment,1,1,0,synthetic,near_null_effect
SYN-009642,treatment,1,1,0,synthetic,near_null_effect
SYN-009643,treatment,1,1,0,synthetic,near_null_effect
SYN-009644,control,1,1,0,synthetic,near_null_effect
SYN-009645,control,1,1,0,synthetic,near_null_effect
SYN-009646,treatment,1,1,0,synthetic,near_null_effect
SYN-009647,control,1,1,0,synthetic,near_null_effect
SYN-009648,control,1,1,0,synthetic,near_null_effect
SYN-009649,control,1,1,0,synthetic,near_null_effect
SYN-009650,treatment,1,1,0,synthetic,near_null_effect
SYN-009651,control,1,1,0,synthetic,near_null_effect
SYN-009652,treatment,1,1,0,synthetic,near_null_effect
SYN-009653,control,1,1,0,synthetic,near_null_effect
SYN-009654,treatment,1,1,0,synthetic,near_null_effect
SYN-009655,treatment,1,1,0,synthetic,near_null_effect
SYN-009656,treatment,1,1,0,synthetic,near_null_effect
SYN-009657,treatment,1,1,0,synthetic,near_null_effect
SYN-009658,control,1,1,0,synthetic,near_null_effect
SYN-009659,control,1,1,0,synthetic,near_null_effect
SYN-009660,treatment,1,1,0,synthetic,near_null_effect
SYN-009661,control,1,1,0,synthetic,near_null_effect
SYN-009662,treatment,1,1,0,synthetic,near_null_effect
SYN-009663,treatment,1,1,0,synthetic,near_null_effect
SYN-009664,control,1,1,0,synthetic,near_null_effect
SYN-009665,treatment,1,1,0,synthetic,near_null_effect
SYN-009666,treatment,1,1,0,synthetic,near_null_effect
SYN-009667,treatment,1,1,0,synthetic,near_null_effect
SYN-009668,control,1,1,0,synthetic,near_null_effect
SYN-009669,control,1,1,1,synthetic,near_null_effect
SYN-009670,treatment,1,1,0,synthetic,near_null_effect
SYN-009671,treatment,1,1,0,synthetic,near_null_effect
SYN-009672,control,1,1,0,synthetic,near_null_effect
SYN-009673,control,1,1,0,synthetic,near_null_effect
SYN-009674,control,1,1,0,synthetic,near_null_effect
SYN-009675,treatment,1,1,0,synthetic,near_null_effect
SYN-009676,control,1,1,1,synthetic,near_null_effect
SYN-009677,treatment,1,1,1,synthetic,near_null_effect
SYN-009678,treatment,1,1,0,synthetic,near_null_effect
SYN-009679,treatment,1,1,0,synthetic,near_null_effect
SYN-009680,control,1,1,0,synthetic,near_null_effect
SYN-009681,treatment,1,1,0,synthetic,near_null_effect
SYN-009682,control,1,1,0,synthetic,near_null_effect
SYN-009683,treatment,1,1,0,synthetic,near_null_effect
SYN-009684,treatment,1,1,0,synthetic,near_null_effect
SYN-009685,control,1,1,0,synthetic,near_null_effect
SYN-009686,treatment,1,1,0,synthetic,near_null_effect
SYN-009687,treatment,1,1,0,synthetic,near_null_effect
SYN-009688,control,1,1,0,synthetic,near_null_effect
SYN-009689,treatment,1,1,0,synthetic,near_null_effect
SYN-009690,control,1,1,1,synthetic,near_null_effect
SYN-009691,treatment,1,1,0,synthetic,near_null_effect
SYN-009692,treatment,1,1,0,synthetic,near_null_effect
SYN-009693,treatment,1,1,1,synthetic,near_null_effect
SYN-009694,treatment,1,1,0,synthetic,near_null_effect
SYN-009695,treatment,1,1,0,synthetic,near_null_effect
SYN-009696,control,1,1,1,synthetic,near_null_effect
SYN-009697,treatment,1,1,0,synthetic,near_null_effect
SYN-009698,control,1,1,1,synthetic,near_null_effect
SYN-009699,control,1,1,0,synthetic,near_null_effect
SYN-009700,treatment,1,1,0,synthetic,near_null_effect
SYN-009701,treatment,1,1,0,synthetic,near_null_effect
SYN-009702,treatment,1,1,0,synthetic,near_null_effect
SYN-009703,treatment,1,1,0,synthetic,near_null_effect
SYN-009704,treatment,1,1,0,synthetic,near_null_effect
SYN-009705,control,1,1,0,synthetic,near_null_effect
SYN-009706,treatment,1,1,0,synthetic,near_null_effect
SYN-009707,treatment,1,1,0,synthetic,near_null_effect
SYN-009708,treatment,1,1,0,synthetic,near_null_effect
SYN-009709,control,1,1,0,synthetic,near_null_effect
SYN-009710,control,1,1,0,synthetic,near_null_effect
SYN-009711,treatment,1,1,0,synthetic,near_null_effect
SYN-009712,control,1,1,0,synthetic,near_null_effect
SYN-009713,treatment,1,1,0,synthetic,near_null_effect
SYN-009714,treatment,1,1,0,synthetic,near_null_effect
SYN-009715,control,1,1,0,synthetic,near_null_effect
SYN-009716,treatment,1,1,0,synthetic,near_null_effect
SYN-009717,treatment,1,1,0,synthetic,near_null_effect
SYN-009718,treatment,1,1,0,synthetic,near_null_effect
SYN-009719,control,1,1,0,synthetic,near_null_effect
SYN-009720,treatment,1,1,0,synthetic,near_null_effect
SYN-009721,control,1,1,0,synthetic,near_null_effect
SYN-009722,treatment,1,1,0,synthetic,near_null_effect
SYN-009723,control,1,1,0,synthetic,near_null_effect
SYN-009724,control,1,1,0,synthetic,near_null_effect
SYN-009725,treatment,1,1,0,synthetic,near_null_effect
SYN-009726,treatment,1,1,0,synthetic,near_null_effect
SYN-009727,control,1,1,0,synthetic,near_null_effect
SYN-009728,treatment,1,1,0,synthetic,near_null_effect
SYN-009729,control,1,1,0,synthetic,near_null_effect
SYN-009730,control,1,1,0,synthetic,near_null_effect
SYN-009731,control,1,1,0,synthetic,near_null_effect
SYN-009732,treatment,1,1,0,synthetic,near_null_effect
SYN-009733,treatment,1,1,0,synthetic,near_null_effect
SYN-009734,treatment,1,1,0,synthetic,near_null_effect
SYN-009735,treatment,1,1,0,synthetic,near_null_effect
SYN-009736,treatment,1,1,1,synthetic,near_null_effect
SYN-009737,treatment,1,1,0,synthetic,near_null_effect
SYN-009738,treatment,1,1,0,synthetic,near_null_effect
SYN-009739,control,1,1,0,synthetic,near_null_effect
SYN-009740,treatment,1,1,0,synthetic,near_null_effect
SYN-009741,control,1,1,0,synthetic,near_null_effect
SYN-009742,treatment,1,1,0,synthetic,near_null_effect
SYN-009743,control,1,1,0,synthetic,near_null_effect
SYN-009744,control,1,1,0,synthetic,near_null_effect
SYN-009745,treatment,1,1,1,synthetic,near_null_effect
SYN-009746,treatment,1,1,0,synthetic,near_null_effect
SYN-009747,treatment,1,1,1,synthetic,near_null_effect
SYN-009748,treatment,1,1,0,synthetic,near_null_effect
SYN-009749,treatment,1,1,0,synthetic,near_null_effect
SYN-009750,treatment,1,1,0,synthetic,near_null_effect
SYN-009751,treatment,1,1,0,synthetic,near_null_effect
SYN-009752,control,1,1,0,synthetic,near_null_effect
SYN-009753,control,1,1,0,synthetic,near_null_effect
SYN-009754,control,1,1,0,synthetic,near_null_effect
SYN-009755,control,1,1,0,synthetic,near_null_effect
SYN-009756,control,1,1,0,synthetic,near_null_effect
SYN-009757,control,1,1,1,synthetic,near_null_effect
SYN-009758,control,1,1,0,synthetic,near_null_effect
SYN-009759,control,1,1,0,synthetic,near_null_effect
SYN-009760,treatment,1,1,0,synthetic,near_null_effect
SYN-009761,treatment,1,1,1,synthetic,near_null_effect
SYN-009762,control,1,1,0,synthetic,near_null_effect
SYN-009763,control,1,1,0,synthetic,near_null_effect
SYN-009764,treatment,1,1,0,synthetic,near_null_effect
SYN-009765,treatment,1,1,0,synthetic,near_null_effect
SYN-009766,control,1,1,0,synthetic,near_null_effect
SYN-009767,control,1,1,0,synthetic,near_null_effect
SYN-009768,treatment,1,1,0,synthetic,near_null_effect
SYN-009769,control,1,1,0,synthetic,near_null_effect
SYN-009770,treatment,1,1,0,synthetic,near_null_effect
SYN-009771,treatment,1,1,0,synthetic,near_null_effect
SYN-009772,control,1,1,0,synthetic,near_null_effect
SYN-009773,treatment,1,1,0,synthetic,near_null_effect
SYN-009774,control,1,1,0,synthetic,near_null_effect
SYN-009775,control,1,1,0,synthetic,near_null_effect
SYN-009776,treatment,1,1,1,synthetic,near_null_effect
SYN-009777,control,1,1,0,synthetic,near_null_effect
SYN-009778,treatment,1,1,0,synthetic,near_null_effect
SYN-009779,treatment,1,1,0,synthetic,near_null_effect
SYN-009780,treatment,1,1,0,synthetic,near_null_effect
SYN-009781,treatment,1,1,0,synthetic,near_null_effect
SYN-009782,control,1,1,0,synthetic,near_null_effect
SYN-009783,control,1,1,0,synthetic,near_null_effect
SYN-009784,control,1,1,0,synthetic,near_null_effect
SYN-009785,control,1,1,1,synthetic,near_null_effect
SYN-009786,treatment,1,1,0,synthetic,near_null_effect
SYN-009787,treatment,1,1,0,synthetic,near_null_effect
SYN-009788,control,1,1,0,synthetic,near_null_effect
SYN-009789,treatment,1,1,0,synthetic,near_null_effect
SYN-009790,treatment,1,1,0,synthetic,near_null_effect
SYN-009791,control,1,1,0,synthetic,near_null_effect
SYN-009792,control,1,1,0,synthetic,near_null_effect
SYN-009793,control,1,1,0,synthetic,near_null_effect
SYN-009794,treatment,1,1,0,synthetic,near_null_effect
SYN-009795,control,1,1,0,synthetic,near_null_effect
SYN-009796,control,1,1,0,synthetic,near_null_effect
SYN-009797,treatment,1,1,0,synthetic,near_null_effect
SYN-009798,treatment,1,1,0,synthetic,near_null_effect
SYN-009799,control,1,1,1,synthetic,near_null_effect
SYN-009800,control,1,1,0,synthetic,near_null_effect
SYN-009801,control,1,1,0,synthetic,near_null_effect
SYN-009802,control,1,1,0,synthetic,near_null_effect
SYN-009803,control,1,1,0,synthetic,near_null_effect
SYN-009804,treatment,1,1,0,synthetic,near_null_effect
SYN-009805,control,1,1,0,synthetic,near_null_effect
SYN-009806,control,1,1,0,synthetic,near_null_effect
SYN-009807,treatment,1,1,0,synthetic,near_null_effect
SYN-009808,treatment,1,1,0,synthetic,near_null_effect
SYN-009809,control,1,1,0,synthetic,near_null_effect
SYN-009810,treatment,1,1,0,synthetic,near_null_effect
SYN-009811,treatment,1,1,0,synthetic,near_null_effect
SYN-009812,control,1,1,0,synthetic,near_null_effect
SYN-009813,control,1,1,0,synthetic,near_null_effect
SYN-009814,treatment,1,1,0,synthetic,near_null_effect
SYN-009815,control,1,1,1,synthetic,near_null_effect
SYN-009816,treatment,1,1,0,synthetic,near_null_effect
SYN-009817,treatment,1,1,0,synthetic,near_null_effect
SYN-009818,treatment,1,1,0,synthetic,near_null_effect
SYN-009819,control,1,1,0,synthetic,near_null_effect
SYN-009820,control,1,1,0,synthetic,near_null_effect
SYN-009821,treatment,1,1,1,synthetic,near_null_effect
SYN-009822,control,1,1,0,synthetic,near_null_effect
SYN-009823,treatment,1,1,0,synthetic,near_null_effect
SYN-009824,control,1,1,0,synthetic,near_null_effect
SYN-009825,treatment,1,1,0,synthetic,near_null_effect
SYN-009826,control,1,1,0,synthetic,near_null_effect
SYN-009827,treatment,1,1,0,synthetic,near_null_effect
SYN-009828,control,1,1,0,synthetic,near_null_effect
SYN-009829,treatment,1,1,1,synthetic,near_null_effect
SYN-009830,control,1,1,0,synthetic,near_null_effect
SYN-009831,control,1,1,0,synthetic,near_null_effect
SYN-009832,control,1,1,1,synthetic,near_null_effect
SYN-009833,treatment,1,1,1,synthetic,near_null_effect
SYN-009834,control,1,1,0,synthetic,near_null_effect
SYN-009835,treatment,1,1,0,synthetic,near_null_effect
SYN-009836,treatment,1,1,1,synthetic,near_null_effect
SYN-009837,treatment,1,1,0,synthetic,near_null_effect
SYN-009838,treatment,1,1,0,synthetic,near_null_effect
SYN-009839,control,1,1,0,synthetic,near_null_effect
SYN-009840,treatment,1,1,0,synthetic,near_null_effect
SYN-009841,treatment,1,1,0,synthetic,near_null_effect
SYN-009842,treatment,1,1,0,synthetic,near_null_effect
SYN-009843,control,1,1,0,synthetic,near_null_effect
SYN-009844,control,1,1,0,synthetic,near_null_effect
SYN-009845,treatment,1,1,0,synthetic,near_null_effect
SYN-009846,treatment,1,1,0,synthetic,near_null_effect
SYN-009847,treatment,1,1,0,synthetic,near_null_effect
SYN-009848,control,1,1,0,synthetic,near_null_effect
SYN-009849,control,1,1,0,synthetic,near_null_effect
SYN-009850,control,1,1,0,synthetic,near_null_effect
SYN-009851,control,1,1,0,synthetic,near_null_effect
SYN-009852,treatment,1,1,0,synthetic,near_null_effect
SYN-009853,treatment,1,1,0,synthetic,near_null_effect
SYN-009854,treatment,1,1,0,synthetic,near_null_effect
SYN-009855,treatment,1,1,0,synthetic,near_null_effect
SYN-009856,control,1,1,0,synthetic,near_null_effect
SYN-009857,control,1,1,0,synthetic,near_null_effect
SYN-009858,treatment,1,1,0,synthetic,near_null_effect
SYN-009859,control,1,1,0,synthetic,near_null_effect
SYN-009860,control,1,1,0,synthetic,near_null_effect
SYN-009861,control,1,1,1,synthetic,near_null_effect
SYN-009862,treatment,1,1,0,synthetic,near_null_effect
SYN-009863,treatment,1,1,0,synthetic,near_null_effect
SYN-009864,treatment,1,1,0,synthetic,near_null_effect
SYN-009865,treatment,1,1,0,synthetic,near_null_effect
SYN-009866,control,1,1,0,synthetic,near_null_effect
SYN-009867,control,1,1,0,synthetic,near_null_effect
SYN-009868,treatment,1,1,0,synthetic,near_null_effect
SYN-009869,treatment,1,1,0,synthetic,near_null_effect
SYN-009870,treatment,1,1,0,synthetic,near_null_effect
SYN-009871,treatment,1,1,1,synthetic,near_null_effect
SYN-009872,treatment,1,1,0,synthetic,near_null_effect
SYN-009873,control,1,1,0,synthetic,near_null_effect
SYN-009874,control,1,1,0,synthetic,near_null_effect
SYN-009875,control,1,1,0,synthetic,near_null_effect
SYN-009876,control,1,1,0,synthetic,near_null_effect
SYN-009877,treatment,1,1,0,synthetic,near_null_effect
SYN-009878,treatment,1,1,0,synthetic,near_null_effect
SYN-009879,control,1,1,0,synthetic,near_null_effect
SYN-009880,treatment,1,1,0,synthetic,near_null_effect
SYN-009881,control,1,1,0,synthetic,near_null_effect
SYN-009882,control,1,1,0,synthetic,near_null_effect
SYN-009883,control,1,1,0,synthetic,near_null_effect
SYN-009884,control,1,1,1,synthetic,near_null_effect
SYN-009885,treatment,1,1,1,synthetic,near_null_effect
SYN-009886,control,1,1,0,synthetic,near_null_effect
SYN-009887,treatment,1,1,0,synthetic,near_null_effect
SYN-009888,control,1,1,0,synthetic,near_null_effect
SYN-009889,control,1,1,0,synthetic,near_null_effect
SYN-009890,control,1,1,0,synthetic,near_null_effect
SYN-009891,treatment,1,1,0,synthetic,near_null_effect
SYN-009892,control,1,1,0,synthetic,near_null_effect
SYN-009893,treatment,1,1,0,synthetic,near_null_effect
SYN-009894,treatment,1,1,0,synthetic,near_null_effect
SYN-009895,treatment,1,1,1,synthetic,near_null_effect
SYN-009896,control,1,1,0,synthetic,near_null_effect
SYN-009897,treatment,1,1,0,synthetic,near_null_effect
SYN-009898,control,1,1,0,synthetic,near_null_effect
SYN-009899,control,1,1,0,synthetic,near_null_effect
SYN-009900,control,1,1,0,synthetic,near_null_effect
SYN-009901,treatment,1,1,0,synthetic,near_null_effect
SYN-009902,treatment,1,1,0,synthetic,near_null_effect
SYN-009903,control,1,1,0,synthetic,near_null_effect
SYN-009904,control,1,1,0,synthetic,near_null_effect
SYN-009905,control,1,1,0,synthetic,near_null_effect
SYN-009906,control,1,1,1,synthetic,near_null_effect
SYN-009907,control,1,1,0,synthetic,near_null_effect
SYN-009908,control,1,1,1,synthetic,near_null_effect
SYN-009909,control,1,1,0,synthetic,near_null_effect
SYN-009910,control,1,1,0,synthetic,near_null_effect
SYN-009911,control,1,1,0,synthetic,near_null_effect
SYN-009912,control,1,1,0,synthetic,near_null_effect
SYN-009913,treatment,1,1,1,synthetic,near_null_effect
SYN-009914,treatment,1,1,0,synthetic,near_null_effect
SYN-009915,treatment,1,1,0,synthetic,near_null_effect
SYN-009916,control,1,1,0,synthetic,near_null_effect
SYN-009917,control,1,1,0,synthetic,near_null_effect
SYN-009918,treatment,1,1,0,synthetic,near_null_effect
SYN-009919,control,1,1,0,synthetic,near_null_effect
SYN-009920,control,1,1,1,synthetic,near_null_effect
SYN-009921,control,1,1,0,synthetic,near_null_effect
SYN-009922,control,1,1,0,synthetic,near_null_effect
SYN-009923,treatment,1,1,0,synthetic,near_null_effect
SYN-009924,control,1,1,0,synthetic,near_null_effect
SYN-009925,treatment,1,1,0,synthetic,near_null_effect
SYN-009926,control,1,1,0,synthetic,near_null_effect
SYN-009927,control,1,1,0,synthetic,near_null_effect
SYN-009928,control,1,1,0,synthetic,near_null_effect
SYN-009929,treatment,1,1,0,synthetic,near_null_effect
SYN-009930,control,1,1,0,synthetic,near_null_effect
SYN-009931,control,1,1,0,synthetic,near_null_effect
SYN-009932,control,1,1,1,synthetic,near_null_effect
SYN-009933,treatment,1,1,0,synthetic,near_null_effect
SYN-009934,treatment,1,1,0,synthetic,near_null_effect
SYN-009935,control,1,1,0,synthetic,near_null_effect
SYN-009936,control,1,1,0,synthetic,near_null_effect
SYN-009937,control,1,1,0,synthetic,near_null_effect
SYN-009938,control,1,1,0,synthetic,near_null_effect
SYN-009939,treatment,1,1,0,synthetic,near_null_effect
SYN-009940,control,1,1,0,synthetic,near_null_effect
SYN-009941,treatment,1,1,0,synthetic,near_null_effect
SYN-009942,control,1,1,0,synthetic,near_null_effect
SYN-009943,treatment,1,1,0,synthetic,near_null_effect
SYN-009944,control,1,1,0,synthetic,near_null_effect
SYN-009945,control,1,1,0,synthetic,near_null_effect
SYN-009946,control,1,1,0,synthetic,near_null_effect
SYN-009947,treatment,1,1,1,synthetic,near_null_effect
SYN-009948,treatment,1,1,0,synthetic,near_null_effect
SYN-009949,treatment,1,1,0,synthetic,near_null_effect
SYN-009950,treatment,1,1,0,synthetic,near_null_effect
SYN-009951,treatment,1,1,0,synthetic,near_null_effect
SYN-009952,control,1,1,0,synthetic,near_null_effect
SYN-009953,treatment,1,1,0,synthetic,near_null_effect
SYN-009954,treatment,1,1,0,synthetic,near_null_effect
SYN-009955,control,1,1,0,synthetic,near_null_effect
SYN-009956,treatment,1,1,0,synthetic,near_null_effect
SYN-009957,treatment,1,1,0,synthetic,near_null_effect
SYN-009958,treatment,1,1,0,synthetic,near_null_effect
SYN-009959,treatment,1,1,0,synthetic,near_null_effect
SYN-009960,treatment,1,1,0,synthetic,near_null_effect
SYN-009961,control,1,1,0,synthetic,near_null_effect
SYN-009962,control,1,1,0,synthetic,near_null_effect
SYN-009963,treatment,1,1,0,synthetic,near_null_effect
SYN-009964,treatment,1,1,0,synthetic,near_null_effect
SYN-009965,treatment,1,1,0,synthetic,near_null_effect
SYN-009966,control,1,1,0,synthetic,near_null_effect
SYN-009967,treatment,1,1,1,synthetic,near_null_effect
SYN-009968,treatment,1,1,0,synthetic,near_null_effect
SYN-009969,treatment,1,1,1,synthetic,near_null_effect
SYN-009970,treatment,1,1,0,synthetic,near_null_effect
SYN-009971,treatment,1,1,0,synthetic,near_null_effect
SYN-009972,control,1,1,0,synthetic,near_null_effect
SYN-009973,control,1,1,0,synthetic,near_null_effect
SYN-009974,treatment,1,1,0,synthetic,near_null_effect
SYN-009975,control,1,1,0,synthetic,near_null_effect
SYN-009976,treatment,1,1,0,synthetic,near_null_effect
SYN-009977,control,1,1,0,synthetic,near_null_effect
SYN-009978,control,1,1,0,synthetic,near_null_effect
SYN-009979,treatment,1,1,0,synthetic,near_null_effect
SYN-009980,control,1,1,1,synthetic,near_null_effect
SYN-009981,treatment,1,1,0,synthetic,near_null_effect
SYN-009982,treatment,1,1,0,synthetic,near_null_effect
SYN-009983,treatment,1,1,0,synthetic,near_null_effect
SYN-009984,control,1,1,0,synthetic,near_null_effect
SYN-009985,control,1,1,0,synthetic,near_null_effect
SYN-009986,control,1,1,0,synthetic,near_null_effect
SYN-009987,treatment,1,1,0,synthetic,near_null_effect
SYN-009988,control,1,1,0,synthetic,near_null_effect
SYN-009989,control,1,1,0,synthetic,near_null_effect
SYN-009990,control,1,1,0,synthetic,near_null_effect
SYN-009991,treatment,1,1,0,synthetic,near_null_effect
SYN-009992,control,1,1,1,synthetic,near_null_effect
SYN-009993,control,1,1,0,synthetic,near_null_effect
SYN-009994,treatment,1,1,1,synthetic,near_null_effect
SYN-009995,control,1,1,0,synthetic,near_null_effect
SYN-009996,control,1,1,1,synthetic,near_null_effect
SYN-009997,treatment,1,1,0,synthetic,near_null_effect
SYN-009998,control,1,1,0,synthetic,near_null_effect
SYN-009999,control,1,1,0,synthetic,near_null_effect
SYN-010000,treatment,1,1,0,synthetic,near_null_effect
